0 0
0 2406
0 3178
0 3774
0 8
0 294
0 338
0 387
0 557
0 773
1 1
1 1833
1 1315
1 2953
1 514
1 1924
1 1944
1 1956
1 2560
1 2961
2 2
2 3100
2 1047
2 1626
2 3922
2 157
2 618
2 989
2 1211
2 2180
3 3
3 3768
3 3892
3 2679
3 343
3 2252
3 3620
3 1211
3 1325
3 1831
4 4
4 3624
4 1892
4 989
4 2221
4 2496
4 2958
4 3119
4 3543
4 378
5 5
5 3089
5 1255
5 188
5 2308
5 2845
5 1179
5 8
5 41
5 111
6 6
6 1908
6 2412
6 3725
6 3980
6 3783
6 150
6 2953
6 389
6 3542
7 7
7 2483
7 8
7 294
7 338
7 387
7 557
7 773
7 920
7 1180
8 8
8 294
8 338
8 387
8 557
8 773
8 920
8 1180
8 1278
8 1366
9 9
9 650
9 991
9 1688
9 8
9 294
9 338
9 387
9 557
9 755
10 10
10 8
10 294
10 338
10 387
10 557
10 638
10 773
10 920
10 1180
11 11
11 975
11 609
11 2074
11 689
11 939
11 2404
11 2826
11 929
11 1287
12 12
12 490
12 1456
12 2845
12 8
12 294
12 338
12 387
12 557
12 707
13 13
13 3556
13 3543
13 378
13 758
13 875
13 1035
13 1299
13 1524
13 1723
14 14
14 1727
14 538
14 3836
14 3674
14 609
14 2363
14 3139
14 3040
14 1135
15 15
15 1777
15 3113
15 41
15 144
15 1289
15 1392
15 1478
15 2005
15 2789
16 16
16 3224
16 236
16 2252
16 3719
16 414
16 1211
16 1325
16 2180
16 2305
17 17
17 1524
17 900
17 1115
17 2073
17 3094
17 3543
17 296
17 378
17 384
18 18
18 312
18 1165
18 2139
18 2612
18 2887
18 3753
18 8
18 294
18 338
19 19
19 3056
19 169
19 291
19 536
19 650
19 918
19 991
19 1395
19 2386
20 20
20 3419
20 28
20 391
20 1509
20 96
20 542
20 1567
20 1730
20 1757
21 21
21 3405
21 2025
21 2534
21 263
21 1967
21 2248
21 1479
21 2767
21 345
22 22
22 538
22 801
22 1289
22 1392
22 1478
22 1496
22 2454
22 3320
22 3747
23 23
23 2422
23 744
23 2188
23 2265
23 1077
23 3354
23 3488
23 1353
23 1404
24 24
24 2354
24 1482
24 2601
24 4017
24 635
24 1030
24 1353
24 1404
24 1461
25 25
25 3354
25 33
25 312
25 1456
25 2355
25 2612
25 2779
25 3178
25 3303
26 26
26 989
26 2221
26 2492
26 3178
26 2496
26 2958
26 8
26 149
26 294
27 27
27 3577
27 632
27 1126
27 1460
27 3958
27 159
27 1027
27 1353
27 1404
28 28
28 2916
28 3110
28 1886
28 3119
28 1303
28 750
28 20
28 1990
28 3258
29 29
29 166
29 1984
29 3916
29 296
29 2882
29 3558
29 179
29 650
29 991
30 30
30 1819
30 2652
30 459
30 533
30 179
30 3649
30 2767
30 3920
30 62
31 31
31 2825
31 8
31 294
31 338
31 387
31 557
31 773
31 920
31 1180
32 32
32 875
32 1299
32 1688
32 2074
32 2190
32 2355
32 8
32 134
32 179
33 33
33 650
33 991
33 8
33 186
33 294
33 338
33 387
33 557
33 773
34 34
34 312
34 1353
34 1404
34 2612
34 8
34 294
34 338
34 387
34 551
35 35
35 1877
35 2960
35 3131
35 3226
35 989
35 2221
35 3303
35 3880
35 2496
36 36
36 588
36 4005
36 1107
36 3410
36 1711
36 1270
36 1095
36 3593
36 816
37 37
37 1610
37 3614
37 801
37 3747
37 650
37 991
37 1496
37 2454
37 2893
38 38
38 115
38 567
38 1208
38 1470
38 509
38 2616
38 3092
38 1766
38 2228
39 39
39 2056
39 1522
39 1153
39 1646
39 2590
39 4030
39 173
39 422
39 1234
40 40
40 1854
40 593
40 537
40 828
40 2170
40 575
40 3541
40 3931
40 8
41 41
41 2005
41 8
41 294
41 338
41 387
41 557
41 773
41 920
41 1180
42 42
42 3632
42 875
42 989
42 1289
42 1299
42 1392
42 1478
42 2190
42 2221
43 43
43 2483
43 7
43 8
43 294
43 338
43 387
43 557
43 773
43 920
44 44
44 1556
44 347
44 1964
44 248
44 296
44 1786
44 2601
44 3141
44 3626
45 45
45 3154
45 126
45 586
45 875
45 1017
45 1299
45 2156
45 2190
45 2272
46 46
46 188
46 1035
46 3258
46 8
46 294
46 338
46 387
46 557
46 771
47 47
47 216
47 700
47 1118
47 1810
47 2152
47 2326
47 3898
47 649
47 704
48 48
48 2914
48 2991
48 2210
48 3569
48 3893
48 1567
48 8
48 294
48 338
49 49
49 179
49 62
49 296
49 397
49 533
49 813
49 875
49 959
49 1299
50 50
50 3085
50 8
50 294
50 338
50 387
50 557
50 773
50 920
50 1180
51 51
51 312
51 875
51 1299
51 2190
51 2612
51 2742
51 2808
51 8
51 134
52 52
52 1701
52 2834
52 3185
52 2302
52 2888
52 2347
52 3431
52 1136
52 1316
53 53
53 1374
53 2140
53 3258
53 8
53 294
53 338
53 387
53 557
53 773
54 54
54 696
54 3849
54 3204
54 2561
54 3541
54 593
54 1542
54 2393
54 2601
55 55
55 208
55 1460
55 2914
55 2991
55 3753
55 1179
55 1519
55 2440
55 3850
56 56
56 3218
56 1625
56 3399
56 275
56 1163
56 3462
56 658
56 3351
56 464
57 57
57 3304
57 179
57 2451
57 2655
57 3805
57 62
57 296
57 397
57 527
58 58
58 2240
58 3531
58 299
58 3813
58 2402
58 1415
58 2253
58 3906
58 3711
59 59
59 1915
59 142
59 686
59 432
59 468
59 8
59 294
59 338
59 387
60 60
60 2914
60 2991
60 8
60 188
60 294
60 338
60 387
60 422
60 557
61 61
61 401
61 3135
61 1321
61 1353
61 1404
61 1831
61 2189
61 2483
61 366
62 62
62 179
62 296
62 397
62 533
62 813
62 875
62 1299
62 2190
62 2248
63 63
63 2560
63 3683
63 8
63 240
63 294
63 338
63 343
63 387
63 557
64 64
64 3122
64 41
64 325
64 370
64 527
64 650
64 991
64 1093
64 1128
65 65
65 1786
65 875
65 1299
65 1353
65 1404
65 2190
65 8
65 134
65 179
66 66
66 631
66 310
66 370
66 64
66 211
66 635
66 2154
66 3057
66 3122
67 67
67 580
67 2391
67 2914
67 2991
67 8
67 294
67 338
67 387
67 557
68 68
68 3020
68 3650
68 2282
68 2766
68 2173
68 3923
68 3460
68 2175
68 220
69 69
69 1490
69 930
69 711
69 3916
69 179
69 519
69 1060
69 3919
69 609
70 70
70 2601
70 157
70 2643
70 1179
70 8
70 294
70 338
70 387
70 557
71 71
71 2115
71 2222
71 2275
71 4001
71 3680
71 3494
71 1926
71 3970
71 730
72 72
72 2469
72 368
72 1721
72 3655
72 588
72 4005
72 3410
72 1107
72 36
73 73
73 3289
73 156
73 3556
73 3119
73 3543
73 378
73 758
73 1775
73 2721
74 74
74 2168
74 185
74 960
74 2396
74 2636
74 2796
74 95
74 800
74 2204
75 75
75 3476
75 3178
75 8
75 230
75 294
75 338
75 387
75 526
75 557
76 76
76 319
76 2959
76 483
76 851
76 875
76 1299
76 1393
76 1723
76 2190
77 77
77 2431
77 2091
77 1017
77 2272
77 2858
77 1179
77 1808
77 3206
77 7
78 78
78 650
78 875
78 991
78 1299
78 2190
78 3085
78 8
78 50
78 134
79 79
79 3263
79 2730
79 1793
79 756
79 3489
79 595
79 1350
79 2246
79 949
80 80
80 8
80 294
80 338
80 387
80 557
80 773
80 920
80 1180
80 1278
81 81
81 3178
81 8
81 294
81 338
81 387
81 557
81 592
81 773
81 822
82 82
82 8
82 294
82 338
82 387
82 557
82 773
82 920
82 1180
82 1278
83 83
83 3545
83 1723
83 2472
83 893
83 3322
83 8
83 294
83 338
83 387
84 84
84 2639
84 1928
84 1468
84 2188
84 402
84 1084
84 1889
84 8
84 276
85 85
85 3664
85 2960
85 3131
85 3226
85 2496
85 2958
85 650
85 989
85 991
86 86
86 1190
86 8
86 134
86 175
86 294
86 338
86 387
86 557
86 592
87 87
87 3250
87 1323
87 2732
87 3
87 3768
87 3892
87 989
87 1688
87 2221
88 88
88 361
88 3219
88 2925
88 3497
88 4033
88 444
88 868
88 573
88 375
89 89
89 516
89 702
89 104
89 365
89 2210
89 3040
89 3119
89 378
89 875
90 90
90 2699
90 2099
90 109
90 1272
90 2241
90 3056
90 3898
90 1460
90 2152
91 91
91 2041
91 93
91 444
91 2575
91 2449
91 3878
91 361
91 2796
91 2925
92 92
92 650
92 991
92 1179
92 8
92 294
92 338
92 387
92 557
92 773
93 93
93 2449
93 444
93 2575
93 91
93 2041
93 361
93 3878
93 2796
93 961
94 94
94 3282
94 3710
94 343
94 1488
94 1831
94 3413
94 8
94 294
94 338
95 95
95 2027
95 378
95 2721
95 3119
95 3178
95 3612
95 8
95 294
95 335
96 96
96 3419
96 391
96 3045
96 1567
96 3117
96 3661
96 2132
96 3295
96 2462
97 97
97 2
97 3100
97 3190
97 1047
97 2172
97 3094
97 175
97 689
97 762
98 98
98 867
98 1162
98 1905
98 2132
98 3117
98 391
98 1993
98 1728
98 1426
99 99
99 2092
99 2152
99 704
99 729
99 2252
99 3077
99 3122
99 851
99 2731
100 100
100 3869
100 339
100 1902
100 109
100 2898
100 104
100 1256
100 1460
100 2601
101 101
101 3920
101 170
101 761
101 875
101 1299
101 1321
101 2190
101 2326
101 3178
102 102
102 144
102 3444
102 3541
102 3931
102 1136
102 1316
102 1700
102 2556
102 3398
103 103
103 2505
103 2604
103 3349
103 2560
103 3683
103 2252
103 343
103 875
103 1299
104 104
104 875
104 1299
104 2190
104 2914
104 2991
104 3944
104 1179
104 1519
104 2440
105 105
105 1027
105 1017
105 1496
105 2272
105 2454
105 2858
105 2893
105 3178
105 3320
106 106
106 2587
106 538
106 788
106 1025
106 2779
106 3753
106 1179
106 8
106 294
107 107
107 2020
107 1834
107 2052
107 2960
107 3226
107 3131
107 989
107 2221
107 3303
108 108
108 2323
108 2459
108 308
108 92
108 1769
108 2016
108 2601
108 2943
108 10
109 109
109 208
109 1496
109 2454
109 2914
109 2991
109 3320
109 1179
109 1519
109 2440
110 110
110 1605
110 1188
110 1437
110 1777
110 144
110 501
110 1215
110 1289
110 1392
111 111
111 2537
111 875
111 1215
111 1299
111 2190
111 2292
111 2825
111 2846
111 2912
112 112
112 1017
112 2272
112 2683
112 2858
112 1179
112 8
112 186
112 294
112 338
113 113
113 635
113 1353
113 1404
113 2483
113 7
113 8
113 186
113 294
113 338
114 114
114 3920
114 170
114 761
114 875
114 1017
114 1299
114 2190
114 2272
114 2858
115 115
115 38
115 567
115 1208
115 3970
115 1470
115 3317
115 370
115 983
115 1752
116 116
116 3800
116 3934
116 3056
116 650
116 991
116 1307
116 2483
116 7
116 8
117 117
117 1723
117 8
117 294
117 338
117 387
117 557
117 773
117 920
117 1180
118 118
118 3530
118 62
118 384
118 813
118 875
118 1122
118 1292
118 1299
118 2189
119 119
119 3939
119 1003
119 345
119 2154
119 230
119 517
119 1479
119 179
119 248
120 120
120 1213
120 381
120 1372
120 2024
120 2496
120 2540
120 2958
120 3047
120 3450
121 121
121 1281
121 3543
121 378
121 1024
121 2721
121 3556
121 3612
121 8
121 186
122 122
122 1982
122 1145
122 1456
122 1723
122 1831
122 2204
122 2483
122 3258
122 3521
123 123
123 2328
123 3900
123 3416
123 179
123 455
123 1786
123 813
123 62
123 296
124 124
124 772
124 8
124 294
124 338
124 387
124 557
124 755
124 773
124 920
125 125
125 527
125 3965
125 8
125 294
125 338
125 387
125 557
125 720
125 773
126 126
126 3626
126 586
126 875
126 1299
126 1634
126 2190
126 8
126 134
126 179
127 127
127 1767
127 1980
127 2252
127 2295
127 2883
127 732
127 2560
127 3202
127 3292
128 128
128 3049
128 1289
128 1392
128 1456
128 1478
128 2406
128 3584
128 3671
128 1024
129 129
129 3018
129 3131
129 2496
129 2958
129 618
129 989
129 2221
129 2821
129 3258
130 130
130 1211
130 2180
130 3069
130 3085
130 3134
130 3303
130 8
130 294
130 338
131 131
131 1022
131 1537
131 2252
131 1211
131 1321
131 1325
131 2152
131 2180
131 2305
132 132
132 2252
132 1211
132 1325
132 1496
132 2180
132 2305
132 2454
132 2475
132 2860
133 133
133 1568
133 2601
133 92
133 157
133 650
133 991
133 1393
133 1723
133 2406
134 134
134 875
134 1299
134 2190
134 8
134 179
134 294
134 338
134 387
134 557
135 135
135 1031
135 2232
135 138
135 3748
135 992
135 3848
135 3318
135 490
135 707
136 136
136 3701
136 3302
136 2847
136 808
136 1237
136 3562
136 1266
136 1877
136 3210
137 137
137 421
137 3103
137 1831
137 2914
137 2991
137 2829
137 3258
137 3893
137 1035
138 138
138 3748
138 3848
138 1276
138 2232
138 135
138 1031
138 966
138 3121
138 1290
139 139
139 2355
139 8
139 186
139 294
139 338
139 366
139 387
139 557
139 686
140 140
140 3077
140 2893
140 2035
140 638
140 2191
140 2934
140 3825
140 650
140 801
141 141
141 854
141 575
141 3649
141 593
141 1776
141 1835
141 2073
141 2726
141 2159
142 142
142 1915
142 59
142 8
142 294
142 338
142 387
142 432
142 557
142 686
143 143
143 3925
143 3872
143 1353
143 1404
143 2271
143 2683
143 3689
143 3966
143 8
144 144
144 733
144 995
144 2810
144 3444
144 8
144 290
144 294
144 338
144 387
145 145
145 3070
145 179
145 3920
145 296
145 533
145 609
145 62
145 397
145 813
146 146
146 2163
146 967
146 2177
146 1167
146 3872
146 692
146 3774
146 3925
146 81
147 147
147 2554
147 162
147 836
147 1519
147 2440
147 3850
147 2152
147 2205
147 1611
148 148
148 1382
148 443
148 1703
148 2071
148 3688
148 849
148 3854
148 1587
148 597
149 149
149 989
149 1292
149 2221
149 3641
149 2496
149 2958
149 8
149 294
149 338
150 150
150 650
150 991
150 3122
150 8
150 294
150 338
150 370
150 387
150 557
151 151
151 1441
151 2293
151 4020
151 2876
151 3354
151 520
151 720
151 1027
151 1391
152 152
152 1414
152 1620
152 2737
152 1508
152 179
152 822
152 2497
152 2948
152 3558
153 153
153 1617
153 1938
153 1197
153 1289
153 1392
153 1478
153 2707
153 989
153 1195
154 154
154 1456
154 8
154 294
154 338
154 387
154 557
154 773
154 920
154 1097
155 155
155 3029
155 586
155 2825
155 3455
155 8
155 294
155 338
155 387
155 557
156 156
156 3543
156 286
156 378
156 2721
156 3556
156 3612
156 8
156 188
156 294
157 157
157 3318
157 1179
157 8
157 188
157 294
157 338
157 387
157 557
157 771
158 158
158 585
158 492
158 1522
158 1153
158 3295
158 1604
158 2462
158 3094
158 3274
159 159
159 989
159 1353
159 1404
159 2221
159 2406
159 2496
159 2958
159 8
159 186
160 160
160 954
160 3479
160 1179
160 8
160 65
160 92
160 104
160 186
160 294
161 161
161 2537
161 111
161 875
161 1299
161 2190
161 2292
161 2846
161 3258
161 8
162 162
162 836
162 2205
162 147
162 2560
162 3683
162 1519
162 2440
162 3850
162 319
163 163
163 1732
163 1071
163 3893
163 609
163 3119
163 875
163 1299
163 2190
163 3258
164 164
164 3329
164 3799
164 179
164 822
164 2557
164 3443
164 3920
164 2248
164 3388
165 165
165 795
165 624
165 901
165 1946
165 2230
165 2912
165 3211
165 296
165 609
166 166
166 29
166 1984
166 296
166 1786
166 2791
166 2882
166 3916
166 92
166 179
167 167
167 2700
167 2406
167 520
167 1713
167 8
167 294
167 338
167 387
167 468
168 168
168 3074
168 1489
168 3152
168 3246
168 4045
168 875
168 1299
168 2190
168 2406
169 169
169 2658
169 650
169 991
169 8
169 186
169 294
169 338
169 387
169 557
170 170
170 761
170 875
170 1211
170 1299
170 2180
170 2190
170 3134
170 8
170 134
171 171
171 3830
171 593
171 2437
171 2670
171 3077
171 575
171 650
171 991
171 1211
172 172
172 1355
172 3561
172 671
172 650
172 991
172 1688
172 3096
172 568
172 686
173 173
173 2482
173 2846
173 8
173 294
173 338
173 378
173 387
173 557
173 629
174 174
174 2471
174 169
174 915
174 650
174 718
174 991
174 8
174 186
174 202
175 175
175 1190
175 1393
175 1889
175 1179
175 8
175 134
175 248
175 294
175 338
176 176
176 3366
176 3175
176 436
176 2862
176 2077
176 2950
176 2071
176 3140
176 2447
177 177
177 3470
177 634
177 2795
177 1829
177 2173
177 2282
177 3576
177 3460
177 334
178 178
178 2975
178 2560
178 3683
178 8
178 294
178 338
178 343
178 387
178 557
179 179
179 62
179 296
179 397
179 533
179 813
179 875
179 1299
179 2190
179 2248
180 180
180 1297
180 686
180 3056
180 3975
180 169
180 650
180 991
180 2191
180 3325
181 181
181 3790
181 1152
181 1499
181 243
181 213
181 1215
181 1604
181 3675
181 111
182 182
182 2728
182 1353
182 1404
182 2306
182 3774
182 3925
182 3966
182 8
182 197
183 183
183 1688
183 3552
183 8
183 294
183 338
183 387
183 557
183 707
183 773
184 184
184 1590
184 2182
184 296
184 2074
184 1627
184 92
184 130
184 175
184 179
185 185
185 2168
185 74
185 960
185 2799
185 2396
185 2636
185 1081
185 2796
185 3661
186 186
186 8
186 294
186 338
186 387
186 557
186 773
186 920
186 1097
186 1180
187 187
187 2265
187 549
187 794
187 865
187 744
187 23
187 593
187 2316
187 3964
188 188
188 8
188 294
188 338
188 387
188 557
188 771
188 773
188 920
188 1180
189 189
189 2128
189 1074
189 733
189 995
189 2810
189 8
189 290
189 294
189 338
190 190
190 2340
190 2293
190 1292
190 1437
190 1496
190 1889
190 2406
190 2453
190 2454
191 191
191 1456
191 1831
191 8
191 186
191 294
191 338
191 343
191 387
191 557
192 192
192 320
192 1293
192 1761
192 1956
192 2961
192 414
192 1899
192 343
192 319
193 193
193 2380
193 2355
193 1496
193 1729
193 2454
193 2483
193 2845
193 3320
193 8
194 194
194 3516
194 1303
194 2966
194 3403
194 378
194 1321
194 1841
194 2721
194 2825
195 195
195 2319
195 1339
195 62
195 296
195 533
195 2767
195 130
195 175
195 179
196 196
196 2601
196 869
196 914
196 2483
196 2887
196 3050
196 3258
196 3413
196 3495
197 197
197 8
197 294
197 338
197 387
197 557
197 773
197 920
197 1180
197 1278
198 198
198 650
198 991
198 1353
198 1357
198 1404
198 1713
198 2306
198 2406
198 3111
199 199
199 1761
199 2560
199 3683
199 1128
199 1767
199 2252
199 2295
199 3122
199 1179
200 200
200 2432
200 1228
200 688
200 652
200 2037
200 454
200 2917
200 1636
200 927
201 201
201 3539
201 1131
201 2579
201 1764
201 807
201 3601
201 1023
201 3164
201 2176
202 202
202 718
202 1289
202 1392
202 1478
202 1810
202 2769
202 8
202 186
202 294
203 203
203 704
203 3122
203 169
203 370
203 536
203 650
203 801
203 991
203 1128
204 204
204 179
204 62
204 281
204 296
204 397
204 533
204 650
204 813
204 875
205 205
205 3950
205 2013
205 422
205 1006
205 1281
205 1769
205 1777
205 2601
205 2914
206 206
206 3327
206 2494
206 4003
206 2802
206 2022
206 3583
206 2770
206 3387
206 3344
207 207
207 2550
207 2601
207 3058
207 67
207 580
207 788
207 959
207 1030
207 1114
208 208
208 109
208 987
208 1496
208 2352
208 2454
208 2914
208 2991
208 3320
208 1179
209 209
209 3601
209 2322
209 947
209 543
209 495
209 3543
209 2870
209 2074
209 1667
210 210
210 962
210 879
210 639
210 2103
210 3615
210 2816
210 874
210 1670
210 1939
211 211
211 3990
211 144
211 312
211 370
211 650
211 991
211 1353
211 1404
211 1661
212 212
212 2832
212 1128
212 707
212 1649
212 1917
212 1136
212 1316
212 1700
212 2556
213 213
213 2360
213 1499
213 3790
213 1152
213 1522
213 1982
213 2462
213 2485
213 3295
214 214
214 1106
214 92
214 515
214 650
214 875
214 991
214 1299
214 2190
214 902
215 215
215 1055
215 3119
215 130
215 703
215 914
215 1303
215 3085
215 3258
215 3303
216 216
216 47
216 2767
216 700
216 740
216 2089
216 2978
216 3835
216 179
216 804
217 217
217 2284
217 1179
217 1519
217 2440
217 3850
217 8
217 294
217 338
217 387
218 218
218 3537
218 157
218 2496
218 2958
218 635
218 662
218 989
218 2221
218 2780
219 219
219 485
219 3295
219 714
219 2462
219 335
219 1982
219 2485
219 1522
219 2210
220 220
220 3923
220 2175
220 2282
220 2457
220 1161
220 3020
220 68
220 1174
220 3542
221 221
221 2931
221 2706
221 989
221 2221
221 2496
221 2958
221 2780
221 8
221 294
222 222
222 1714
222 284
222 692
222 2537
222 2772
222 111
222 126
222 378
222 533
223 223
223 3077
223 650
223 991
223 1211
223 2180
223 2189
223 3134
223 8
223 294
224 224
224 2373
224 1599
224 2397
224 1521
224 1347
224 1869
224 2358
224 414
224 1693
225 225
225 3676
225 2654
225 1171
225 732
225 3202
225 3292
225 3868
225 729
225 2252
226 226
226 3128
226 2235
226 2124
226 2152
226 2785
226 1824
226 729
226 4025
226 3719
227 227
227 539
227 2506
227 540
227 2869
227 583
227 1786
227 179
227 875
227 1299
228 228
228 2773
228 111
228 1215
228 2050
228 173
228 629
228 1034
228 1153
228 1303
229 229
229 3504
229 1248
229 2306
229 2241
229 438
229 650
229 801
229 991
229 1292
230 230
230 2406
230 3937
230 8
230 179
230 248
230 294
230 338
230 387
230 557
231 231
231 3858
231 2567
231 2837
231 3529
231 2528
231 419
231 3457
231 3068
231 2814
232 232
232 2927
232 1393
232 2631
232 2745
232 3931
232 698
232 1234
232 1906
232 1982
233 233
233 1151
233 3166
233 319
233 2707
233 3198
233 3258
233 3303
233 1179
233 8
234 234
234 3258
234 8
234 294
234 338
234 387
234 557
234 773
234 920
234 1180
235 235
235 2883
235 67
235 580
235 1030
235 1211
235 1353
235 1404
235 2152
235 2180
236 236
236 16
236 3224
236 2252
236 3719
236 2475
236 414
236 1211
236 1325
236 2180
237 237
237 378
237 1353
237 1404
237 1787
237 2721
237 3612
237 7
237 8
237 294
238 238
238 650
238 918
238 991
238 2845
238 8
238 294
238 338
238 387
238 520
239 239
239 3799
239 164
239 618
239 2248
239 1967
239 179
239 2557
239 3329
239 3518
240 240
240 1128
240 2560
240 3683
240 8
240 294
240 338
240 343
240 387
240 557
241 241
241 2436
241 81
241 3056
241 8
241 186
241 294
241 338
241 387
241 557
242 242
242 3375
242 393
242 208
242 1006
242 788
242 1777
242 3252
242 3582
242 109
243 243
243 3790
243 1499
243 1152
243 181
243 213
243 104
243 882
243 111
243 875
244 244
244 267
244 3983
244 179
244 1786
244 62
244 296
244 397
244 533
244 813
245 245
245 1286
245 2202
245 4055
245 3364
245 704
245 2152
245 3077
245 2252
245 3122
246 246
246 479
246 3508
246 405
246 1846
246 3484
246 559
246 1440
246 92
246 576
247 247
247 2496
247 2958
247 989
247 1831
247 2221
247 2386
247 2790
247 8
247 294
248 248
248 296
248 1393
248 1889
248 3937
248 1179
248 8
248 175
248 179
248 230
249 249
249 1097
249 659
249 875
249 959
249 989
249 1204
249 1299
249 2190
249 2221
250 250
250 261
250 296
250 875
250 1299
250 1496
250 1889
250 2190
250 2454
250 3320
251 251
251 3138
251 2777
251 1331
251 2792
251 248
251 3921
251 497
251 1289
251 1321
252 252
252 3168
252 3738
252 3920
252 161
252 3216
252 788
252 2292
252 1047
252 319
253 253
253 3621
253 2956
253 2989
253 1007
253 1305
253 2765
253 3013
253 109
253 538
254 254
254 1564
254 767
254 4050
254 2496
254 2958
254 41
254 527
254 989
254 1542
255 255
255 1922
255 179
255 1786
255 1443
255 3193
255 62
255 296
255 397
255 533
256 256
256 414
256 2252
256 3202
256 3868
256 325
256 914
256 1128
256 1211
256 1325
257 257
257 303
257 3397
257 1351
257 2870
257 2037
257 1575
257 2160
257 3271
257 652
258 258
258 1522
258 1153
258 2204
258 3493
258 655
258 1329
258 1776
258 1777
258 1982
259 259
259 903
259 1711
259 588
259 36
259 1107
259 3410
259 4005
259 1095
259 3654
260 260
260 609
260 2317
260 2923
260 3178
260 3994
260 822
260 2845
260 8
260 294
261 261
261 1496
261 2454
261 3320
261 8
261 294
261 338
261 387
261 557
261 638
262 262
262 3478
262 2209
262 2822
262 1181
262 1987
262 223
262 3069
262 3077
262 732
263 263
263 3405
263 3212
263 3937
263 179
263 1295
263 3247
263 8
263 188
263 294
264 264
264 3075
264 179
264 2655
264 255
264 296
264 1232
264 1393
264 1922
264 1985
265 265
265 378
265 527
265 2721
265 3612
265 3965
265 8
265 294
265 335
265 338
266 266
266 989
266 2221
266 2496
266 2958
266 8
266 294
266 338
266 387
266 557
267 267
267 244
267 179
267 1443
267 3193
267 62
267 255
267 296
267 397
267 533
268 268
268 1651
268 3594
268 809
268 1779
268 947
268 2376
268 979
268 445
268 2900
269 269
269 8
269 294
269 338
269 387
269 557
269 773
269 920
269 1180
269 1278
270 270
270 3019
270 2287
270 2921
270 461
270 428
270 237
270 2191
270 650
270 991
271 271
271 2093
271 2210
271 2403
271 3119
271 1732
271 272
271 378
271 733
271 995
272 272
272 733
272 995
272 2810
272 2845
272 8
272 290
272 294
272 338
272 387
273 273
273 637
273 378
273 2707
273 2721
273 3612
273 3695
273 3040
273 3119
273 3662
274 274
274 654
274 2549
274 2252
274 1211
274 2180
274 3134
274 408
274 1017
274 1165
275 275
275 3399
275 464
275 317
275 1331
275 569
275 1211
275 2180
275 2821
275 3134
276 276
276 402
276 1353
276 1404
276 3258
276 8
276 294
276 338
276 387
276 551
277 277
277 1426
277 3117
277 1993
277 3502
277 391
277 1450
277 2575
277 3616
277 3543
278 278
278 2673
278 3456
278 2205
278 319
278 1136
278 1316
278 1700
278 2556
278 3398
279 279
279 1751
279 527
279 3965
279 8
279 294
279 338
279 387
279 557
279 773
280 280
280 3764
280 1919
280 2594
280 3069
280 290
280 729
280 860
280 2016
280 2601
281 281
281 650
281 875
281 991
281 1299
281 2190
281 2406
281 8
281 134
281 179
282 282
282 1926
282 1601
282 2627
282 414
282 1461
282 3282
282 3413
282 3710
282 3372
283 283
283 2657
283 2016
283 3056
283 2627
283 3626
283 961
283 1686
283 1786
283 2583
284 284
284 8
284 294
284 338
284 387
284 557
284 593
284 692
284 773
284 920
285 285
285 800
285 296
285 3445
285 3556
285 111
285 579
285 1204
285 1370
285 1524
286 286
286 378
286 2721
286 3612
286 8
286 294
286 335
286 338
286 387
286 557
287 287
287 1480
287 2433
287 3952
287 435
287 860
287 1057
287 1815
287 2210
287 2601
288 288
288 3749
288 1012
288 1556
288 44
288 2609
288 1270
288 248
288 1967
288 347
289 289
289 792
289 1006
289 1496
289 2454
289 3214
289 3320
289 3444
289 1179
289 8
290 290
290 733
290 995
290 2810
290 8
290 294
290 338
290 387
290 557
290 773
291 291
291 2386
291 2790
291 3303
291 8
291 294
291 338
291 387
291 557
291 686
292 292
292 1333
292 82
292 2082
292 62
292 1786
292 3763
292 179
292 650
292 991
293 293
293 8
293 294
293 338
293 387
293 557
293 773
293 920
293 1180
293 1278
294 8
294 294
294 338
294 387
294 557
294 773
294 920
294 1180
294 1278
294 1366
295 295
295 1994
295 3898
295 332
295 954
295 3113
295 3220
295 483
295 92
295 157
296 296
296 179
296 62
296 397
296 533
296 813
296 875
296 1299
296 1889
296 2190
297 297
297 343
297 733
297 851
297 995
297 1831
297 2810
297 3719
297 2560
297 3683
298 298
298 2019
298 2188
298 720
298 1027
298 1461
298 468
298 1353
298 1404
298 1496
299 299
299 2240
299 58
299 3531
299 3813
299 1415
299 3906
299 2253
299 2402
299 3711
300 300
300 1260
300 3659
300 2852
300 776
300 2529
300 3769
300 938
300 1841
300 996
301 301
301 1527
301 3462
301 650
301 991
301 1353
301 1404
301 3925
301 428
301 3990
302 302
302 3357
302 522
302 1900
302 2042
302 1379
302 170
302 370
302 787
302 2074
303 303
303 3397
303 2160
303 2965
303 257
303 2870
303 3271
303 1351
303 134
303 900
304 304
304 1471
304 2519
304 3355
304 1657
304 1149
304 111
304 1215
304 104
304 1153
305 305
305 875
305 1299
305 2190
305 8
305 134
305 179
305 294
305 338
305 387
306 306
306 1083
306 2927
306 2204
306 3049
306 296
306 1522
306 1982
306 3846
306 104
307 307
307 8
307 294
307 338
307 387
307 557
307 592
307 773
307 920
307 1180
308 308
308 2323
308 2459
308 538
308 108
308 22
308 92
308 801
308 933
308 1289
309 309
309 2630
309 1967
309 179
309 230
309 956
309 1479
309 2317
309 2530
309 2923
310 310
310 2252
310 1211
310 1325
310 2180
310 2305
310 2475
310 2860
310 3069
310 3134
311 311
311 3155
311 533
311 179
311 1452
311 540
311 539
311 2601
311 2791
311 3626
312 312
312 2612
312 8
312 294
312 338
312 387
312 557
312 773
312 920
312 1180
313 313
313 1059
313 2807
313 2292
313 1931
313 583
313 2537
313 707
313 908
313 2429
314 314
314 3618
314 92
314 650
314 991
314 1017
314 1705
314 1831
314 2272
314 2788
315 315
315 2962
315 1112
315 1733
315 2597
315 2912
315 111
315 1303
315 2073
315 2714
316 316
316 1109
316 1765
316 3356
316 1520
316 65
316 104
316 186
316 733
316 995
317 317
317 2646
317 3435
317 1331
317 464
317 8
317 294
317 338
317 387
317 557
318 318
318 3052
318 2164
318 1252
318 414
318 1311
318 2152
318 2736
318 1611
318 3480
319 319
319 851
319 3303
319 1179
319 2560
319 3683
319 8
319 294
319 338
319 343
320 320
320 192
320 1293
320 3962
320 2252
320 1439
320 2070
320 2257
320 414
320 3370
321 321
321 1724
321 221
321 2931
321 2706
321 2406
321 3178
321 965
321 1179
321 0
322 322
322 4011
322 957
322 1055
322 2437
322 414
322 575
322 624
322 650
322 687
323 323
323 2029
323 3467
323 2292
323 3515
323 3081
323 2537
323 1394
323 624
323 875
324 324
324 2210
324 378
324 650
324 991
324 2721
324 2914
324 2991
324 3612
324 3769
325 325
325 2347
325 1128
325 2171
325 2386
325 2790
325 1136
325 1316
325 1700
325 2556
326 326
326 2381
326 3139
326 1667
326 296
326 3077
326 248
326 2475
326 378
326 1889
327 327
327 3522
327 697
327 801
327 2306
327 3747
327 4018
327 2241
327 3113
327 229
328 328
328 1250
328 833
328 3912
328 1640
328 1105
328 3649
328 3077
328 3658
328 762
329 329
329 3562
329 3532
329 3887
329 3118
329 1792
329 2203
329 779
329 870
329 1975
330 330
330 2850
330 2637
330 3163
330 856
330 3960
330 1313
330 2690
330 3071
330 2238
331 331
331 1548
331 1205
331 217
331 2152
331 2284
331 3077
331 92
331 650
331 991
332 332
332 580
332 3552
332 8
332 294
332 338
332 387
332 557
332 707
332 773
333 333
333 3678
333 3543
333 378
333 2721
333 3556
333 3612
333 8
333 294
333 335
334 334
334 634
334 1549
334 984
334 177
334 3470
334 1829
334 2282
334 441
334 3044
335 335
335 378
335 2721
335 3612
335 8
335 294
335 338
335 387
335 557
335 773
336 336
336 618
336 875
336 1299
336 2190
336 2292
336 3258
336 3303
336 8
336 134
337 337
337 3705
337 1818
337 3556
337 3975
337 3990
337 3543
337 2402
337 2032
337 650
338 8
338 294
338 338
338 387
338 557
338 773
338 920
338 1180
338 1278
338 1366
339 339
339 100
339 1902
339 3869
339 2898
339 109
339 2601
339 1460
339 104
339 1027
340 340
340 2825
340 8
340 294
340 338
340 387
340 557
340 760
340 773
340 920
341 341
341 2667
341 3202
341 3868
341 414
341 1626
341 2252
341 732
341 2560
341 3292
342 342
342 3178
342 665
342 3258
342 2276
342 1179
342 8
342 294
342 338
342 387
343 343
343 1831
343 2560
343 3683
343 8
343 294
343 338
343 387
343 557
343 773
344 344
344 1530
344 2547
344 468
344 1713
344 1723
344 3178
344 893
344 3322
344 3188
345 345
345 650
345 991
345 3937
345 8
345 179
345 230
345 294
345 338
345 387
346 346
346 1588
346 1027
346 261
346 801
346 1289
346 1392
346 1460
346 1478
346 1496
347 347
347 1964
347 44
347 1786
347 3626
347 126
347 296
347 875
347 1299
347 1353
348 348
348 2306
348 8
348 188
348 294
348 338
348 387
348 557
348 771
348 773
349 349
349 3113
349 4020
349 41
349 580
349 1211
349 1289
349 1325
349 1392
349 1478
350 350
350 2658
350 3077
350 169
350 650
350 991
350 1211
350 1849
350 2180
350 2611
351 351
351 2523
351 741
351 1020
351 2198
351 3318
351 1179
351 8
351 157
351 170
352 352
352 2312
352 575
352 593
352 2726
352 3119
352 40
352 1854
352 537
352 828
353 353
353 3056
353 650
353 991
353 8
353 294
353 338
353 387
353 557
353 592
354 354
354 2386
354 2790
354 8
354 294
354 338
354 387
354 557
354 773
354 920
355 355
355 3557
355 8
355 294
355 338
355 387
355 557
355 592
355 594
355 623
356 356
356 2820
356 3055
356 4002
356 2118
356 1850
356 1365
356 2708
356 2521
356 3806
357 357
357 2610
357 1675
357 2746
357 2142
357 2386
357 2790
357 2845
357 8
357 294
358 358
358 858
358 947
358 657
358 1983
358 2722
358 3073
358 3773
358 2908
358 1779
359 359
359 1831
359 2975
359 8
359 294
359 338
359 343
359 387
359 557
359 707
360 360
360 802
360 2271
360 2566
360 1692
360 1353
360 1404
360 65
360 1017
360 1786
361 361
361 88
361 444
361 3497
361 91
361 93
361 573
361 4033
361 2796
361 3878
362 362
362 2969
362 2984
362 2401
362 1661
362 3318
362 1393
362 1889
362 92
362 650
363 363
363 586
363 8
363 294
363 338
363 387
363 557
363 773
363 920
363 1180
364 364
364 2028
364 3040
364 3305
364 2083
364 2276
364 378
364 2001
364 2027
364 2685
365 365
365 1974
365 2210
365 378
365 2721
365 2914
365 2991
365 3178
365 3295
365 3612
366 366
366 1321
366 2355
366 8
366 294
366 338
366 387
366 557
366 773
366 920
367 367
367 981
367 3239
367 3925
367 553
367 1390
367 1516
367 2658
367 3056
367 3872
368 368
368 2469
368 1721
368 3655
368 72
368 588
368 4005
368 36
368 1107
368 3410
369 369
369 820
369 3024
369 3629
369 830
369 3889
369 3256
369 3089
369 2058
369 2074
370 370
370 3122
370 3990
370 650
370 991
370 2560
370 3683
370 8
370 294
370 338
371 371
371 3296
371 3615
371 3959
371 822
371 1025
371 2779
371 3178
371 1179
371 8
372 372
372 1982
372 1456
372 1899
372 2204
372 2355
372 2472
372 2483
372 3085
372 3274
373 373
373 3893
373 2406
373 3085
373 3258
373 3325
373 8
373 294
373 338
373 387
374 374
374 625
374 1988
374 296
374 1920
374 179
374 3969
374 2896
374 875
374 1299
375 375
375 3877
375 573
375 3497
375 4033
375 378
375 2721
375 3612
375 885
375 1667
376 376
376 1739
376 2601
376 1774
376 3008
376 1877
376 3626
376 989
376 1047
376 1786
377 377
377 2465
377 3526
377 365
377 822
377 2027
377 3178
377 3219
377 1179
377 3135
378 378
378 2721
378 3612
378 8
378 294
378 335
378 338
378 387
378 557
378 773
379 379
379 2520
379 3294
379 134
379 2845
379 875
379 1024
379 1299
379 2190
379 378
380 380
380 1126
380 1353
380 1404
380 1661
380 2406
380 1179
380 8
380 34
380 159
381 381
381 989
381 1831
381 2221
381 2496
381 2958
381 8
381 294
381 338
381 343
382 382
382 624
382 875
382 1299
382 1688
382 2190
382 2914
382 2991
382 3944
382 8
383 383
383 1895
383 1684
383 635
383 8
383 294
383 338
383 387
383 557
383 773
384 384
384 2073
384 624
384 875
384 1292
384 1299
384 2190
384 2912
384 3641
384 8
385 385
385 2813
385 1647
385 3842
385 3102
385 3498
385 3923
385 2175
385 3533
385 1161
386 386
386 3288
386 2887
386 592
386 3056
386 8
386 294
386 338
386 387
386 557
387 8
387 294
387 338
387 387
387 557
387 773
387 920
387 1180
387 1278
387 1366
388 388
388 1789
388 755
388 1472
388 2542
388 2748
388 2943
388 3056
388 3499
388 81
389 389
389 3725
389 2412
389 2121
389 1908
389 150
389 2929
389 1136
389 1316
389 1700
390 390
390 1467
390 2091
390 2431
390 961
390 1055
390 1786
390 237
390 179
390 291
391 391
391 96
391 3117
391 3419
391 2132
391 1509
391 2925
391 1728
391 2575
391 1567
392 392
392 736
392 4002
392 1466
392 3742
392 2681
392 2997
392 3854
392 3982
392 777
393 393
393 683
393 2913
393 3455
393 1006
393 1777
393 3560
393 3582
393 3872
393 8
394 394
394 3816
394 3253
394 877
394 3199
394 739
394 650
394 801
394 991
394 2437
395 395
395 3841
395 534
395 1698
395 2093
395 3661
395 1567
395 3119
395 1897
395 3971
396 396
396 2762
396 67
396 3295
396 3642
396 109
396 208
396 365
396 468
396 497
397 397
397 179
397 62
397 296
397 533
397 813
397 875
397 1299
397 2190
397 2248
398 398
398 784
398 1135
398 1706
398 1306
398 3482
398 3321
398 1750
398 821
398 856
399 399
399 801
399 3747
399 650
399 991
399 1289
399 1392
399 1478
399 1496
399 1810
400 400
400 2110
400 3453
400 989
400 1047
400 2221
400 2496
400 2958
400 1179
400 2214
401 401
401 61
401 366
401 3135
401 3493
401 950
401 1321
401 1353
401 1404
401 1831
402 402
402 8
402 294
402 338
402 387
402 557
402 773
402 920
402 1180
402 1278
403 403
403 1184
403 751
403 470
403 177
403 2795
403 3470
403 334
403 3402
403 634
404 404
404 701
404 3897
404 3804
404 1519
404 2440
404 3850
404 319
404 1289
404 1392
405 405
405 1846
405 3484
405 3508
405 559
405 4013
405 3346
405 1667
405 2210
405 3119
406 406
406 3016
406 1611
406 3202
406 3480
406 3868
406 1519
406 2440
406 3850
406 319
407 407
407 1321
407 8
407 294
407 338
407 366
407 387
407 557
407 571
407 686
408 408
408 2252
408 1211
408 1325
408 1661
408 2180
408 2305
408 2475
408 2860
408 3134
409 409
409 8
409 294
409 338
409 387
409 557
409 773
409 920
409 1180
409 1278
410 410
410 414
410 1909
410 1970
410 2883
410 144
410 733
410 914
410 995
410 1145
411 411
411 8
411 294
411 338
411 387
411 520
411 557
411 571
411 686
411 707
412 412
412 3930
412 727
412 1630
412 3266
412 3826
412 41
412 442
412 788
412 1452
413 413
413 553
413 3925
413 3872
413 1353
413 1404
413 3215
413 3774
413 3966
413 1334
414 414
414 2252
414 914
414 1211
414 1325
414 2180
414 2305
414 2475
414 2860
414 3134
415 415
415 1623
415 987
415 3728
415 1535
415 2352
415 2601
415 3188
415 3493
415 3802
416 416
416 3125
416 2260
416 3462
416 197
416 276
416 428
416 2284
416 2357
416 3925
417 417
417 1515
417 2416
417 2579
417 875
417 1299
417 2190
417 2326
417 3568
417 3946
418 418
418 1303
418 1667
418 378
418 1211
418 2180
418 2475
418 2721
418 2825
418 3134
419 419
419 2837
419 2567
419 2528
419 3529
419 3858
419 231
419 3068
419 3457
419 2814
420 420
420 2066
420 1455
420 3810
420 2935
420 971
420 2152
420 2171
420 3122
420 325
421 421
421 2829
421 137
421 3077
421 650
421 991
421 1831
421 1705
421 1211
421 2180
422 422
422 876
422 1153
422 1215
422 2846
422 2914
422 2991
422 8
422 188
422 294
423 423
423 3823
423 571
423 1496
423 2454
423 2893
423 3320
423 3761
423 1179
423 8
424 424
424 1017
424 2272
424 2808
424 2858
424 1179
424 8
424 294
424 338
424 387
425 425
425 743
425 381
425 2780
425 2934
425 2496
425 2958
425 149
425 438
425 580
426 426
426 2286
426 1627
426 2131
426 130
426 596
426 650
426 801
426 991
426 1289
427 427
427 1738
427 3500
427 3094
427 179
427 104
427 3515
427 230
427 3990
427 60
428 428
428 650
428 991
428 1353
428 1404
428 7
428 8
428 294
428 338
428 387
429 429
429 1032
429 707
429 3557
429 1179
429 8
429 294
429 338
429 354
429 387
430 430
430 1503
430 1174
430 2753
430 1157
430 3542
430 2457
430 3923
430 1608
430 2698
431 431
431 894
431 2284
431 1831
431 8
431 294
431 338
431 343
431 381
431 387
432 432
432 1456
432 8
432 188
432 294
432 338
432 387
432 557
432 686
432 771
433 433
433 1977
433 170
433 1211
433 2120
433 2180
433 3134
433 3753
433 8
433 294
434 434
434 559
434 2936
434 2896
434 813
434 2317
434 2923
434 2971
434 3994
434 296
435 435
435 3759
435 4020
435 312
435 1289
435 1392
435 1478
435 1810
435 2612
435 2769
436 436
436 3366
436 176
436 3175
436 2862
436 2077
436 2950
436 2071
436 3140
436 2447
437 437
437 2720
437 1832
437 1498
437 2970
437 451
437 672
437 2500
437 1885
437 2310
438 438
438 1292
438 1353
438 1404
438 3641
438 8
438 294
438 338
438 387
438 551
439 439
439 1092
439 2912
439 2159
439 3512
439 512
439 1733
439 2073
439 2714
439 3642
440 440
440 3702
440 3082
440 589
440 730
440 3807
440 2339
440 370
440 3719
440 1178
441 441
441 3124
441 806
441 596
441 3880
441 149
441 650
441 989
441 991
441 2191
442 442
442 2914
442 2991
442 8
442 294
442 338
442 387
442 557
442 773
442 920
443 443
443 1382
443 1703
443 148
443 1587
443 3854
443 4003
443 2071
443 3838
443 849
444 444
444 2796
444 93
444 91
444 2449
444 1456
444 731
444 361
444 1982
444 8
445 445
445 459
445 2845
445 2434
445 2652
445 3318
445 1179
445 157
445 733
445 995
446 446
446 1341
446 1768
446 2601
446 3126
446 3306
446 2887
446 1179
446 8
446 294
447 447
447 4026
447 3475
447 2194
447 3745
447 1040
447 917
447 2575
447 912
447 899
448 448
448 111
448 1215
448 2912
448 1303
448 1733
448 2073
448 2210
448 2537
448 2644
449 449
449 580
449 8
449 294
449 338
449 387
449 557
449 773
449 920
449 1180
450 450
450 768
450 2560
450 3683
450 343
450 704
450 1289
450 1392
450 1478
450 3122
451 451
451 2310
451 2720
451 1832
451 1885
451 1313
451 452
451 3960
451 2970
451 437
452 452
452 451
452 2720
452 2310
452 3960
452 437
452 1313
452 2970
452 1498
452 2575
453 453
453 527
453 3965
453 1138
453 8
453 294
453 338
453 378
453 387
453 557
454 454
454 2037
454 652
454 2870
454 2917
454 3271
454 257
454 3397
454 927
454 303
455 455
455 650
455 801
455 991
455 1289
455 1353
455 1392
455 1404
455 1478
455 2777
456 456
456 729
456 1767
456 1980
456 2252
456 2295
456 2883
456 3897
456 157
456 319
457 457
457 593
457 575
457 537
457 828
457 2170
457 8
457 294
457 338
457 387
458 458
458 8
458 294
458 338
458 387
458 557
458 707
458 773
458 920
458 1006
459 459
459 2652
459 1819
459 179
459 62
459 533
459 296
459 397
459 813
459 875
460 460
460 468
460 490
460 875
460 1299
460 1321
460 2190
460 2845
460 8
460 134
461 461
461 270
461 3019
461 2510
461 2287
461 465
461 2921
461 545
461 2710
461 1635
462 462
462 586
462 609
462 1723
462 893
462 3322
462 8
462 126
462 294
462 338
463 463
463 8
463 294
463 338
463 387
463 557
463 592
463 773
463 920
463 1180
464 464
464 317
464 2646
464 3435
464 1331
464 3399
464 275
464 3077
464 1211
464 2180
465 465
465 1203
465 2693
465 3719
465 4054
465 575
465 729
465 854
465 2252
465 1917
466 466
466 1193
466 3644
466 634
466 177
466 3470
466 1829
466 2173
466 2282
466 2795
467 467
467 989
467 1047
467 1211
467 2180
467 2221
467 3134
467 1179
467 2496
467 2958
468 468
468 8
468 294
468 338
468 387
468 557
468 773
468 920
468 1180
468 1278
469 469
469 2131
469 40
469 1854
469 1912
469 2249
469 2286
469 575
469 593
469 2677
470 470
470 1184
470 751
470 403
470 2795
470 177
470 3470
470 334
470 3402
470 2051
471 471
471 1321
471 8
471 294
471 338
471 366
471 387
471 557
471 773
471 920
472 472
472 2250
472 1120
472 468
472 989
472 1017
472 1047
472 2221
472 2272
472 2355
473 473
473 370
473 624
473 2912
473 458
473 1028
473 1835
473 2073
473 2714
473 3122
474 474
474 1409
474 2033
474 3488
474 312
474 1461
474 2612
474 1001
474 8
474 188
475 475
475 3959
475 3190
475 1153
475 2317
475 2923
475 3994
475 382
475 2074
475 788
476 476
476 3873
476 3061
476 3117
476 391
476 495
476 2575
476 2239
476 3454
476 2925
477 477
477 3386
477 2490
477 1108
477 3878
477 726
477 986
477 157
477 48
477 188
478 478
478 2779
478 3258
478 8
478 294
478 338
478 387
478 508
478 557
478 773
479 479
479 246
479 3508
479 405
479 1846
479 493
479 559
479 3095
479 3484
479 1740
480 480
480 378
480 1667
480 2210
480 2721
480 3543
480 3612
480 8
480 294
480 335
481 481
481 3281
481 3991
481 1066
481 2479
481 2864
481 1197
481 1777
481 3141
481 144
482 482
482 1856
482 707
482 2437
482 3990
482 144
482 370
482 650
482 991
482 1535
483 483
483 3013
483 875
483 1299
483 2190
483 1179
483 8
483 41
483 104
483 134
484 484
484 593
484 2882
484 3220
484 569
484 575
484 854
484 1211
484 1321
484 1514
485 485
485 1136
485 1316
485 1700
485 2556
485 3398
485 691
485 8
485 294
485 335
486 486
486 527
486 1035
486 2825
486 3965
486 8
486 294
486 338
486 387
486 557
487 487
487 1778
487 552
487 3574
487 1656
487 816
487 1523
487 1439
487 2070
487 2257
488 488
488 529
488 3178
488 3937
488 790
488 8
488 179
488 294
488 296
488 338
489 489
489 1110
489 3581
489 319
489 733
489 851
489 995
489 2810
489 3303
489 1179
490 490
490 2845
490 8
490 294
490 338
490 387
490 557
490 707
490 773
490 920
491 491
491 663
491 1875
491 2665
491 3856
491 1197
491 1775
491 1777
491 1289
491 1392
492 492
492 158
492 585
492 3094
492 876
492 1153
492 3295
492 1522
492 1604
492 60
493 493
493 1886
493 1990
493 502
493 28
493 3419
493 20
493 3995
493 2916
493 3256
494 494
494 2880
494 3422
494 2560
494 3683
494 1022
494 2004
494 2252
494 2305
494 2326
495 495
495 2597
495 315
495 2870
495 209
495 2041
495 88
495 3878
495 3661
495 2575
496 496
496 1936
496 620
496 1836
496 2909
496 3806
496 2487
496 690
496 1585
496 963
497 497
497 468
497 1393
497 1889
497 1179
497 8
497 175
497 248
497 294
497 338
498 498
498 92
498 319
498 650
498 801
498 840
498 991
498 1289
498 1392
498 1393
499 499
499 1070
499 1097
499 1204
499 3085
499 8
499 188
499 294
499 338
499 387
500 500
500 3867
500 3364
500 3620
500 408
500 1614
500 2252
500 3819
500 2560
500 3683
501 501
501 8
501 294
501 338
501 387
501 557
501 707
501 773
501 920
501 1006
502 502
502 1990
502 681
502 3419
502 1567
502 1509
502 2537
502 1910
502 2451
502 875
503 503
503 1353
503 1404
503 1179
503 8
503 294
503 338
503 387
503 551
503 557
504 504
504 875
504 1299
504 1688
504 2190
504 8
504 134
504 179
504 294
504 338
505 505
505 1224
505 3000
505 312
505 2612
505 3258
505 8
505 294
505 338
505 387
506 506
506 959
506 8
506 294
506 338
506 387
506 557
506 773
506 920
506 1180
507 507
507 2708
507 3982
507 1850
507 3055
507 2820
507 2681
507 459
507 662
507 2816
508 508
508 875
508 1299
508 2190
508 3258
508 8
508 65
508 134
508 179
508 186
509 509
509 1766
509 704
509 2004
509 2075
509 2252
509 3077
509 3122
509 4014
509 370
510 510
510 378
510 2721
510 3612
510 8
510 294
510 335
510 338
510 387
510 557
511 511
511 3373
511 2642
511 2098
511 1839
511 1308
511 2456
511 4043
511 508
511 875
512 512
512 2073
512 2159
512 3512
512 41
512 384
512 624
512 854
512 875
512 938
513 513
513 179
513 1479
513 1541
513 62
513 92
513 281
513 296
513 319
513 397
514 514
514 3824
514 2560
514 3683
514 1128
514 8
514 240
514 294
514 338
514 343
515 515
515 2779
515 8
515 294
515 338
515 387
515 557
515 592
515 773
515 920
516 516
516 89
516 3836
516 875
516 1299
516 1831
516 2190
516 2845
516 3178
516 1179
517 517
517 1516
517 1123
517 8
517 294
517 338
517 387
517 557
517 773
517 920
518 518
518 988
518 1298
518 343
518 319
518 1831
518 3303
518 2560
518 3683
518 2252
519 519
519 875
519 1299
519 1723
519 2190
519 2248
519 2434
519 8
519 134
519 179
520 520
520 8
520 294
520 338
520 387
520 557
520 571
520 773
520 920
520 1180
521 521
521 2151
521 604
521 1393
521 1412
521 2601
521 1136
521 1316
521 1700
521 2556
522 522
522 302
522 1738
522 3094
522 2256
522 2361
522 2529
522 3920
522 1115
522 1841
523 523
523 3131
523 41
523 650
523 989
523 991
523 1542
523 2005
523 2191
523 2221
524 524
524 2083
524 286
524 378
524 527
524 2276
524 2721
524 2845
524 3612
524 3914
525 525
525 696
525 1777
525 1289
525 1392
525 1478
525 2769
525 1810
525 3444
525 1661
526 526
526 875
526 1299
526 2190
526 8
526 134
526 179
526 294
526 338
526 387
527 527
527 3965
527 8
527 294
527 338
527 387
527 557
527 773
527 920
527 1180
528 528
528 2054
528 2159
528 3512
528 968
528 1734
528 3284
528 854
528 938
528 2912
529 529
529 3178
529 3937
529 8
529 179
529 294
529 338
529 387
529 557
529 773
530 530
530 2451
530 2601
530 3040
530 286
530 378
530 629
530 1047
530 1634
530 1713
531 531
531 1363
531 1353
531 1404
531 994
531 8
531 294
531 338
531 387
531 551
532 532
532 781
532 1403
532 1413
532 2152
532 319
532 442
532 2710
532 2104
532 2601
533 533
533 179
533 62
533 296
533 397
533 813
533 875
533 1190
533 1299
533 2190
534 534
534 2201
534 2326
534 700
534 2845
534 1353
534 1404
534 1831
534 3178
534 1179
535 535
535 1353
535 1404
535 1179
535 8
535 104
535 294
535 338
535 387
535 428
536 536
536 8
536 294
536 338
536 387
536 557
536 773
536 920
536 1180
536 1278
537 537
537 828
537 2170
537 8
537 294
537 338
537 387
537 557
537 593
537 773
538 538
538 1179
538 8
538 294
538 338
538 387
538 557
538 773
538 920
538 1180
539 539
539 2506
539 540
539 583
539 1786
539 875
539 1299
539 1353
539 1404
539 1661
540 540
540 2869
540 539
540 575
540 875
540 1299
540 2190
540 2506
540 179
540 583
541 541
541 1620
541 2737
541 152
541 1414
541 1270
541 145
541 1711
541 2948
541 2579
542 542
542 3915
542 2892
542 3256
542 28
542 3274
542 3556
542 3543
542 800
542 1604
543 543
543 3103
543 296
543 569
543 875
543 1204
543 1299
543 1831
543 1889
543 2190
544 544
544 580
544 959
544 1289
544 1392
544 1478
544 8
544 294
544 338
544 387
545 545
545 2287
545 2921
545 1811
545 270
545 3019
545 461
545 693
545 465
545 2793
546 546
546 3888
546 1685
546 447
546 4026
546 3475
546 2628
546 3745
546 1904
546 3751
547 547
547 1643
547 3880
547 230
547 956
547 2976
547 3451
547 281
547 650
547 875
548 548
548 3066
548 763
548 1006
548 1496
548 2454
548 3320
548 3444
548 1777
548 2853
549 549
549 2265
549 187
549 794
549 744
549 865
549 23
549 2316
549 3963
549 886
550 550
550 2236
550 65
550 650
550 991
550 1729
550 1849
550 2355
550 2887
550 3056
551 551
551 1165
551 1353
551 1404
551 2139
551 8
551 294
551 338
551 387
551 557
552 552
552 487
552 1778
552 1656
552 2599
552 816
552 1523
552 3574
552 2020
552 1439
553 553
553 413
553 3925
553 3872
553 650
553 991
553 1017
553 1353
553 1404
553 2272
554 554
554 1497
554 3719
554 1139
554 2388
554 3702
554 343
554 370
554 707
554 1209
555 555
555 2274
555 2701
555 1759
555 821
555 2857
555 3637
555 3394
555 1310
555 3716
556 556
556 551
556 3188
556 41
556 1165
556 1321
556 1353
556 1404
556 1688
556 1723
557 8
557 294
557 338
557 387
557 557
557 773
557 920
557 1180
557 1278
557 1366
558 558
558 1123
558 989
558 2221
558 3843
558 517
558 2496
558 2958
558 8
558 294
559 559
559 3437
559 1456
559 312
559 779
559 870
559 1321
559 1975
559 2330
559 2612
560 560
560 2587
560 2779
560 3049
560 3287
560 3671
560 3966
560 8
560 294
560 338
561 561
561 989
561 1211
561 2180
561 2221
561 3134
561 2496
561 2958
561 8
561 294
562 562
562 3334
562 815
562 875
562 1299
562 1723
562 2021
562 2190
562 2292
562 2953
563 563
563 2470
563 3866
563 134
563 771
563 900
563 970
563 2537
563 3094
563 3216
564 564
564 2977
564 3847
564 208
564 987
564 1006
564 1030
564 3053
564 3493
564 699
565 565
565 296
565 3626
565 126
565 2927
565 179
565 624
565 875
565 1299
565 1456
566 566
566 2425
566 2306
566 1030
566 2035
566 438
566 468
566 847
566 857
566 1240
567 567
567 38
567 115
567 1543
567 2616
567 92
567 2954
567 576
567 618
567 650
568 568
568 650
568 991
568 2808
568 8
568 294
568 338
568 387
568 557
568 773
569 569
569 1211
569 2180
569 3134
569 8
569 294
569 338
569 387
569 557
569 773
570 570
570 2010
570 3203
570 92
570 623
570 902
570 1097
570 186
570 290
570 650
571 571
571 8
571 294
571 338
571 387
571 520
571 557
571 773
571 920
571 1180
572 572
572 2305
572 3786
572 729
572 2252
572 3245
572 319
572 851
572 1211
572 1321
573 573
573 3497
573 375
573 3877
573 4033
573 1211
573 2180
573 2537
573 2846
573 3134
574 574
574 3351
574 261
574 1393
574 1889
574 2512
574 2552
574 2808
574 2887
574 2914
575 575
575 593
575 2726
575 854
575 875
575 1299
575 2190
575 537
575 828
575 2170
576 576
576 618
576 650
576 989
576 991
576 2191
576 2221
576 3258
576 3303
576 3455
577 577
577 1183
577 918
577 3975
577 397
577 1232
577 3649
577 3674
577 50
577 650
578 578
578 3023
578 3642
578 527
578 1289
578 1392
578 1478
578 1810
578 2769
578 2914
579 579
579 1456
579 1889
579 2825
579 3325
579 8
579 294
579 338
579 387
579 557
580 580
580 8
580 294
580 338
580 387
580 557
580 773
580 920
580 1180
580 1278
581 581
581 3509
581 2658
581 3990
581 370
581 650
581 731
581 991
581 1307
581 1777
582 582
582 1963
582 2078
582 2464
582 1013
582 2342
582 596
582 3332
582 2953
582 3210
583 583
583 875
583 1299
583 2190
583 8
583 134
583 179
583 294
583 338
583 387
584 584
584 1357
584 3111
584 65
584 583
584 1786
584 2886
584 62
584 296
584 875
585 585
585 158
585 492
585 1604
585 144
585 335
585 714
585 876
585 2210
585 3543
586 586
586 8
586 294
586 338
586 387
586 557
586 773
586 920
586 1180
586 1278
587 587
587 3048
587 1814
587 1023
587 1670
587 2863
587 832
587 639
587 1660
587 2816
588 588
588 1107
588 36
588 4005
588 3410
588 1711
588 1270
588 1095
588 2469
588 1020
589 589
589 3807
589 3702
589 1178
589 1537
589 3308
589 3364
589 343
589 440
589 1980
590 590
590 2622
590 179
590 692
590 3443
590 3872
590 1443
590 3193
590 62
590 296
591 591
591 2381
591 326
591 248
591 2530
591 230
591 296
591 1541
591 3451
591 1444
592 592
592 8
592 294
592 338
592 387
592 557
592 773
592 920
592 1180
592 1278
593 593
593 575
593 537
593 828
593 2170
593 8
593 294
593 338
593 387
593 557
594 594
594 527
594 3965
594 8
594 294
594 338
594 355
594 387
594 557
594 592
595 595
595 1350
595 2246
595 2239
595 949
595 573
595 3489
595 3497
595 375
595 3263
596 596
596 989
596 2221
596 3303
596 3880
596 2496
596 2958
596 8
596 294
596 338
597 597
597 2233
597 3688
597 2701
597 2580
597 3307
597 3207
597 3625
597 4003
597 148
598 598
598 2802
598 2022
598 2423
598 822
598 3316
598 1519
598 2440
598 3850
598 740
599 599
599 3031
599 1419
599 1661
599 2975
599 8
599 294
599 338
599 387
599 408
600 600
600 438
600 1030
600 1353
600 1404
600 2306
600 8
600 284
600 294
600 338
601 601
601 2683
601 8
601 294
601 338
601 387
601 557
601 623
601 773
601 920
602 602
602 3943
602 414
602 2191
602 3258
602 1179
602 8
602 53
602 276
602 294
603 603
603 2387
603 760
603 1190
603 8
603 41
603 186
603 294
603 338
603 340
604 604
604 1412
604 1136
604 1316
604 1700
604 2556
604 3398
604 3755
604 691
604 1179
605 605
605 989
605 2221
605 2496
605 2958
605 8
605 294
605 338
605 387
605 557
606 606
606 2985
606 1857
606 2143
606 3285
606 2631
606 1930
606 3113
606 2134
606 1997
607 607
607 1051
607 1136
607 1316
607 1700
607 2556
607 3398
607 50
607 1017
607 2272
608 608
608 2073
608 2537
608 2644
608 3216
608 3626
608 111
608 126
608 170
608 384
609 609
609 378
609 2721
609 3612
609 8
609 294
609 335
609 338
609 387
609 557
610 610
610 3122
610 4040
610 2560
610 3683
610 370
610 650
610 704
610 991
610 1128
611 611
611 428
611 2032
611 2188
611 92
611 113
611 650
611 991
611 1353
611 1404
612 612
612 2018
612 846
612 428
612 2188
612 650
612 991
612 1353
612 1404
612 3689
613 613
613 1562
613 3225
613 1865
613 642
613 2913
613 4041
613 1006
613 3094
613 2883
614 614
614 2518
614 3436
614 668
614 365
614 714
614 1667
614 1815
614 2210
614 3819
615 615
615 2239
615 2951
615 2724
615 2246
615 2575
615 750
615 2449
615 3256
615 2238
616 616
616 8
616 294
616 338
616 387
616 557
616 773
616 920
616 1180
616 1278
617 617
617 1559
617 982
617 296
617 179
617 520
617 1786
617 2592
617 3443
617 3626
618 618
618 989
618 2221
618 3258
618 2496
618 2958
618 8
618 294
618 338
618 387
619 619
619 3339
619 3122
619 2560
619 3683
619 370
619 650
619 991
619 2004
619 2483
620 620
620 1936
620 2909
620 3806
620 496
620 1585
620 2487
620 1836
620 690
620 813
621 621
621 2101
621 1134
621 428
621 1353
621 1404
621 2897
621 7
621 8
621 124
622 622
622 1027
622 2241
622 261
622 490
622 650
622 801
622 857
622 991
622 1292
623 623
623 8
623 294
623 338
623 387
623 557
623 773
623 882
623 902
623 920
624 624
624 1028
624 2073
624 384
624 875
624 1299
624 2190
624 2912
624 8
624 134
625 625
625 374
625 1988
625 3969
625 296
625 1682
625 2154
625 179
625 1920
625 643
626 626
626 1786
626 483
626 62
626 157
626 237
626 875
626 1299
626 1353
626 1404
627 627
627 1479
627 296
627 3273
627 104
627 179
627 248
627 1786
627 3933
627 483
628 628
628 1197
628 569
628 1211
628 1289
628 1392
628 1478
628 1889
628 2180
628 2769
629 629
629 41
629 378
629 2005
629 2721
629 2846
629 3612
629 8
629 294
629 335
630 630
630 1336
630 2004
630 3077
630 4014
630 3123
630 3607
630 650
630 704
630 991
631 631
631 66
631 310
631 635
631 1482
631 1786
631 2601
631 3626
631 4054
631 732
632 632
632 3577
632 27
632 1786
632 801
632 1777
632 2074
632 2306
632 2352
632 3747
633 633
633 2210
633 365
633 378
633 2483
633 2721
633 2914
633 2991
633 3612
633 3769
634 634
634 1829
634 3576
634 177
634 3470
634 2173
634 2282
634 3460
634 334
634 1136
635 635
635 2483
635 7
635 8
635 294
635 338
635 387
635 557
635 773
635 920
636 636
636 3637
636 888
636 2857
636 1310
636 2049
636 2983
636 2701
636 1759
636 3229
637 273
637 637
637 378
637 2707
637 2721
637 3612
637 3695
637 3040
637 3119
637 3662
638 638
638 1496
638 2454
638 3320
638 8
638 294
638 338
638 387
638 557
638 720
639 639
639 874
639 1939
639 1573
639 1670
639 2103
639 742
639 3048
639 2863
639 3158
640 640
640 1165
640 2139
640 8
640 294
640 338
640 387
640 551
640 557
640 773
641 641
641 1693
641 2292
641 2414
641 111
641 291
641 624
641 875
641 1299
641 1723
642 642
642 8
642 294
642 338
642 387
642 557
642 773
642 920
642 1180
642 1278
643 643
643 296
643 179
643 961
643 1781
643 62
643 397
643 533
643 813
643 875
644 644
644 3604
644 61
644 401
644 44
644 1632
644 1954
644 1658
644 860
644 1692
645 645
645 480
645 2210
645 3543
645 1667
645 2883
645 3226
645 378
645 609
645 2525
646 646
646 910
646 2889
646 3161
646 1022
646 2252
646 2687
646 2994
646 3549
646 2152
647 647
647 658
647 402
647 650
647 991
647 1307
647 2954
647 3755
647 4032
647 1136
648 648
648 2213
648 666
648 577
648 1462
648 3380
648 1515
648 2317
648 2923
648 3994
649 649
649 3077
649 92
649 130
649 319
649 650
649 991
649 1211
649 2152
649 2180
650 650
650 991
650 8
650 294
650 338
650 387
650 557
650 773
650 902
650 920
651 651
651 1553
651 551
651 1952
651 1353
651 1404
651 1688
651 2478
651 2601
651 2825
652 652
652 2037
652 454
652 3089
652 2870
652 5
652 3397
652 927
652 2432
652 3271
653 653
653 170
653 468
653 1030
653 1126
653 1211
653 1353
653 1404
653 2152
653 2180
654 654
654 8
654 294
654 338
654 387
654 557
654 773
654 920
654 1017
654 1165
655 655
655 2963
655 1777
655 3113
655 914
655 1289
655 1392
655 1478
655 2789
655 2845
656 656
656 2410
656 2545
656 3119
656 378
656 609
656 840
656 1889
656 2544
656 2631
657 657
657 358
657 858
657 1983
657 2722
657 947
657 3073
657 3773
657 2908
657 832
658 658
658 1163
658 2929
658 3056
658 1136
658 1316
658 1700
658 2556
658 3398
658 81
659 659
659 354
659 650
659 959
659 991
659 8
659 294
659 338
659 387
659 557
660 660
660 2036
660 2248
660 179
660 2661
660 1443
660 1843
660 3193
660 62
660 296
661 661
661 1475
661 3033
661 1136
661 1316
661 1700
661 2556
661 3398
661 691
661 1179
662 662
662 989
662 1889
662 2221
662 3178
662 2496
662 2958
662 8
662 188
662 294
663 663
663 491
663 1875
663 2665
663 3856
663 1460
663 1775
663 1179
663 8
663 294
664 664
664 593
664 575
664 1289
664 1392
664 1478
664 1913
664 2214
664 2777
664 3353
665 665
665 8
665 294
665 338
665 387
665 557
665 773
665 920
665 1180
665 1278
666 666
666 2213
666 648
666 1462
666 2908
666 577
666 832
666 3904
666 3439
666 2863
667 667
667 537
667 828
667 2170
667 8
667 294
667 338
667 387
667 557
667 593
668 668
668 614
668 170
668 378
668 527
668 714
668 758
668 761
668 875
668 1299
669 669
669 2250
669 3091
669 472
669 551
669 638
669 650
669 801
669 991
669 1353
670 670
670 1460
670 1456
670 1179
670 8
670 294
670 338
670 387
670 557
670 773
671 671
671 3056
671 568
671 650
671 991
671 3192
671 1353
671 1404
671 1688
671 2306
672 672
672 2500
672 437
672 1832
672 1498
672 2970
672 451
672 2720
672 1885
672 2310
673 673
673 81
673 1775
673 2808
673 3178
673 8
673 188
673 294
673 338
673 387
674 674
674 2294
674 1534
674 3024
674 1746
674 2491
674 820
674 3257
674 3032
674 369
675 675
675 161
675 1268
675 46
675 2475
675 335
675 414
675 704
675 1464
675 1667
676 676
676 2959
676 2326
676 1289
676 1392
676 1478
676 2781
676 3258
676 3303
676 700
677 677
677 3975
677 650
677 991
677 3674
677 8
677 294
677 338
677 387
677 557
678 678
678 3966
678 8
678 294
678 338
678 387
678 557
678 773
678 920
678 1180
679 679
679 3354
679 1027
679 2930
679 4020
679 4036
679 442
679 616
679 801
679 1188
680 680
680 1484
680 2515
680 92
680 1197
680 1460
680 3113
680 3141
680 1289
680 1392
681 681
681 3274
681 1522
681 1604
681 1982
681 2204
681 2485
681 2537
681 2927
681 3094
682 682
682 438
682 1353
682 1404
682 7
682 8
682 294
682 338
682 387
682 428
683 683
683 3455
683 8
683 294
683 338
683 387
683 557
683 592
683 773
683 920
684 684
684 2208
684 3820
684 588
684 36
684 1107
684 4005
684 3410
684 1711
684 1095
685 685
685 1249
685 3647
685 3898
685 704
685 3077
685 4040
685 170
685 1211
685 1288
686 686
686 8
686 294
686 338
686 387
686 557
686 773
686 920
686 1180
686 1278
687 687
687 8
687 188
687 294
687 338
687 387
687 557
687 771
687 773
687 920
688 688
688 1228
688 2432
688 200
688 652
688 2037
688 454
688 257
688 2870
688 2917
689 689
689 3433
689 1303
689 1604
689 3543
689 111
689 378
689 609
689 629
689 1215
690 690
690 2487
690 1836
690 1047
690 1936
690 1171
690 2537
690 2601
690 3626
690 2496
691 691
691 1352
691 1136
691 1316
691 1700
691 2556
691 3398
691 8
691 294
691 338
692 692
692 875
692 1299
692 2190
692 8
692 134
692 179
692 284
692 294
692 338
693 693
693 1328
693 2091
693 296
693 397
693 1467
693 179
693 1786
693 3273
693 390
694 694
694 1659
694 186
694 3626
694 126
694 875
694 1299
694 1634
694 2190
694 2269
695 695
695 2914
695 2991
695 3325
695 8
695 294
695 338
695 387
695 557
695 773
696 696
696 525
696 3204
696 593
696 1777
696 3849
696 2314
696 1289
696 1392
696 1478
697 697
697 2241
697 2306
697 3113
697 801
697 2789
697 3747
697 650
697 991
697 1289
698 698
698 893
698 3322
698 1723
698 3642
698 1456
698 2914
698 2991
698 8
698 294
699 699
699 3053
699 2496
699 2958
699 989
699 1047
699 1289
699 1392
699 1478
699 2221
700 700
700 3975
700 650
700 991
700 2326
700 2914
700 2991
700 3674
700 3769
700 8
701 701
701 3113
701 1289
701 1392
701 1478
701 1661
701 2789
701 2914
701 2991
701 1179
702 702
702 875
702 1299
702 2190
702 2276
702 2643
702 2845
702 2887
702 8
702 65
703 703
703 468
703 914
703 3258
703 8
703 294
703 338
703 387
703 414
703 557
704 704
704 2252
704 3077
704 3122
704 370
704 650
704 801
704 991
704 1211
704 1289
705 705
705 2777
705 2800
705 3476
705 1289
705 1392
705 1478
705 2876
705 8
705 230
706 706
706 161
706 3119
706 363
706 365
706 378
706 875
706 1115
706 1204
706 1299
707 707
707 8
707 294
707 338
707 387
707 557
707 773
707 920
707 954
707 1006
708 708
708 1190
708 1211
708 1321
708 2180
708 2441
708 2825
708 3134
708 8
708 294
709 709
709 2846
709 3049
709 8
709 294
709 338
709 387
709 557
709 773
709 920
710 710
710 3597
710 1166
710 4048
710 2672
710 1415
710 2900
710 3711
710 1333
710 1007
711 711
711 1490
711 179
711 3560
711 3588
711 3674
711 3916
711 62
711 296
711 397
712 712
712 969
712 1039
712 365
712 700
712 2063
712 2948
712 1282
712 95
712 767
713 713
713 266
713 989
713 1211
713 2180
713 2221
713 2483
713 3134
713 2496
713 2958
714 714
714 2210
714 378
714 1321
714 2721
714 2914
714 2991
714 3612
714 3769
714 8
715 715
715 2129
715 4030
715 1584
715 1215
715 2156
715 586
715 1211
715 1303
715 1667
716 716
716 1265
716 422
716 876
716 3866
716 1872
716 3675
716 2027
716 2210
716 3220
717 717
717 1572
717 1125
717 1604
717 111
717 1215
717 3065
717 3139
717 104
717 1303
718 718
718 202
718 1289
718 1392
718 1478
718 1179
718 8
718 186
718 294
718 338
719 719
719 1806
719 2065
719 3079
719 740
719 1956
719 2961
719 3064
719 3392
719 62
720 720
720 1496
720 2454
720 3320
720 8
720 294
720 338
720 387
720 557
720 638
721 721
721 2955
721 917
721 2641
721 3441
721 979
721 2194
721 2701
721 3439
721 1515
722 722
722 2656
722 1945
722 801
722 1496
722 2454
722 3320
722 3747
722 3978
722 1179
723 723
723 3465
723 2772
723 3569
723 3568
723 3946
723 50
723 1190
723 1889
723 2914
724 724
724 2700
724 1460
724 157
724 718
724 769
724 989
724 1047
724 2035
724 2221
725 725
725 2334
725 1263
725 92
725 179
725 813
725 1308
725 2845
725 3119
725 3258
726 726
726 3878
726 2796
726 91
726 444
726 93
726 361
726 2575
726 2041
726 2449
727 727
727 3930
727 412
727 1630
727 3266
727 3826
727 788
727 442
727 538
727 3802
728 728
728 2398
728 2001
728 2685
728 8
728 294
728 338
728 387
728 557
728 773
729 729
729 2252
729 319
729 851
729 1211
729 1325
729 2152
729 2180
729 2305
729 2475
730 730
730 3082
730 3076
730 1767
730 2295
730 310
730 370
730 1980
730 2252
730 2883
731 731
731 8
731 294
731 338
731 387
731 557
731 773
731 920
731 1180
731 1278
732 732
732 3292
732 2252
732 2560
732 3202
732 3683
732 3868
732 1211
732 1325
732 1353
733 733
733 995
733 2810
733 8
733 290
733 294
733 338
733 387
733 557
733 773
734 734
734 2084
734 1561
734 2
734 2496
734 2958
734 291
734 319
734 490
734 618
735 735
735 109
735 208
735 801
735 1289
735 1392
735 1478
735 1496
735 2454
735 2914
736 736
736 1466
736 392
736 4002
736 3854
736 3742
736 777
736 223
736 1122
736 1163
737 737
737 3415
737 3514
737 2920
737 1622
737 3831
737 3104
737 1741
737 3790
737 2006
738 738
738 1781
738 92
738 157
738 650
738 875
738 989
738 991
738 1017
738 1047
739 739
739 877
739 3381
739 2911
739 3199
739 1889
739 3056
739 592
739 2372
739 959
740 740
740 3835
740 875
740 1299
740 1831
740 2190
740 2326
740 3178
740 3294
740 8
741 741
741 351
741 2523
741 1020
741 2198
741 170
741 2252
741 3318
741 3372
741 729
742 742
742 3781
742 365
742 1815
742 2210
742 3119
742 2027
742 1974
742 335
742 957
743 743
743 1697
743 2613
743 729
743 1211
743 2180
743 3134
743 1136
743 1316
743 1700
744 744
744 886
744 23
744 2265
744 3188
744 549
744 117
744 501
744 959
744 1353
745 745
745 2562
745 3463
745 3693
745 3568
745 3946
745 1136
745 1316
745 1700
745 2556
746 746
746 1129
746 111
746 248
746 296
746 1047
746 1215
746 1303
746 1353
746 1393
747 747
747 580
747 8
747 294
747 338
747 387
747 557
747 773
747 920
747 1180
748 748
748 4042
748 1752
748 414
748 509
748 2252
748 514
748 948
748 2560
748 3683
749 749
749 2405
749 312
749 527
749 1775
749 2612
749 3085
749 3965
749 8
749 186
750 750
750 2870
750 3271
750 3397
750 303
750 2160
750 28
750 3110
750 1204
750 875
751 751
751 1184
751 403
751 470
751 177
751 2795
751 3470
751 334
751 3402
751 634
752 752
752 4002
752 3982
752 507
752 356
752 392
752 2708
752 3055
752 1148
752 1585
753 753
753 386
753 3288
753 592
753 3056
753 2601
753 2887
753 2483
753 3937
753 650
754 754
754 414
754 1752
754 310
754 1614
754 2252
754 3962
754 732
754 3292
754 276
755 755
755 8
755 294
755 338
755 387
755 557
755 773
755 920
755 1180
755 1278
756 756
756 3263
756 2730
756 79
756 1793
756 595
756 3489
756 1350
756 2246
756 927
757 757
757 1021
757 2309
757 3151
757 1808
757 3206
757 785
757 650
757 991
757 1321
758 758
758 378
758 2721
758 2740
758 3556
758 3612
758 8
758 294
758 335
758 338
759 759
759 1474
759 497
759 1541
759 92
759 296
759 468
759 538
759 875
759 1299
760 760
760 1292
760 2503
760 3641
760 8
760 294
760 338
760 387
760 557
760 773
761 761
761 170
761 875
761 1299
761 2190
761 8
761 134
761 179
761 294
761 338
762 762
762 1211
762 2180
762 2846
762 3069
762 3134
762 2001
762 2685
762 8
762 294
763 763
763 1857
763 548
763 1777
763 1437
763 2483
763 1289
763 1392
763 1478
763 468
764 764
764 790
764 468
764 1321
764 3937
764 8
764 179
764 294
764 338
764 366
765 765
765 2230
765 2386
765 2538
765 2790
765 3258
765 8
765 294
765 338
765 387
766 766
766 2383
766 2377
766 179
766 533
766 3658
766 1443
766 3193
766 62
766 230
767 767
767 4050
767 2496
767 2958
767 989
767 2221
767 4029
767 3617
767 8
767 294
768 768
768 450
768 3282
768 3710
768 94
768 1969
768 343
768 1831
768 3413
768 8
769 769
769 8
769 294
769 338
769 387
769 557
769 773
769 920
769 1180
769 1278
770 770
770 3167
770 899
770 3808
770 48
770 104
770 46
770 161
770 875
770 1299
771 771
771 8
771 134
771 188
771 294
771 338
771 387
771 557
771 773
771 900
772 772
772 2032
772 875
772 1299
772 2190
772 8
772 124
772 134
772 179
772 294
773 8
773 294
773 338
773 387
773 557
773 773
773 920
773 1180
773 1278
773 1366
774 774
774 1485
774 2653
774 2683
774 8
774 294
774 338
774 387
774 557
774 601
775 775
775 3021
775 839
775 3762
775 2964
775 296
775 179
775 1443
775 3193
775 62
776 776
776 8
776 294
776 338
776 378
776 387
776 557
776 773
776 875
776 920
777 777
777 1719
777 2184
777 81
777 1541
777 2712
777 3736
777 529
777 1466
777 1474
778 778
778 4022
778 2879
778 3638
778 3925
778 62
778 65
778 1353
778 1390
778 1404
779 779
779 870
779 1975
779 8
779 294
779 338
779 387
779 557
779 773
779 920
780 780
780 4019
780 2900
780 947
780 858
780 209
780 390
780 3576
780 358
780 2569
781 781
781 1403
781 532
781 2104
781 442
781 2152
781 2914
781 2991
781 3937
781 1179
782 782
782 902
782 92
782 1017
782 1456
782 2241
782 2272
782 2306
782 2406
782 2858
783 783
783 169
783 65
783 186
783 1786
783 3990
783 92
783 291
783 370
783 384
784 784
784 3546
784 997
784 398
784 2085
784 1736
784 3321
784 821
784 1750
784 2909
785 785
785 1808
785 3206
785 2309
785 3151
785 1321
785 650
785 991
785 3325
785 1787
786 786
786 365
786 650
786 991
786 2406
786 3178
786 3258
786 0
786 8
786 294
787 787
787 1980
787 2252
787 2883
787 370
787 1017
787 1096
787 1211
787 1325
787 2180
788 788
788 2914
788 2991
788 8
788 294
788 338
788 387
788 557
788 773
788 920
789 789
789 4006
789 2013
789 1679
789 2256
789 876
789 3236
789 3602
789 3315
789 3584
790 790
790 764
790 468
790 8
790 294
790 338
790 387
790 557
790 773
790 920
791 791
791 2386
791 2790
791 8
791 294
791 338
791 387
791 557
791 638
791 773
792 792
792 289
792 1006
792 3214
792 1496
792 2454
792 3320
792 3444
792 1179
792 8
793 793
793 1723
793 8
793 294
793 338
793 387
793 557
793 638
793 773
793 920
794 794
794 2265
794 549
794 187
794 865
794 744
794 23
794 3963
794 1554
794 2316
795 795
795 165
795 3211
795 609
795 179
795 296
795 624
795 2230
795 2317
795 2497
796 796
796 3227
796 2248
796 179
796 519
796 3872
796 3920
796 62
796 81
796 204
797 797
797 1128
797 2104
797 3937
797 1136
797 1316
797 1700
797 2556
797 3398
797 8
798 798
798 2971
798 2483
798 1179
798 7
798 8
798 294
798 338
798 387
798 557
799 799
799 3713
799 1940
799 1754
799 2342
799 2464
799 2078
799 1013
799 1076
799 3472
800 800
800 2740
800 1982
800 2485
800 154
800 378
800 758
800 1456
800 2462
800 2721
801 801
801 3747
801 650
801 991
801 1289
801 1392
801 1478
801 1496
801 2454
801 2893
802 802
802 360
802 2566
802 2271
802 1692
802 1353
802 1404
802 65
802 1786
802 8
803 803
803 2749
803 2064
803 3761
803 1006
803 551
803 1496
803 1713
803 2454
803 3320
804 804
804 3645
804 179
804 3898
804 1443
804 2159
804 3193
804 3512
804 62
804 296
805 805
805 1378
805 1897
805 378
805 1115
805 2721
805 2966
805 3119
805 3403
805 3433
806 806
806 3124
806 441
806 2877
806 310
806 414
806 704
806 2252
806 2437
806 3077
807 807
807 3539
807 2176
807 1764
807 201
807 2895
807 2579
807 3601
807 789
807 3164
808 808
808 3739
808 2847
808 1196
808 3293
808 1327
808 3701
808 1726
808 1055
808 1667
809 809
809 1651
809 3164
809 822
809 875
809 1299
809 2190
809 2643
809 3178
809 3763
810 810
810 3262
810 646
810 910
810 2889
810 3161
810 3131
810 822
810 2483
810 490
811 811
811 179
811 2712
811 62
811 296
811 397
811 533
811 772
811 813
811 875
812 812
812 1289
812 1292
812 1392
812 1478
812 2914
812 2991
812 3641
812 3898
812 8
813 813
813 179
813 62
813 296
813 397
813 533
813 875
813 1299
813 2190
813 2248
814 814
814 866
814 3005
814 2823
814 646
814 910
814 2889
814 3161
814 704
814 3069
815 815
815 3334
815 562
815 104
815 945
815 3839
815 875
815 1299
815 2190
815 2292
816 816
816 1523
816 1439
816 2070
816 2257
816 2959
816 3815
816 3574
816 3064
816 3392
817 817
817 831
817 1450
817 277
817 3045
817 1940
817 2770
817 2322
817 3419
817 3713
818 818
818 1100
818 1934
818 2798
818 2929
818 691
818 658
818 1136
818 1316
818 1700
819 819
819 1654
819 3785
819 618
819 3396
819 906
819 989
819 2221
819 3178
819 3258
820 820
820 3629
820 369
820 2058
820 2525
820 48
820 157
820 188
820 422
820 830
821 821
821 1750
821 555
821 1759
821 1736
821 1306
821 2447
821 2279
821 2274
821 3533
822 822
822 3178
822 8
822 294
822 338
822 387
822 557
822 773
822 920
822 1180
823 823
823 179
823 2073
823 3609
823 2159
823 3512
823 62
823 296
823 384
823 397
824 824
824 1067
824 3045
824 1728
824 1509
824 96
824 1757
824 391
824 3419
824 1730
825 825
825 2183
825 732
825 3292
825 414
825 1869
825 2252
825 2358
825 2560
825 3202
826 826
826 2448
826 2200
826 989
826 1831
826 2221
826 2496
826 2958
826 343
826 381
827 827
827 3097
827 645
827 3893
827 104
827 4043
827 1567
827 3132
827 2330
827 130
828 537
828 828
828 2170
828 8
828 294
828 338
828 387
828 557
828 593
828 773
829 829
829 3783
829 732
829 3292
829 414
829 1626
829 1787
829 2252
829 2953
829 2496
830 830
830 820
830 3629
830 2446
830 3992
830 1222
830 48
830 1519
830 2440
830 3850
831 831
831 1450
831 2770
831 3419
831 1616
831 3045
831 817
831 3841
831 2161
831 2093
832 832
832 2376
832 657
832 2863
832 445
832 947
832 3594
832 1670
832 2900
832 2816
833 833
833 1250
833 328
833 3912
833 1640
833 3332
833 3649
833 2001
833 2685
833 1519
834 834
834 1805
834 8
834 294
834 338
834 387
834 557
834 594
834 755
834 773
835 835
835 2537
835 2644
835 111
835 875
835 1299
835 2190
835 2292
835 2846
835 8
836 162
836 836
836 2205
836 147
836 2560
836 3683
836 1519
836 2440
836 3850
836 319
837 837
837 3369
837 1239
837 676
837 1493
837 3960
837 2330
837 3077
837 1195
837 2927
838 838
838 1986
838 1708
838 1052
838 3677
838 2152
838 370
838 851
838 3719
838 2252
839 839
839 3762
839 775
839 179
839 3021
839 296
839 62
839 397
839 533
839 813
840 840
840 733
840 995
840 1889
840 2810
840 8
840 290
840 294
840 338
840 387
841 841
841 312
841 1211
841 2180
841 2483
841 2612
841 2975
841 3134
841 7
841 8
842 842
842 81
842 875
842 1299
842 2190
842 2742
842 3178
842 3294
842 2001
842 2685
843 843
843 149
843 468
843 989
843 1292
843 2035
843 2221
843 2558
843 3641
843 3823
844 844
844 884
844 1844
844 1105
844 3770
844 2712
844 92
844 4017
844 1134
844 428
845 845
845 2777
845 284
845 2826
845 609
845 1153
845 1215
845 1289
845 1392
845 1478
846 846
846 1472
846 2627
846 1992
846 3243
846 650
846 991
846 1634
846 2142
846 2386
847 847
847 468
847 857
847 1292
847 1321
847 2558
847 3641
847 8
847 294
847 338
848 848
848 861
848 85
848 3664
848 2960
848 1139
848 2388
848 561
848 2052
848 3077
849 849
849 3688
849 2447
849 2071
849 1270
849 3394
849 1039
849 3742
849 3716
849 1759
850 850
850 2447
850 1225
850 2071
850 3394
850 3716
850 849
850 1759
850 1039
850 3688
851 851
851 319
851 733
851 995
851 2810
851 3719
851 1179
851 2560
851 3683
851 8
852 852
852 2130
852 2564
852 3575
852 3708
852 2761
852 2831
852 1607
852 3833
852 62
853 853
853 1275
853 551
853 1786
853 875
853 1165
853 1299
853 1353
853 1404
853 2139
854 854
854 575
854 593
854 2073
854 2726
854 2159
854 3512
854 384
854 624
854 875
855 855
855 3060
855 1661
855 8
855 294
855 338
855 387
855 557
855 686
855 773
856 856
856 3163
856 2850
856 2637
856 1978
856 3836
856 989
856 1047
856 2221
856 2845
857 857
857 468
857 847
857 1292
857 3641
857 8
857 294
857 338
857 387
857 557
858 858
858 358
858 657
858 1983
858 2908
858 2722
858 947
858 3073
858 3773
858 1779
859 859
859 3429
859 571
859 8
859 294
859 338
859 387
859 520
859 557
859 773
860 860
860 729
860 2601
860 1211
860 1760
860 2180
860 3069
860 3134
860 1179
860 8
861 861
861 848
861 1033
861 1766
861 2960
861 2675
861 2052
861 2616
861 4025
861 1139
862 862
862 1541
862 1781
862 3223
862 81
862 281
862 296
862 402
862 538
862 875
863 863
863 2292
863 319
863 422
863 468
863 957
863 1047
863 2230
863 2473
863 2537
864 864
864 1848
864 2817
864 1865
864 2306
864 1248
864 2188
864 1786
864 1027
864 1353
865 865
865 2265
865 187
865 549
865 794
865 744
865 23
865 2316
865 1951
865 886
866 866
866 3005
866 2823
866 814
866 646
866 910
866 2889
866 3161
866 3069
866 704
867 867
867 98
867 1162
867 1905
867 2132
867 3117
867 391
867 1426
867 1993
867 1728
868 868
868 2925
868 2449
868 2575
868 93
868 88
868 444
868 3889
868 1621
868 323
869 869
869 3050
869 3495
869 2483
869 7
869 8
869 294
869 338
869 387
869 557
870 779
870 870
870 1975
870 8
870 294
870 338
870 387
870 557
870 773
870 920
871 871
871 3406
871 3524
871 2127
871 2496
871 2958
871 149
871 468
871 650
871 822
872 872
872 296
872 62
872 179
872 533
872 583
872 813
872 1443
872 3193
872 1719
873 873
873 2450
873 2793
873 2627
873 3517
873 3626
873 3077
873 3122
873 126
873 296
874 874
874 1573
874 639
874 3048
874 1939
874 2103
874 3158
874 210
874 587
874 2863
875 875
875 1299
875 2190
875 8
875 134
875 179
875 294
875 338
875 387
875 557
876 876
876 422
876 188
876 2210
876 3675
876 378
876 629
876 1153
876 1215
876 2721
877 877
877 739
877 3199
877 8
877 294
877 338
877 387
877 394
877 557
877 773
878 878
878 1211
878 1713
878 2180
878 2406
878 2914
878 2991
878 3134
878 8
878 294
879 879
879 962
879 2435
879 1840
879 822
879 2601
879 3499
879 1047
879 761
879 989
880 880
880 3328
880 1128
880 1917
880 370
880 1822
880 1136
880 1316
880 1700
880 2556
881 881
881 3733
881 3028
881 3212
881 179
881 248
881 296
881 813
881 1967
881 3476
882 882
882 8
882 294
882 338
882 387
882 557
882 623
882 773
882 902
882 920
883 883
883 4046
883 3120
883 2090
883 3823
883 468
883 1496
883 2454
883 3320
883 1165
884 884
884 844
884 1105
884 1064
884 1467
884 2091
884 2792
884 1635
884 626
884 3770
885 885
885 378
885 2721
885 3612
885 8
885 294
885 335
885 338
885 387
885 557
886 886
886 1357
886 3111
886 650
886 991
886 1353
886 1404
886 3188
886 3925
886 3990
887 887
887 731
887 2433
887 2876
887 2914
887 2991
887 8
887 294
887 338
887 387
888 888
888 2049
888 3229
888 2983
888 3637
888 1310
888 636
888 1759
888 555
888 2701
889 889
889 62
889 296
889 650
889 733
889 840
889 875
889 991
889 995
889 1299
890 890
890 3301
890 1127
890 1650
890 1474
890 3919
890 81
890 618
890 811
890 1541
891 891
891 1010
891 3642
891 130
891 1496
891 1889
891 2454
891 2631
891 2914
891 2991
892 892
892 2602
892 1055
892 2437
892 319
892 414
892 575
892 583
892 619
892 650
893 893
893 3322
893 1723
893 698
893 8
893 294
893 338
893 387
893 557
893 773
894 431
894 894
894 2284
894 1831
894 8
894 294
894 338
894 343
894 381
894 387
895 895
895 1289
895 1392
895 1478
895 2386
895 2790
895 8
895 294
895 338
895 387
896 896
896 1647
896 1672
896 1354
896 3488
896 2034
896 65
896 3458
896 1838
896 2601
897 897
897 1192
897 1777
897 538
897 788
897 1289
897 1392
897 1478
897 3353
897 1179
898 898
898 378
898 2721
898 3612
898 8
898 294
898 335
898 338
898 387
898 557
899 899
899 2696
899 770
899 161
899 3167
899 3294
899 893
899 3322
899 875
899 1299
900 900
900 134
900 771
900 2073
900 384
900 624
900 875
900 1204
900 1299
900 1524
901 901
901 1946
901 1550
901 2912
901 3570
901 2073
901 2714
901 3626
901 2159
901 3512
902 902
902 650
902 991
902 8
902 294
902 338
902 387
902 557
902 623
902 773
903 903
903 1711
903 259
903 36
903 588
903 1270
903 1107
903 4005
903 3410
903 1273
904 904
904 378
904 2721
904 3085
904 3612
904 8
904 294
904 335
904 338
904 387
905 905
905 1737
905 1015
905 1464
905 414
905 1766
905 2751
905 509
905 2004
905 2152
906 906
906 3785
906 819
906 1654
906 1128
906 2560
906 3683
906 3396
906 319
906 325
907 907
907 1116
907 92
907 370
907 3990
907 2601
907 2667
907 1136
907 1316
907 1700
908 908
908 8
908 294
908 338
908 387
908 557
908 773
908 920
908 1180
908 1278
909 909
909 1828
909 2825
909 1179
909 8
909 294
909 338
909 387
909 557
909 773
910 646
910 910
910 2889
910 3161
910 1022
910 2252
910 2687
910 2994
910 3549
910 2152
911 911
911 1777
911 319
911 370
911 851
911 1024
911 1128
911 1289
911 1392
911 1478
912 912
912 3527
912 2423
912 2149
912 2291
912 3327
912 28
912 3649
912 2194
912 1667
913 913
913 3663
913 1192
913 1831
913 2058
913 2406
913 3543
913 3662
913 3931
913 8
914 914
914 3258
914 8
914 294
914 338
914 387
914 414
914 557
914 593
914 755
915 915
915 2471
915 174
915 169
915 718
915 902
915 202
915 650
915 801
915 875
916 916
916 3600
916 378
916 1667
916 2210
916 2721
916 3612
916 8
916 294
916 335
917 917
917 3419
917 979
917 2239
917 209
917 2701
917 2194
917 3439
917 277
917 2575
918 918
918 650
918 991
918 2845
918 8
918 294
918 338
918 387
918 557
918 773
919 919
919 1889
919 2386
919 2746
919 2790
919 8
919 294
919 338
919 387
919 557
920 8
920 294
920 338
920 387
920 557
920 773
920 920
920 1180
920 1278
920 1366
921 921
921 2827
921 1815
921 2210
921 378
921 442
921 2721
921 2914
921 2991
921 3612
922 922
922 961
922 2775
922 650
922 875
922 918
922 991
922 1299
922 2190
922 1136
923 923
923 1190
923 2825
923 8
923 294
923 338
923 387
923 557
923 773
923 920
924 924
924 3543
924 378
924 2721
924 3556
924 3612
924 8
924 294
924 335
924 338
925 925
925 3851
925 81
925 8
925 294
925 338
925 387
925 557
925 592
925 720
926 926
926 2804
926 3383
926 455
926 1197
926 2311
926 3001
926 3354
926 3569
926 3631
927 927
927 652
927 2037
927 2870
927 2917
927 3397
927 3271
927 1636
927 303
927 3089
928 928
928 635
928 989
928 1165
928 2139
928 2221
928 2496
928 2958
928 8
928 294
929 929
929 1287
929 609
929 2230
929 2825
929 8
929 134
929 294
929 338
929 387
930 930
930 2047
930 538
930 3916
930 731
930 3588
930 1179
930 1496
930 2454
930 2648
931 931
931 126
931 1190
931 2601
931 2772
931 3569
931 3626
931 1179
931 8
931 286
932 932
932 1426
932 277
932 2662
932 476
932 1065
932 3117
932 2116
932 303
932 391
933 933
933 8
933 294
933 338
933 387
933 557
933 773
933 920
933 1180
933 1278
934 934
934 2271
934 1692
934 2742
934 312
934 1134
934 1321
934 2612
934 7
934 8
935 935
935 81
935 2845
935 3178
935 8
935 294
935 338
935 387
935 557
935 592
936 936
936 276
936 402
936 1353
936 1404
936 1419
936 1661
936 2406
936 8
936 294
937 937
937 1558
937 1843
937 1288
937 2767
937 3174
937 179
937 3077
937 1443
937 3193
938 938
938 1794
938 2073
938 2159
938 3512
938 384
938 527
938 624
938 854
938 875
939 939
939 2404
939 2073
939 2159
939 3512
939 305
939 384
939 624
939 875
939 1299
940 940
940 65
940 810
940 3479
940 3916
940 179
940 345
940 707
940 1006
940 1479
941 941
941 2445
941 162
941 836
941 319
941 2205
941 732
941 3292
941 1519
941 2440
942 942
942 1017
942 1289
942 1392
942 1478
942 2272
942 2846
942 2858
942 8
942 294
943 943
943 1688
943 8
943 294
943 338
943 387
943 557
943 773
943 920
943 1180
944 944
944 3735
944 2380
944 1997
944 650
944 991
944 1271
944 1729
944 1889
944 2437
945 945
945 1321
945 3303
945 8
945 294
945 338
945 366
945 387
945 557
945 773
946 946
946 2618
946 3231
946 1163
946 80
946 733
946 851
946 961
946 995
946 1909
947 947
947 358
947 858
947 3594
947 2908
947 2900
947 657
947 1983
947 209
947 1831
948 948
948 3372
948 310
948 2252
948 2305
948 2560
948 3683
948 729
948 1128
948 1211
949 949
949 2246
949 364
949 2028
949 1350
949 3135
949 2276
949 3419
949 2845
949 2001
950 950
950 144
950 312
950 501
950 527
950 1321
950 2483
950 2612
950 2779
950 3444
951 951
951 8
951 294
951 338
951 387
951 557
951 760
951 773
951 920
951 1180
952 952
952 3242
952 134
952 296
952 875
952 1299
952 1889
952 2190
952 1179
952 8
953 953
953 3461
953 2661
953 370
953 875
953 1299
953 2190
953 2472
953 526
953 707
954 954
954 1017
954 2272
954 2858
954 8
954 294
954 338
954 387
954 557
954 707
955 955
955 3260
955 1035
955 8
955 294
955 338
955 387
955 557
955 773
955 875
956 956
956 650
956 991
956 2191
956 8
956 230
956 294
956 338
956 387
956 557
957 957
957 2230
957 2276
957 2845
957 8
957 294
957 338
957 387
957 557
957 773
958 958
958 1197
958 1777
958 731
958 1289
958 1392
958 1478
958 1799
958 2913
958 3843
959 959
959 8
959 294
959 338
959 387
959 557
959 773
959 920
959 1180
959 1278
960 960
960 2636
960 2396
960 2168
960 2601
960 3626
960 3135
960 104
960 126
960 624
961 961
961 875
961 1299
961 2190
961 1136
961 1316
961 1700
961 2556
961 3398
961 8
962 962
962 879
962 179
962 2537
962 3872
962 50
962 761
962 2812
962 3479
962 3920
963 963
963 3910
963 81
963 875
963 1299
963 2190
963 3178
963 3258
963 8
963 134
964 964
964 8
964 294
964 338
964 387
964 557
964 638
964 773
964 920
964 996
965 965
965 3937
965 1179
965 8
965 179
965 294
965 338
965 387
965 557
965 733
966 966
966 1290
966 3503
966 3418
966 2359
966 2188
966 1353
966 1404
966 1460
966 1710
967 967
967 2081
967 146
967 822
967 2177
967 650
967 788
967 875
967 991
967 1299
968 968
968 1734
968 3284
968 2159
968 2912
968 3512
968 1781
968 2073
968 2714
968 111
969 969
969 1039
969 3533
969 1759
969 2279
969 2274
969 3716
969 1046
969 555
969 1736
970 970
970 62
970 875
970 1204
970 1299
970 2190
970 2918
970 8
970 134
970 179
971 971
971 1345
971 1041
971 420
971 1455
971 3810
971 2066
971 1614
971 170
971 414
972 972
972 179
972 1479
972 2655
972 3805
972 3920
972 62
972 81
972 92
972 204
973 973
973 597
973 3625
973 2701
973 3688
973 2233
973 1306
973 3699
973 148
973 2816
974 974
974 3969
974 374
974 625
974 1988
974 1541
974 538
974 3040
974 81
974 104
975 975
975 11
975 2404
975 939
975 2073
975 2537
975 2644
975 1454
975 2159
975 2705
976 976
976 3665
976 2548
976 2951
976 750
976 1567
976 3256
976 104
976 3893
976 3119
977 977
977 421
977 137
977 2829
977 3990
977 650
977 991
977 1705
977 1831
977 92
978 978
978 1338
978 1970
978 3719
978 2560
978 3683
978 733
978 851
978 995
978 1288
979 979
979 3441
979 917
979 277
979 3745
979 2194
979 3878
979 817
979 1450
979 721
980 980
980 1953
980 1407
980 2723
980 3161
980 1824
980 646
980 910
980 2889
980 3262
981 981
981 3239
981 3631
981 3925
981 2648
981 3056
981 3462
981 1333
981 1353
981 1404
982 982
982 1386
982 617
982 3925
982 520
982 2996
982 438
982 553
982 1038
982 1390
983 983
983 1614
983 2252
983 569
983 605
983 989
983 1211
983 1325
983 1752
983 1802
984 984
984 2282
984 1549
984 334
984 2175
984 441
984 634
984 1829
984 3576
984 3923
985 985
985 1132
985 2311
985 2934
985 3141
985 41
985 438
985 449
985 580
985 600
986 986
986 3233
986 1741
986 3878
986 957
986 4043
986 161
986 48
986 2161
986 508
987 987
987 208
987 1496
987 2352
987 2454
987 3320
987 1179
987 8
987 109
987 294
988 518
988 988
988 1298
988 343
988 319
988 1831
988 3303
988 2560
988 3683
988 2252
989 989
989 2221
989 2496
989 2958
989 8
989 294
989 338
989 387
989 557
989 773
990 990
990 3010
990 1251
990 1678
990 91
990 361
990 2796
990 444
990 3878
990 93
991 650
991 991
991 8
991 294
991 338
991 387
991 557
991 773
991 902
991 920
992 992
992 3363
992 1951
992 3987
992 1460
992 3658
992 959
992 1179
992 788
992 1774
993 993
993 1091
993 3321
993 1849
993 7
993 3750
993 2483
993 650
993 875
993 991
994 994
994 531
994 1363
994 3318
994 2451
994 1353
994 1404
994 1713
994 1179
994 157
995 733
995 995
995 2810
995 8
995 290
995 294
995 338
995 387
995 557
995 773
996 996
996 8
996 294
996 338
996 387
996 557
996 773
996 920
996 1180
996 1278
997 997
997 3254
997 784
997 2085
997 2674
997 3995
997 2532
997 3615
997 1660
997 3960
998 998
998 2483
998 7
998 8
998 294
998 338
998 387
998 557
998 707
998 773
999 999
999 2143
999 312
999 1321
999 1496
999 1889
999 2454
999 2612
999 3320
999 3761
1000 1000
1000 323
1000 1013
1000 2464
1000 2925
1000 2029
1000 3713
1000 868
1000 2342
1000 3929
1001 1001
1001 2111
1001 8
1001 294
1001 338
1001 387
1001 557
1001 571
1001 650
1001 773
1002 1002
1002 2008
1002 3085
1002 8
1002 294
1002 338
1002 387
1002 557
1002 686
1002 773
1003 1003
1003 3939
1003 119
1003 517
1003 650
1003 918
1003 991
1003 1516
1003 2437
1003 2845
1004 1004
1004 340
1004 2707
1004 2825
1004 8
1004 294
1004 338
1004 387
1004 557
1004 760
1005 1005
1005 1872
1005 2906
1005 3171
1005 1265
1005 716
1005 3265
1005 3117
1005 1567
1005 277
1006 1006
1006 1496
1006 2454
1006 3320
1006 3444
1006 8
1006 294
1006 338
1006 387
1006 557
1007 1007
1007 350
1007 1849
1007 1211
1007 2180
1007 2483
1007 2611
1007 3077
1007 3134
1007 253
1008 1008
1008 3087
1008 414
1008 825
1008 3387
1008 704
1008 2004
1008 4014
1008 732
1008 1869
1009 1009
1009 4006
1009 876
1009 3448
1009 319
1009 609
1009 2292
1009 2606
1009 3675
1009 1273
1010 1010
1010 1889
1010 3303
1010 8
1010 294
1010 338
1010 387
1010 557
1010 773
1010 920
1011 1011
1011 378
1011 2721
1011 3612
1011 3774
1011 0
1011 8
1011 294
1011 335
1011 338
1012 1012
1012 3749
1012 1556
1012 288
1012 44
1012 1967
1012 2317
1012 2923
1012 3994
1012 2800
1013 1013
1013 2464
1013 3713
1013 1980
1013 2252
1013 2883
1013 2342
1013 370
1013 3988
1013 704
1014 1014
1014 41
1014 1831
1014 2005
1014 8
1014 294
1014 338
1014 343
1014 387
1014 557
1015 1015
1015 905
1015 1737
1015 414
1015 310
1015 2252
1015 132
1015 343
1015 704
1015 729
1016 1016
1016 1609
1016 1903
1016 2526
1016 2578
1016 3208
1016 1417
1016 2283
1016 81
1016 658
1017 1017
1017 2272
1017 2858
1017 8
1017 294
1017 338
1017 387
1017 557
1017 773
1017 920
1018 1018
1018 65
1018 1482
1018 1786
1018 1849
1018 2794
1018 788
1018 875
1018 1232
1018 1299
1019 1019
1019 2903
1019 2560
1019 2845
1019 3683
1019 8
1019 294
1019 338
1019 343
1019 387
1020 1020
1020 2198
1020 989
1020 2221
1020 2496
1020 2958
1020 8
1020 294
1020 338
1020 387
1021 757
1021 1021
1021 2309
1021 3151
1021 1808
1021 3206
1021 785
1021 650
1021 991
1021 1321
1022 1022
1022 2252
1022 1211
1022 1325
1022 2152
1022 2180
1022 2305
1022 2475
1022 2860
1022 2914
1023 1023
1023 3207
1023 1876
1023 2248
1023 3920
1023 587
1023 179
1023 296
1023 459
1023 1670
1024 1024
1024 378
1024 1289
1024 1392
1024 1478
1024 2721
1024 3612
1024 8
1024 294
1024 335
1025 1025
1025 2779
1025 8
1025 294
1025 338
1025 387
1025 557
1025 773
1025 920
1025 1180
1026 1026
1026 1211
1026 2180
1026 3134
1026 3178
1026 8
1026 294
1026 338
1026 387
1026 520
1027 1027
1027 1496
1027 2454
1027 3320
1027 8
1027 294
1027 338
1027 387
1027 557
1027 638
1028 1028
1028 624
1028 2073
1028 384
1028 875
1028 1299
1028 2190
1028 2912
1028 8
1028 134
1029 1029
1029 92
1029 3548
1029 596
1029 1197
1029 2016
1029 2052
1029 2601
1029 2658
1029 3141
1030 1030
1030 1353
1030 1404
1030 2914
1030 2991
1030 8
1030 294
1030 338
1030 387
1030 551
1031 1031
1031 2232
1031 135
1031 782
1031 935
1031 822
1031 1541
1031 92
1031 3155
1031 81
1032 1032
1032 429
1032 635
1032 707
1032 2550
1032 3141
1032 3557
1032 157
1032 354
1032 538
1033 1033
1033 861
1033 1041
1033 848
1033 420
1033 971
1033 2235
1033 3494
1033 1455
1033 1893
1034 1034
1034 2462
1034 134
1034 2210
1034 3543
1034 3626
1034 126
1034 286
1034 378
1034 875
1035 1035
1035 8
1035 294
1035 338
1035 387
1035 557
1035 773
1035 920
1035 1180
1035 1278
1036 1036
1036 471
1036 586
1036 1321
1036 1496
1036 2156
1036 2454
1036 3320
1036 8
1036 294
1037 1037
1037 2341
1037 2435
1037 1840
1037 3919
1037 414
1037 729
1037 2252
1037 50
1037 2821
1038 1038
1038 650
1038 801
1038 991
1038 1289
1038 1353
1038 1392
1038 1404
1038 1478
1038 3747
1039 1039
1039 3533
1039 3716
1039 2279
1039 969
1039 1759
1039 2447
1039 3688
1039 3394
1039 1046
1040 1040
1040 2194
1040 396
1040 2762
1040 3475
1040 3419
1040 3745
1040 645
1040 3257
1040 28
1041 1041
1041 971
1041 1345
1041 420
1041 1455
1041 3810
1041 2066
1041 509
1041 2152
1041 1766
1042 1042
1042 1264
1042 1282
1042 1693
1042 3212
1042 4031
1042 729
1042 860
1042 2192
1042 2473
1043 1043
1043 1448
1043 1385
1043 2135
1043 2615
1043 2914
1043 2991
1043 650
1043 991
1043 1970
1044 1044
1044 2960
1044 3131
1044 3226
1044 3332
1044 319
1044 989
1044 2221
1044 3303
1044 3649
1045 1045
1045 312
1045 402
1045 468
1045 1158
1045 1289
1045 1392
1045 1478
1045 1777
1045 2612
1046 1046
1046 3716
1046 1039
1046 969
1046 555
1046 3394
1046 3533
1046 2279
1046 821
1046 1759
1047 1047
1047 989
1047 2221
1047 2846
1047 1179
1047 2496
1047 2958
1047 8
1047 294
1047 338
1048 1048
1048 437
1048 2970
1048 1832
1048 1885
1048 1498
1048 2720
1048 2500
1048 451
1048 672
1049 1049
1049 2152
1049 414
1049 704
1049 729
1049 1852
1049 2252
1049 2437
1049 3077
1049 3122
1050 1050
1050 1303
1050 378
1050 758
1050 2721
1050 2825
1050 3445
1050 3612
1050 8
1050 294
1051 1051
1051 607
1051 1002
1051 2008
1051 3897
1051 1136
1051 1316
1051 1700
1051 2556
1051 3398
1052 1052
1052 3578
1052 2152
1052 2339
1052 572
1052 1917
1052 3245
1052 343
1052 1614
1052 2252
1053 1053
1053 2147
1053 1604
1053 2485
1053 3274
1053 40
1053 1854
1053 593
1053 1522
1053 1777
1054 1054
1054 1348
1054 2174
1054 704
1054 1693
1054 1781
1054 2959
1054 3077
1054 3815
1054 3064
1055 1055
1055 2437
1055 378
1055 650
1055 991
1055 2721
1055 3303
1055 3612
1055 8
1055 294
1056 1056
1056 1321
1056 2914
1056 2991
1056 3178
1056 8
1056 294
1056 338
1056 366
1056 387
1057 1057
1057 109
1057 208
1057 41
1057 1496
1057 2005
1057 2391
1057 2454
1057 2914
1057 2991
1058 1058
1058 2841
1058 1889
1058 2794
1058 8
1058 294
1058 338
1058 387
1058 557
1058 638
1059 1059
1059 313
1059 1931
1059 3126
1059 3306
1059 583
1059 875
1059 908
1059 1299
1059 2190
1060 1060
1060 2406
1060 8
1060 179
1060 294
1060 338
1060 387
1060 557
1060 686
1060 773
1061 1061
1061 8
1061 294
1061 338
1061 387
1061 557
1061 586
1061 773
1061 920
1061 1180
1062 1062
1062 733
1062 995
1062 2810
1062 8
1062 290
1062 294
1062 338
1062 387
1062 557
1063 1063
1063 3200
1063 2560
1063 3683
1063 154
1063 291
1063 319
1063 1456
1063 1723
1063 2643
1064 1064
1064 208
1064 1353
1064 1404
1064 1688
1064 1743
1064 2601
1064 3141
1064 82
1064 92
1065 1065
1065 2807
1065 313
1065 277
1065 932
1065 3256
1065 2575
1065 542
1065 476
1065 2364
1066 1066
1066 2649
1066 3281
1066 481
1066 110
1066 2479
1066 1197
1066 1777
1066 525
1066 102
1067 1067
1067 824
1067 1509
1067 1757
1067 3419
1067 391
1067 1071
1067 96
1067 20
1067 2050
1068 1068
1068 1460
1068 92
1068 538
1068 650
1068 991
1068 1126
1068 1353
1068 1404
1068 2352
1069 1069
1069 1696
1069 104
1069 2661
1069 538
1069 875
1069 1299
1069 2190
1069 2552
1069 2914
1070 1070
1070 3085
1070 8
1070 294
1070 338
1070 387
1070 557
1070 773
1070 920
1070 1097
1071 1071
1071 3419
1071 1732
1071 163
1071 2093
1071 1509
1071 3119
1071 3893
1071 1567
1071 378
1072 1072
1072 3421
1072 1919
1072 593
1072 130
1072 1055
1072 1693
1072 2437
1072 3077
1072 575
1073 1073
1073 593
1073 575
1073 1289
1073 1392
1073 1478
1073 2777
1073 3353
1073 3937
1073 537
1074 1074
1074 2128
1074 189
1074 8
1074 294
1074 338
1074 387
1074 557
1074 593
1074 733
1075 1075
1075 2204
1075 3274
1075 3521
1075 121
1075 1974
1075 1982
1075 2485
1075 3119
1075 3543
1076 1076
1076 130
1076 2252
1076 319
1076 414
1076 1614
1076 2594
1076 3202
1076 3332
1076 3719
1077 1077
1077 2897
1077 1353
1077 1404
1077 8
1077 294
1077 338
1077 387
1077 428
1077 551
1078 1078
1078 1296
1078 8
1078 294
1078 338
1078 387
1078 557
1078 773
1078 920
1078 1180
1079 1079
1079 2846
1079 8
1079 294
1079 338
1079 387
1079 557
1079 773
1079 882
1079 920
1080 1080
1080 1431
1080 2095
1080 3095
1080 1979
1080 365
1080 931
1080 1974
1080 2210
1080 2475
1081 1081
1081 2095
1081 1431
1081 1600
1081 2916
1081 185
1081 3352
1081 4013
1081 3660
1081 28
1082 1082
1082 3264
1082 490
1082 875
1082 1232
1082 1299
1082 2190
1082 2845
1082 3178
1082 296
1083 1083
1083 306
1083 1153
1083 1215
1083 1522
1083 111
1083 2912
1083 3049
1083 3763
1083 154
1084 1084
1084 1289
1084 1392
1084 1478
1084 8
1084 294
1084 338
1084 387
1084 557
1084 773
1085 1085
1085 3900
1085 908
1085 1289
1085 1392
1085 1478
1085 1931
1085 2777
1085 8
1085 294
1086 1086
1086 276
1086 402
1086 650
1086 991
1086 1353
1086 1404
1086 1456
1086 2406
1086 3462
1087 1087
1087 2609
1087 1287
1087 81
1087 609
1087 2230
1087 2330
1087 2346
1087 3178
1087 3559
1088 1088
1088 291
1088 2386
1088 2790
1088 3303
1088 8
1088 294
1088 338
1088 387
1088 557
1089 1089
1089 1982
1089 1456
1089 2096
1089 8
1089 294
1089 338
1089 387
1089 557
1089 773
1090 1090
1090 1220
1090 1547
1090 3015
1090 2968
1090 519
1090 1474
1090 1786
1090 2154
1090 2655
1091 1091
1091 8
1091 186
1091 294
1091 338
1091 387
1091 557
1091 707
1091 773
1091 920
1092 1092
1092 439
1092 2912
1092 41
1092 111
1092 305
1092 875
1092 1299
1092 2005
1092 2073
1093 1093
1093 3626
1093 126
1093 527
1093 875
1093 1299
1093 1634
1093 2190
1093 3649
1093 3965
1094 1094
1094 3312
1094 2927
1094 2529
1094 2918
1094 3008
1094 3049
1094 191
1094 1524
1094 1646
1095 1095
1095 3651
1095 588
1095 36
1095 1711
1095 4005
1095 3410
1095 1107
1095 3928
1095 259
1096 1096
1096 2860
1096 2252
1096 1017
1096 1211
1096 1325
1096 1456
1096 2180
1096 2272
1096 2305
1097 1097
1097 8
1097 186
1097 294
1097 338
1097 387
1097 557
1097 773
1097 920
1097 1180
1098 1098
1098 2102
1098 2271
1098 1429
1098 2324
1098 733
1098 995
1098 1353
1098 1404
1098 1692
1099 1099
1099 3497
1099 3256
1099 573
1099 375
1099 3877
1099 2291
1099 361
1099 3379
1099 4033
1100 1100
1100 818
1100 2463
1100 626
1100 1934
1100 2271
1100 2798
1100 3064
1100 3392
1100 3815
1101 1101
1101 2350
1101 618
1101 2191
1101 2959
1101 3131
1101 989
1101 2221
1101 2960
1101 3226
1102 1102
1102 179
1102 961
1102 62
1102 459
1102 3763
1102 281
1102 296
1102 397
1102 533
1103 1103
1103 3003
1103 2560
1103 3364
1103 3683
1103 3122
1103 8
1103 294
1103 325
1103 338
1104 1104
1104 1782
1104 2666
1104 427
1104 3462
1104 92
1104 428
1104 2074
1104 1786
1104 2601
1105 1105
1105 2460
1105 3479
1105 328
1105 217
1105 1640
1105 157
1105 2712
1105 3077
1105 3318
1106 1106
1106 214
1106 515
1106 875
1106 1299
1106 2190
1106 1179
1106 1786
1106 2661
1106 8
1107 1107
1107 588
1107 36
1107 4005
1107 3410
1107 1711
1107 1095
1107 1270
1107 2469
1107 259
1108 1108
1108 477
1108 3386
1108 2490
1108 3878
1108 726
1108 986
1108 831
1108 2093
1108 2770
1109 1109
1109 316
1109 1765
1109 3356
1109 1520
1109 2510
1109 2552
1109 2882
1109 3631
1109 65
1110 1110
1110 489
1110 3581
1110 1786
1110 65
1110 2615
1110 186
1110 319
1110 718
1110 733
1111 1111
1111 1368
1111 509
1111 1395
1111 1766
1111 3649
1111 732
1111 1611
1111 3292
1111 3480
1112 1112
1112 194
1112 3516
1112 2962
1112 2912
1112 1303
1112 1841
1112 3626
1112 170
1112 1524
1113 1113
1113 551
1113 1165
1113 1353
1113 1404
1113 2139
1113 3689
1113 8
1113 294
1113 338
1114 1114
1114 959
1114 8
1114 294
1114 338
1114 387
1114 557
1114 773
1114 920
1114 1180
1115 1115
1115 378
1115 875
1115 1204
1115 1299
1115 1661
1115 2190
1115 2721
1115 2918
1115 3612
1116 1116
1116 907
1116 2953
1116 370
1116 1128
1116 2667
1116 319
1116 1298
1116 291
1116 325
1117 1117
1117 3321
1117 2283
1117 993
1117 1016
1117 1533
1117 2578
1117 3208
1117 1829
1117 3562
1118 1118
1118 130
1118 3069
1118 2016
1118 2959
1118 3077
1118 3975
1118 650
1118 991
1118 1211
1119 1119
1119 1736
1119 2521
1119 1878
1119 369
1119 277
1119 3960
1119 3256
1119 3615
1119 1306
1120 1120
1120 472
1120 4046
1120 3131
1120 989
1120 2221
1120 2355
1120 2627
1120 2496
1120 2958
1121 1121
1121 1179
1121 779
1121 870
1121 1975
1121 8
1121 50
1121 130
1121 294
1121 312
1122 1122
1122 62
1122 875
1122 1017
1122 1299
1122 2189
1122 2190
1122 2272
1122 2858
1122 8
1123 1123
1123 517
1123 2581
1123 1516
1123 8
1123 294
1123 338
1123 387
1123 557
1123 558
1124 1124
1124 284
1124 414
1124 593
1124 692
1124 704
1124 1614
1124 2252
1124 4051
1124 325
1125 1125
1125 717
1125 1572
1125 111
1125 1472
1125 2537
1125 2769
1125 3135
1125 3501
1125 3709
1126 1126
1126 1353
1126 1404
1126 1179
1126 8
1126 294
1126 338
1126 387
1126 520
1126 551
1127 1127
1127 1650
1127 296
1127 248
1127 179
1127 2157
1127 2497
1127 1479
1127 1541
1127 3407
1128 1128
1128 325
1128 2171
1128 1136
1128 1316
1128 1700
1128 2556
1128 3398
1128 2560
1128 3683
1129 1129
1129 746
1129 1367
1129 111
1129 296
1129 397
1129 1047
1129 1215
1129 1479
1129 1954
1130 1130
1130 50
1130 130
1130 605
1130 650
1130 767
1130 918
1130 989
1130 991
1130 2191
1131 1131
1131 2579
1131 3119
1131 788
1131 1781
1131 3674
1131 378
1131 822
1131 875
1131 1192
1132 1132
1132 985
1132 208
1132 987
1132 41
1132 638
1132 1496
1132 2005
1132 2311
1132 2352
1133 1133
1133 2723
1133 646
1133 910
1133 2889
1133 1862
1133 3161
1133 2778
1133 1980
1133 3719
1134 1134
1134 1353
1134 1404
1134 7
1134 8
1134 294
1134 338
1134 387
1134 428
1134 551
1135 1135
1135 14
1135 3743
1135 1750
1135 1306
1135 821
1135 398
1135 1783
1135 2274
1135 1277
1136 1136
1136 1316
1136 1700
1136 2556
1136 3398
1136 8
1136 294
1136 338
1136 387
1136 557
1137 1137
1137 3390
1137 9
1137 2782
1137 1472
1137 1688
1137 1906
1137 2845
1137 3326
1137 3559
1138 1138
1138 453
1138 378
1138 527
1138 609
1138 2721
1138 3612
1138 3965
1138 650
1138 991
1139 1139
1139 2388
1139 733
1139 995
1139 1831
1139 2810
1139 343
1139 1631
1139 1909
1139 1970
1140 1140
1140 954
1140 1017
1140 1353
1140 1404
1140 1786
1140 2272
1140 2858
1140 8
1140 179
1141 1141
1141 1417
1141 1609
1141 2189
1141 2329
1141 1786
1141 2661
1141 626
1141 62
1141 483
1142 1142
1142 2064
1142 2749
1142 638
1142 1006
1142 2934
1142 3214
1142 803
1142 10
1142 580
1143 1143
1143 409
1143 788
1143 2914
1143 2991
1143 8
1143 294
1143 338
1143 387
1143 557
1144 1144
1144 3240
1144 2539
1144 3077
1144 704
1144 3978
1144 650
1144 801
1144 991
1144 1211
1145 1145
1145 914
1145 1456
1145 1723
1145 3258
1145 893
1145 3322
1145 8
1145 294
1145 338
1146 1146
1146 1216
1146 1536
1146 2817
1146 92
1146 354
1146 535
1146 551
1146 659
1146 1030
1147 1147
1147 335
1147 1815
1147 378
1147 1661
1147 2094
1147 2406
1147 2468
1147 2721
1147 2845
1148 1148
1148 2628
1148 2708
1148 1904
1148 356
1148 3055
1148 3475
1148 4002
1148 2118
1148 752
1149 1149
1149 1471
1149 2519
1149 304
1149 3355
1149 1657
1149 1196
1149 305
1149 111
1149 1215
1150 1150
1150 3808
1150 3167
1150 3560
1150 2736
1150 3119
1150 875
1150 1299
1150 2190
1150 3769
1151 233
1151 1151
1151 3166
1151 319
1151 2707
1151 3198
1151 3258
1151 3303
1151 1179
1151 8
1152 1152
1152 3790
1152 181
1152 1499
1152 243
1152 213
1152 2966
1152 3403
1152 144
1152 1604
1153 1153
1153 1522
1153 1215
1153 1456
1153 2846
1153 2914
1153 2991
1153 8
1153 294
1153 338
1154 1154
1154 2800
1154 468
1154 1179
1154 8
1154 208
1154 248
1154 294
1154 338
1154 387
1155 1155
1155 3056
1155 169
1155 650
1155 991
1155 1688
1155 8
1155 186
1155 294
1155 338
1156 1156
1156 3769
1156 1974
1156 2210
1156 2537
1156 2733
1156 3675
1156 111
1156 324
1156 365
1157 1157
1157 1503
1157 1174
1157 430
1157 2457
1157 3542
1157 3923
1157 2580
1157 3307
1157 2753
1158 1158
1158 402
1158 8
1158 294
1158 338
1158 387
1158 557
1158 773
1158 920
1158 1180
1159 1159
1159 2694
1159 3140
1159 2580
1159 3307
1159 2233
1159 3625
1159 620
1159 3699
1159 2521
1160 1160
1160 2765
1160 1305
1160 1007
1160 296
1160 1390
1160 1371
1160 3294
1160 179
1160 822
1161 1161
1161 2280
1161 2126
1161 3923
1161 2175
1161 2282
1161 278
1161 2673
1161 1072
1161 2457
1162 1162
1162 867
1162 98
1162 1905
1162 2132
1162 3117
1162 391
1162 1426
1162 1993
1162 173
1163 1163
1163 658
1163 2929
1163 1136
1163 1316
1163 1700
1163 2556
1163 3398
1163 650
1163 991
1164 1164
1164 1369
1164 650
1164 989
1164 991
1164 1321
1164 2189
1164 2191
1164 2221
1164 3303
1165 1165
1165 2139
1165 8
1165 294
1165 338
1165 387
1165 551
1165 557
1165 773
1165 920
1166 1166
1166 4048
1166 1786
1166 3925
1166 65
1166 624
1166 875
1166 1299
1166 1353
1166 1404
1167 1167
1167 146
1167 2163
1167 1197
1167 1774
1167 378
1167 605
1167 692
1167 958
1167 989
1168 1168
1168 1861
1168 2998
1168 423
1168 793
1168 1393
1168 3183
1168 248
1168 438
1168 638
1169 1169
1169 1688
1169 8
1169 294
1169 338
1169 387
1169 557
1169 773
1169 920
1169 1180
1170 1170
1170 1982
1170 154
1170 800
1170 1456
1170 8
1170 294
1170 338
1170 387
1170 557
1171 1171
1171 1211
1171 2180
1171 3134
1171 1179
1171 8
1171 208
1171 294
1171 338
1171 387
1172 1172
1172 3444
1172 638
1172 1006
1172 3214
1172 144
1172 1496
1172 1760
1172 2454
1172 3320
1173 1173
1173 378
1173 609
1173 1115
1173 2661
1173 2721
1173 2918
1173 3094
1173 3612
1173 8
1174 1174
1174 1503
1174 1157
1174 430
1174 3542
1174 2766
1174 2457
1174 3923
1174 2753
1174 2580
1175 1175
1175 1692
1175 2062
1175 855
1175 3060
1175 2189
1175 2271
1175 1786
1175 1955
1175 62
1176 1176
1176 1884
1176 699
1176 3053
1176 1519
1176 2440
1176 3850
1176 2777
1176 561
1176 2152
1177 1177
1177 1662
1177 3502
1177 3365
1177 1362
1177 1277
1177 2678
1177 3781
1177 1976
1177 1756
1178 1178
1178 3807
1178 3702
1178 589
1178 2883
1178 1288
1178 1777
1178 3174
1178 8
1178 294
1179 1179
1179 8
1179 294
1179 338
1179 387
1179 557
1179 773
1179 920
1179 1180
1179 1278
1180 8
1180 294
1180 338
1180 387
1180 557
1180 773
1180 920
1180 1180
1180 1278
1180 1366
1181 1181
1181 3478
1181 2209
1181 262
1181 2822
1181 1987
1181 3627
1181 1634
1181 1482
1181 1786
1182 1182
1182 1208
1182 115
1182 38
1182 567
1182 1767
1182 2295
1182 892
1182 730
1182 3834
1183 1183
1183 918
1183 2587
1183 170
1183 397
1183 761
1183 875
1183 1093
1183 1299
1183 2190
1184 1184
1184 403
1184 751
1184 470
1184 177
1184 2795
1184 3470
1184 334
1184 3402
1184 634
1185 1185
1185 1661
1185 2483
1185 7
1185 8
1185 43
1185 294
1185 338
1185 387
1185 557
1186 1186
1186 1889
1186 2189
1186 3774
1186 8
1186 294
1186 338
1186 387
1186 557
1186 773
1187 1187
1187 2811
1187 3652
1187 2881
1187 3411
1187 3362
1187 1999
1187 657
1187 1983
1187 858
1188 1188
1188 1289
1188 1392
1188 1478
1188 2914
1188 2991
1188 8
1188 294
1188 338
1188 387
1189 1189
1189 2466
1189 455
1189 1535
1189 3188
1189 117
1189 618
1189 650
1189 801
1189 989
1190 1190
1190 8
1190 294
1190 338
1190 387
1190 557
1190 773
1190 920
1190 1180
1190 1278
1191 1191
1191 2508
1191 3599
1191 3131
1191 1877
1191 618
1191 989
1191 2221
1191 2899
1191 3258
1192 1192
1192 3543
1192 378
1192 788
1192 2058
1192 2721
1192 3556
1192 3612
1192 3931
1192 8
1193 1193
1193 466
1193 634
1193 177
1193 3470
1193 3498
1193 1829
1193 2173
1193 3402
1193 2282
1194 1194
1194 2824
1194 2189
1194 8
1194 130
1194 294
1194 338
1194 387
1194 557
1194 773
1195 1195
1195 1211
1195 2180
1195 3134
1195 3126
1195 3306
1195 8
1195 294
1195 338
1195 387
1196 1196
1196 3739
1196 1657
1196 1149
1196 1471
1196 304
1196 3293
1196 2519
1196 3113
1196 801
1197 1197
1197 1289
1197 1392
1197 1478
1197 3843
1197 8
1197 294
1197 338
1197 387
1197 557
1198 1198
1198 132
1198 1022
1198 2252
1198 2710
1198 325
1198 1128
1198 1211
1198 1325
1198 2104
1199 1199
1199 1136
1199 1316
1199 1700
1199 2556
1199 3398
1199 691
1199 8
1199 294
1199 325
1200 1200
1200 3393
1200 276
1200 1353
1200 1404
1200 1688
1200 2021
1200 2406
1200 3178
1200 3258
1201 1201
1201 408
1201 1626
1201 2004
1201 3077
1201 3719
1201 4014
1201 2829
1201 130
1201 291
1202 1202
1202 3821
1202 381
1202 1123
1202 1516
1202 183
1202 517
1202 733
1202 995
1202 1353
1203 1203
1203 3719
1203 2693
1203 2560
1203 3683
1203 733
1203 851
1203 995
1203 1970
1203 2252
1204 1204
1204 875
1204 1299
1204 2190
1204 2918
1204 8
1204 134
1204 179
1204 188
1204 294
1205 1205
1205 331
1205 1548
1205 217
1205 2152
1205 1519
1205 2440
1205 3850
1205 2191
1205 2284
1206 1206
1206 179
1206 533
1206 1443
1206 2159
1206 2317
1206 2923
1206 3193
1206 3512
1206 3994
1207 1207
1207 1812
1207 2210
1207 3633
1207 365
1207 378
1207 1948
1207 2276
1207 2721
1207 2845
1208 1208
1208 38
1208 115
1208 1182
1208 567
1208 2220
1208 1470
1208 3507
1208 509
1208 320
1209 1209
1209 3620
1209 343
1209 2252
1209 1211
1209 1288
1209 1325
1209 1831
1209 2180
1209 2305
1210 1210
1210 3932
1210 3308
1210 343
1210 704
1210 787
1210 1849
1210 2252
1210 3077
1210 3122
1211 1211
1211 2180
1211 3134
1211 8
1211 294
1211 338
1211 387
1211 557
1211 773
1211 920
1212 1212
1212 1274
1212 3685
1212 230
1212 2079
1212 3083
1212 248
1212 956
1212 1375
1212 2993
1213 1213
1213 120
1213 523
1213 381
1213 1372
1213 2780
1213 2024
1213 2496
1213 2540
1213 2958
1214 1214
1214 3554
1214 1444
1214 310
1214 326
1214 1752
1214 2252
1214 414
1214 729
1214 1614
1215 1215
1215 111
1215 1153
1215 2825
1215 2846
1215 2914
1215 2991
1215 8
1215 294
1215 338
1216 1216
1216 1146
1216 1536
1216 2817
1216 864
1216 2727
1216 535
1216 455
1216 92
1216 801
1217 1217
1217 1283
1217 1115
1217 2210
1217 157
1217 378
1217 758
1217 875
1217 1204
1217 1299
1218 1218
1218 109
1218 638
1218 902
1218 2550
1218 650
1218 793
1218 801
1218 991
1218 1496
1219 1219
1219 2718
1219 1357
1219 3111
1219 32
1219 961
1219 1786
1219 2530
1219 2800
1219 1136
1220 1220
1220 1547
1220 3015
1220 1090
1220 519
1220 1786
1220 2033
1220 65
1220 188
1220 875
1221 1221
1221 692
1221 154
1221 1456
1221 1889
1221 3126
1221 3306
1221 8
1221 191
1221 284
1222 1222
1222 2446
1222 3992
1222 1402
1222 2688
1222 830
1222 1859
1222 179
1222 255
1222 296
1223 1223
1223 3986
1223 2824
1223 961
1223 686
1223 1122
1223 2189
1223 62
1223 281
1223 875
1224 505
1224 1224
1224 3000
1224 312
1224 2612
1224 3258
1224 8
1224 294
1224 338
1224 387
1225 1225
1225 2447
1225 850
1225 2071
1225 3688
1225 849
1225 3394
1225 1759
1225 821
1225 3716
1226 1226
1226 3924
1226 2086
1226 2676
1226 50
1226 409
1226 609
1226 1785
1226 2959
1226 3303
1227 1227
1227 2494
1227 1601
1227 3955
1227 779
1227 870
1227 1975
1227 989
1227 2221
1227 2533
1228 1228
1228 2432
1228 688
1228 200
1228 2037
1228 652
1228 454
1228 2917
1228 257
1228 2870
1229 1229
1229 2144
1229 414
1229 854
1229 131
1229 593
1229 1022
1229 2252
1229 2710
1229 4051
1230 1230
1230 2940
1230 1632
1230 2777
1230 1289
1230 1392
1230 1478
1230 1777
1230 3921
1230 8
1231 1231
1231 3517
1231 3626
1231 3975
1231 126
1231 296
1231 305
1231 650
1231 875
1231 918
1232 1232
1232 1781
1232 875
1232 1299
1232 2190
1232 8
1232 134
1232 179
1232 294
1232 338
1233 1233
1233 2961
1233 343
1233 1831
1233 3784
1233 1179
1233 1956
1233 8
1233 294
1233 319
1234 1234
1234 8
1234 294
1234 338
1234 387
1234 557
1234 773
1234 920
1234 1180
1234 1278
1235 1235
1235 2146
1235 686
1235 261
1235 954
1235 1353
1235 1404
1235 2406
1235 2849
1235 2897
1236 1236
1236 3668
1236 296
1236 1393
1236 2769
1236 3139
1236 3763
1236 179
1236 248
1236 335
1237 1237
1237 3785
1237 819
1237 1654
1237 3427
1237 2865
1237 906
1237 3379
1237 2239
1237 3880
1238 1238
1238 4028
1238 551
1238 1165
1238 2139
1238 2308
1238 1179
1238 1321
1238 1353
1238 1404
1239 1239
1239 3369
1239 837
1239 1493
1239 709
1239 2868
1239 2330
1239 3889
1239 170
1239 1121
1240 1240
1240 650
1240 991
1240 1030
1240 1353
1240 1404
1240 2406
1240 2914
1240 2991
1240 3462
1241 1241
1241 2887
1241 3178
1241 8
1241 294
1241 338
1241 387
1241 557
1241 773
1241 822
1242 1242
1242 366
1242 1321
1242 1723
1242 2355
1242 8
1242 294
1242 338
1242 387
1242 557
1243 1243
1243 8
1243 294
1243 338
1243 387
1243 557
1243 773
1243 920
1243 1180
1243 1278
1244 1244
1244 2995
1244 3069
1244 593
1244 2016
1244 2601
1244 40
1244 1854
1244 537
1244 828
1245 1245
1245 695
1245 1030
1245 1353
1245 1404
1245 2914
1245 2991
1245 3325
1245 8
1245 65
1246 1246
1246 2815
1246 697
1246 111
1246 1122
1246 2714
1246 707
1246 1215
1246 1370
1246 1777
1247 1247
1247 2772
1247 3569
1247 3717
1247 442
1247 1190
1247 1634
1247 2332
1247 2433
1247 2707
1248 1248
1248 229
1248 3504
1248 1353
1248 1404
1248 1496
1248 1889
1248 2454
1248 3320
1248 3925
1249 1249
1249 3647
1249 685
1249 170
1249 1211
1249 1289
1249 1392
1249 1478
1249 2180
1249 2914
1250 1250
1250 833
1250 3912
1250 328
1250 762
1250 1460
1250 1640
1250 1688
1250 1831
1250 2483
1251 1251
1251 990
1251 3010
1251 1678
1251 361
1251 91
1251 2796
1251 444
1251 93
1251 3878
1252 1252
1252 318
1252 3052
1252 2164
1252 3281
1252 1066
1252 1197
1252 3141
1252 3135
1252 3040
1253 1253
1253 1947
1253 3136
1253 811
1253 2655
1253 2882
1253 179
1253 230
1253 248
1253 875
1254 1254
1254 2488
1254 2766
1254 1858
1254 252
1254 1174
1254 2457
1254 3071
1254 3923
1254 3379
1255 1255
1255 3466
1255 650
1255 875
1255 991
1255 1232
1255 1299
1255 1456
1255 1688
1255 2190
1256 1256
1256 1391
1256 1460
1256 3455
1256 3869
1256 1179
1256 8
1256 294
1256 338
1256 387
1257 1257
1257 2401
1257 650
1257 991
1257 3178
1257 1179
1257 8
1257 62
1257 92
1257 179
1258 1258
1258 8
1258 290
1258 294
1258 338
1258 387
1258 557
1258 773
1258 920
1258 1180
1259 1259
1259 104
1259 718
1259 875
1259 1188
1259 1289
1259 1299
1259 1392
1259 1478
1259 2190
1260 1260
1260 300
1260 3659
1260 776
1260 2852
1260 2529
1260 3769
1260 1841
1260 714
1260 996
1261 1261
1261 2215
1261 1765
1261 3356
1261 1479
1261 316
1261 365
1261 876
1261 3295
1261 972
1262 1262
1262 3031
1262 599
1262 3620
1262 408
1262 414
1262 1980
1262 2252
1262 704
1262 3077
1263 1263
1263 725
1263 2334
1263 434
1263 2936
1263 559
1263 2872
1263 698
1263 2330
1263 92
1264 1264
1264 1282
1264 1042
1264 3212
1264 2192
1264 2982
1264 2883
1264 529
1264 1165
1264 1211
1265 1265
1265 716
1265 2157
1265 3265
1265 875
1265 1299
1265 1661
1265 2190
1265 179
1265 1115
1266 1266
1266 2959
1266 3056
1266 50
1266 92
1266 130
1266 296
1266 319
1266 650
1266 875
1267 1267
1267 1458
1267 2912
1267 111
1267 875
1267 1050
1267 1299
1267 1794
1267 2073
1267 2190
1268 1268
1268 2537
1268 111
1268 875
1268 1299
1268 2190
1268 2292
1268 2846
1268 3649
1268 3931
1269 1269
1269 1661
1269 2825
1269 8
1269 294
1269 338
1269 387
1269 468
1269 557
1269 580
1270 1270
1270 1711
1270 588
1270 36
1270 459
1270 849
1270 2652
1270 4003
1270 179
1270 2870
1271 1271
1271 3735
1271 3506
1271 944
1271 2361
1271 8
1271 294
1271 338
1271 387
1271 557
1272 1272
1272 2099
1272 1526
1272 3428
1272 3898
1272 90
1272 650
1272 707
1272 954
1272 991
1273 1273
1273 3525
1273 3448
1273 2210
1273 2537
1273 3675
1273 2292
1273 3769
1273 111
1273 378
1274 1274
1274 1212
1274 3685
1274 230
1274 248
1274 1815
1274 2927
1274 324
1274 882
1274 902
1275 1275
1275 853
1275 551
1275 1786
1275 3897
1275 384
1275 438
1275 875
1275 1165
1275 1292
1276 1276
1276 3848
1276 3748
1276 138
1276 2232
1276 135
1276 1031
1276 3121
1276 966
1276 65
1277 1277
1277 3502
1277 3781
1277 788
1277 1362
1277 3346
1277 3893
1277 3769
1277 609
1277 1017
1278 8
1278 294
1278 338
1278 387
1278 557
1278 773
1278 920
1278 1180
1278 1278
1278 1366
1279 1279
1279 1342
1279 3724
1279 1786
1279 483
1279 32
1279 635
1279 875
1279 1017
1279 1299
1280 1280
1280 179
1280 1375
1280 62
1280 296
1280 397
1280 533
1280 813
1280 875
1280 1299
1281 1281
1281 8
1281 121
1281 186
1281 294
1281 338
1281 387
1281 557
1281 593
1281 707
1282 1282
1282 1264
1282 2192
1282 2982
1282 3212
1282 3937
1282 8
1282 179
1282 294
1282 296
1283 1283
1283 1217
1283 1514
1283 1815
1283 2210
1283 2413
1283 3569
1283 378
1283 758
1283 1190
1284 1284
1284 1589
1284 255
1284 1452
1284 1922
1284 3056
1284 3462
1284 3898
1284 41
1284 650
1285 1285
1285 3127
1285 2990
1285 851
1285 3863
1285 343
1285 2601
1285 1849
1285 65
1285 319
1286 245
1286 1286
1286 2202
1286 4055
1286 3364
1286 704
1286 2152
1286 3077
1286 2252
1286 3122
1287 1287
1287 929
1287 609
1287 3559
1287 8
1287 134
1287 294
1287 338
1287 387
1287 557
1288 1288
1288 3174
1288 1211
1288 2180
1288 3134
1288 8
1288 294
1288 338
1288 387
1288 557
1289 1289
1289 1392
1289 1478
1289 8
1289 294
1289 338
1289 387
1289 557
1289 773
1289 920
1290 1290
1290 3503
1290 3418
1290 966
1290 875
1290 1299
1290 1786
1290 2190
1290 2845
1290 3658
1291 1291
1291 882
1291 378
1291 609
1291 1456
1291 2142
1291 2386
1291 2721
1291 2790
1291 3049
1292 1292
1292 3641
1292 8
1292 294
1292 338
1292 387
1292 557
1292 760
1292 773
1292 920
1293 1293
1293 192
1293 320
1293 2626
1293 1209
1293 414
1293 2220
1293 2960
1293 319
1293 2152
1294 1294
1294 3740
1294 1122
1294 62
1294 1519
1294 2440
1294 3850
1294 104
1294 179
1294 296
1295 1295
1295 3937
1295 8
1295 179
1295 188
1295 294
1295 338
1295 387
1295 557
1295 773
1296 1078
1296 1296
1296 8
1296 294
1296 338
1296 387
1296 557
1296 773
1296 920
1296 1180
1297 1297
1297 180
1297 686
1297 3975
1297 8
1297 169
1297 294
1297 338
1297 387
1297 557
1298 1298
1298 518
1298 988
1298 3862
1298 343
1298 319
1298 1831
1298 3303
1298 2560
1298 3683
1299 875
1299 1299
1299 2190
1299 8
1299 134
1299 179
1299 294
1299 338
1299 387
1299 557
1300 1300
1300 65
1300 1692
1300 1955
1300 2271
1300 902
1300 1725
1300 1786
1300 2601
1300 3626
1301 1301
1301 3382
1301 468
1301 497
1301 1179
1301 8
1301 294
1301 338
1301 387
1301 557
1302 1302
1302 1340
1302 1353
1302 1404
1302 3937
1302 8
1302 179
1302 255
1302 294
1302 338
1303 1303
1303 378
1303 2721
1303 2825
1303 3445
1303 3612
1303 8
1303 294
1303 335
1303 338
1304 1304
1304 2483
1304 7
1304 8
1304 294
1304 338
1304 387
1304 557
1304 773
1304 920
1305 1305
1305 2765
1305 1160
1305 1007
1305 296
1305 92
1305 179
1305 248
1305 3920
1305 3872
1306 1306
1306 1750
1306 342
1306 445
1306 3327
1306 2238
1306 935
1306 2701
1306 821
1306 92
1307 1307
1307 650
1307 991
1307 8
1307 294
1307 338
1307 387
1307 557
1307 773
1307 902
1308 1308
1308 1713
1308 2845
1308 3258
1308 8
1308 188
1308 294
1308 338
1308 387
1308 557
1309 1309
1309 2537
1309 2632
1309 111
1309 875
1309 1299
1309 2190
1309 2292
1309 2846
1309 8
1310 1310
1310 3637
1310 888
1310 636
1310 2049
1310 2983
1310 2701
1310 1759
1310 555
1310 2274
1311 1311
1311 1195
1311 1211
1311 2152
1311 2180
1311 2914
1311 2991
1311 3134
1311 1179
1311 3126
1312 1312
1312 325
1312 370
1312 2386
1312 2790
1312 2560
1312 3683
1312 8
1312 294
1312 338
1313 1313
1313 3960
1313 1832
1313 451
1313 2409
1313 2310
1313 1567
1313 1522
1313 2537
1313 1982
1314 1314
1314 3358
1314 4034
1314 2669
1314 1929
1314 2575
1314 12
1314 490
1314 1061
1314 2276
1315 1315
1315 1833
1315 1
1315 291
1315 2386
1315 2790
1315 2953
1315 3085
1315 1179
1315 8
1316 1136
1316 1316
1316 1700
1316 2556
1316 3398
1316 8
1316 294
1316 338
1316 387
1316 557
1317 1317
1317 2638
1317 8
1317 294
1317 338
1317 387
1317 557
1317 773
1317 920
1317 996
1318 1318
1318 2484
1318 3763
1318 179
1318 2655
1318 1443
1318 3193
1318 62
1318 296
1318 397
1319 1319
1319 3108
1319 3150
1319 2496
1319 2958
1319 551
1319 989
1319 1165
1319 1460
1319 2139
1320 1320
1320 2308
1320 2825
1320 8
1320 294
1320 338
1320 387
1320 557
1320 707
1320 773
1321 1321
1321 8
1321 294
1321 338
1321 366
1321 387
1321 557
1321 773
1321 920
1321 1180
1322 1322
1322 1937
1322 3522
1322 2864
1322 2479
1322 327
1322 801
1322 3747
1322 2187
1322 1777
1323 1323
1323 2732
1323 87
1323 3250
1323 3
1323 3892
1323 3768
1323 2679
1323 2861
1323 1128
1324 1324
1324 1970
1324 266
1324 733
1324 995
1324 2135
1324 2810
1324 3346
1324 8
1324 60
1325 1325
1325 2252
1325 41
1325 1211
1325 2005
1325 2180
1325 2305
1325 2475
1325 2860
1325 3134
1326 1326
1326 1713
1326 1831
1326 8
1326 294
1326 338
1326 343
1326 387
1326 557
1326 773
1327 1327
1327 1394
1327 126
1327 363
1327 586
1327 875
1327 1299
1327 2190
1327 2292
1327 3303
1328 1328
1328 693
1328 2792
1328 3019
1328 3138
1328 270
1328 2067
1328 2535
1328 1829
1328 2968
1329 1329
1329 335
1329 2772
1329 3113
1329 378
1329 609
1329 1024
1329 1190
1329 1289
1329 1392
1330 1330
1330 1831
1330 2845
1330 8
1330 188
1330 294
1330 338
1330 343
1330 387
1330 557
1331 1331
1331 317
1331 2646
1331 8
1331 294
1331 338
1331 387
1331 557
1331 650
1331 773
1332 1332
1332 1353
1332 1404
1332 3802
1332 8
1332 65
1332 186
1332 294
1332 338
1332 387
1333 1333
1333 82
1333 292
1333 3925
1333 3872
1333 650
1333 991
1333 1353
1333 1404
1333 2082
1334 1334
1334 3798
1334 3215
1334 3774
1334 8
1334 294
1334 338
1334 387
1334 557
1334 773
1335 1335
1335 3811
1335 157
1335 1777
1335 3898
1335 3501
1335 3709
1335 1519
1335 2440
1335 3850
1336 1336
1336 3123
1336 3607
1336 630
1336 310
1336 2252
1336 3122
1336 704
1336 2004
1336 3077
1337 1337
1337 1303
1337 378
1337 2721
1337 3612
1337 586
1337 2825
1337 3139
1337 3556
1337 3753
1338 1338
1338 978
1338 3719
1338 1288
1338 1537
1338 1970
1338 2252
1338 3174
1338 4051
1338 2560
1339 1339
1339 2758
1339 195
1339 859
1339 2473
1339 2772
1339 533
1339 624
1339 130
1339 157
1340 1340
1340 1302
1340 1134
1340 2443
1340 3252
1340 237
1340 1017
1340 1128
1340 1353
1340 1404
1341 446
1341 1341
1341 1768
1341 2601
1341 3126
1341 3306
1341 2887
1341 1179
1341 8
1341 294
1342 1342
1342 1279
1342 3724
1342 2393
1342 1353
1342 1404
1342 2483
1342 92
1342 319
1342 635
1343 1343
1343 767
1343 989
1343 1047
1343 2221
1343 2899
1343 4050
1343 1179
1343 2496
1343 2958
1344 1344
1344 3611
1344 505
1344 1224
1344 3000
1344 312
1344 2612
1344 3937
1344 8
1344 179
1345 1345
1345 971
1345 1041
1345 420
1345 1455
1345 3810
1345 3867
1345 2066
1345 1614
1345 2975
1346 1346
1346 3325
1346 8
1346 294
1346 338
1346 387
1346 557
1346 773
1346 920
1346 1180
1347 1347
1347 224
1347 2397
1347 2373
1347 1521
1347 1599
1347 2701
1347 1693
1347 2637
1347 414
1348 1348
1348 1054
1348 2174
1348 1693
1348 1781
1348 2959
1348 3815
1348 3064
1348 3392
1348 130
1349 1349
1349 3603
1349 179
1349 2248
1349 1443
1349 3193
1349 62
1349 296
1349 397
1349 533
1350 1350
1350 595
1350 2246
1350 949
1350 3489
1350 3624
1350 2239
1350 1892
1350 3135
1350 517
1351 1351
1351 257
1351 3487
1351 303
1351 161
1351 1522
1351 1974
1351 2210
1351 2537
1351 3675
1352 1352
1352 691
1352 1136
1352 1316
1352 1700
1352 2556
1352 3398
1352 989
1352 2221
1352 2496
1353 1353
1353 1404
1353 8
1353 294
1353 338
1353 387
1353 551
1353 557
1353 773
1353 920
1354 1354
1354 2034
1354 65
1354 1786
1354 875
1354 1299
1354 1321
1354 1353
1354 1404
1354 2190
1355 1355
1355 172
1355 635
1355 686
1355 1243
1355 2483
1355 2808
1355 3096
1355 3897
1355 869
1356 1356
1356 2779
1356 8
1356 290
1356 294
1356 338
1356 387
1356 557
1356 773
1356 920
1357 1357
1357 3111
1357 1353
1357 1404
1357 8
1357 294
1357 338
1357 387
1357 551
1357 557
1358 1358
1358 428
1358 455
1358 650
1358 801
1358 991
1358 1289
1358 1321
1358 1353
1358 1392
1359 1359
1359 3649
1359 179
1359 230
1359 248
1359 381
1359 62
1359 296
1359 397
1359 527
1360 1360
1360 378
1360 2721
1360 3612
1360 8
1360 294
1360 335
1360 338
1360 387
1360 557
1361 1361
1361 365
1361 914
1361 414
1361 2736
1361 170
1361 569
1361 575
1361 624
1361 813
1362 1362
1362 1756
1362 2678
1362 3502
1362 1277
1362 1976
1362 3781
1362 1662
1362 277
1362 2724
1363 1363
1363 531
1363 8
1363 294
1363 338
1363 387
1363 557
1363 773
1363 920
1363 994
1364 1364
1364 2483
1364 3303
1364 7
1364 8
1364 294
1364 338
1364 387
1364 557
1364 773
1365 1365
1365 2118
1365 2820
1365 356
1365 620
1365 3806
1365 3055
1365 1585
1365 2909
1365 1850
1366 8
1366 294
1366 338
1366 387
1366 557
1366 773
1366 920
1366 1180
1366 1278
1366 1366
1367 1367
1367 1129
1367 746
1367 397
1367 689
1367 2074
1367 3493
1367 2482
1367 111
1367 173
1368 1368
1368 1111
1368 509
1368 1766
1368 230
1368 1044
1368 2152
1368 319
1368 1395
1368 2171
1369 1369
1369 1164
1369 3303
1369 8
1369 294
1369 338
1369 387
1369 557
1369 650
1369 773
1370 1370
1370 2883
1370 3628
1370 111
1370 170
1370 296
1370 875
1370 1211
1370 1299
1370 1889
1371 1371
1371 2845
1371 8
1371 294
1371 338
1371 387
1371 557
1371 773
1371 822
1371 920
1372 1372
1372 1292
1372 3641
1372 8
1372 294
1372 338
1372 387
1372 557
1372 760
1372 773
1373 1373
1373 2517
1373 707
1373 720
1373 897
1373 954
1373 1006
1373 1777
1373 3252
1373 3432
1374 1374
1374 53
1374 2140
1374 3258
1374 1688
1374 2021
1374 8
1374 294
1374 338
1374 387
1375 1375
1375 3937
1375 8
1375 179
1375 230
1375 248
1375 294
1375 338
1375 387
1375 557
1376 1376
1376 2701
1376 1593
1376 1177
1376 277
1376 1662
1376 3502
1376 3972
1376 2580
1376 3307
1377 1377
1377 2514
1377 3730
1377 2504
1377 907
1377 1116
1377 2667
1377 3245
1377 325
1377 1128
1378 1378
1378 805
1378 1897
1378 2001
1378 2685
1378 3119
1378 3258
1378 8
1378 294
1378 338
1379 1379
1379 1211
1379 1894
1379 2180
1379 3134
1379 3258
1379 8
1379 188
1379 294
1379 338
1380 1380
1380 2067
1380 4007
1380 1871
1380 230
1380 179
1380 2497
1380 296
1380 397
1380 1967
1381 1381
1381 2426
1381 468
1381 1353
1381 1404
1381 3325
1381 3413
1381 3282
1381 3710
1381 8
1382 1382
1382 443
1382 1703
1382 148
1382 1587
1382 4003
1382 3854
1382 3838
1382 2071
1382 3207
1383 1383
1383 3990
1383 370
1383 650
1383 875
1383 991
1383 1299
1383 1321
1383 2190
1383 2918
1384 1384
1384 3220
1384 2914
1384 2991
1384 8
1384 294
1384 338
1384 387
1384 557
1384 773
1385 1385
1385 1043
1385 1448
1385 266
1385 593
1385 2914
1385 2991
1385 575
1385 840
1385 854
1386 1386
1386 982
1386 2001
1386 2685
1386 438
1386 650
1386 991
1386 1038
1386 1353
1386 1404
1387 1387
1387 3112
1387 42
1387 3632
1387 2742
1387 801
1387 3747
1387 3626
1387 875
1387 1299
1388 1388
1388 1958
1388 2004
1388 3122
1388 4014
1388 2560
1388 3683
1388 1136
1388 1316
1388 1700
1389 1389
1389 3065
1389 3040
1389 378
1389 1024
1389 1289
1389 1392
1389 1478
1389 1831
1389 2721
1390 1390
1390 3872
1390 650
1390 991
1390 1321
1390 2177
1390 3417
1390 3925
1390 3966
1390 8
1391 1391
1391 3455
1391 8
1391 294
1391 338
1391 387
1391 557
1391 773
1391 920
1391 1027
1392 1289
1392 1392
1392 1478
1392 8
1392 294
1392 338
1392 387
1392 557
1392 773
1392 920
1393 1393
1393 1723
1393 1889
1393 1179
1393 8
1393 175
1393 248
1393 294
1393 338
1393 387
1394 1394
1394 1327
1394 875
1394 1299
1394 2190
1394 3303
1394 363
1394 586
1394 2292
1394 126
1395 1395
1395 1128
1395 2560
1395 3683
1395 8
1395 240
1395 294
1395 338
1395 343
1395 387
1396 1396
1396 650
1396 991
1396 1723
1396 3178
1396 8
1396 294
1396 338
1396 387
1396 557
1397 1397
1397 2739
1397 312
1397 2612
1397 3354
1397 3455
1397 8
1397 294
1397 335
1397 338
1398 1398
1398 1962
1398 801
1398 1522
1398 1777
1398 1982
1398 2241
1398 3132
1398 3444
1398 3747
1399 1399
1399 733
1399 995
1399 1211
1399 1289
1399 1392
1399 1478
1399 2180
1399 2386
1399 2790
1400 1400
1400 3360
1400 2016
1400 2627
1400 2893
1400 1136
1400 1316
1400 1700
1400 2556
1400 3398
1401 1401
1401 2830
1401 2883
1401 170
1401 569
1401 788
1401 875
1401 1211
1401 1299
1401 2180
1402 1402
1402 2446
1402 1222
1402 3992
1402 2688
1402 1859
1402 830
1402 2299
1402 1750
1402 2782
1403 1403
1403 781
1403 532
1403 2152
1403 2601
1403 2001
1403 2685
1403 92
1403 319
1403 442
1404 1353
1404 1404
1404 8
1404 294
1404 338
1404 387
1404 551
1404 557
1404 773
1404 920
1405 1405
1405 285
1405 3433
1405 248
1405 689
1405 2966
1405 3094
1405 3403
1405 3675
1405 3736
1406 1406
1406 2210
1406 2462
1406 3295
1406 3662
1406 378
1406 586
1406 1153
1406 1456
1406 1522
1407 1407
1407 980
1407 1953
1407 2723
1407 1824
1407 3161
1407 3262
1407 646
1407 910
1407 2889
1408 1408
1408 179
1408 62
1408 296
1408 397
1408 533
1408 813
1408 875
1408 1299
1408 1321
1409 1409
1409 474
1409 312
1409 933
1409 1079
1409 1353
1409 1404
1409 1889
1409 2033
1409 2306
1410 1410
1410 2601
1410 2472
1410 2825
1410 1179
1410 8
1410 31
1410 294
1410 338
1410 387
1411 1411
1411 3890
1411 1802
1411 4025
1411 1708
1411 1980
1411 1986
1411 851
1411 3719
1411 157
1412 1412
1412 604
1412 1136
1412 1316
1412 1700
1412 2556
1412 3398
1412 3755
1412 691
1412 1179
1413 1413
1413 532
1413 781
1413 1403
1413 851
1413 290
1413 319
1413 618
1413 2152
1413 3719
1414 1414
1414 152
1414 1620
1414 2737
1414 1508
1414 179
1414 2497
1414 3920
1414 296
1414 62
1415 1415
1415 58
1415 2240
1415 3531
1415 299
1415 3906
1415 3813
1415 2402
1415 2567
1415 2837
1416 1416
1416 650
1416 801
1416 991
1416 1496
1416 2135
1416 2454
1416 2893
1416 3320
1416 3747
1417 1417
1417 1141
1417 1609
1417 2189
1417 1353
1417 1404
1417 1786
1417 1808
1417 3206
1417 8
1418 1418
1418 3144
1418 1786
1418 291
1418 296
1418 319
1418 740
1418 875
1418 1299
1418 1353
1419 1419
1419 1661
1419 8
1419 294
1419 338
1419 387
1419 557
1419 773
1419 920
1419 1180
1420 1420
1420 230
1420 959
1420 2104
1420 3937
1420 1136
1420 1316
1420 1700
1420 2556
1420 3398
1421 1421
1421 3999
1421 132
1421 1211
1421 1496
1421 2180
1421 2252
1421 2454
1421 2893
1421 3134
1422 1422
1422 3780
1422 3951
1422 1126
1422 109
1422 468
1422 1027
1422 1496
1422 2454
1422 3320
1423 1423
1423 1777
1423 3113
1423 4020
1423 958
1423 1289
1423 1392
1423 1478
1423 1831
1423 2308
1424 1424
1424 1710
1424 2355
1424 3178
1424 8
1424 294
1424 312
1424 338
1424 366
1424 387
1425 1425
1425 2356
1425 875
1425 1299
1425 1321
1425 2190
1425 3455
1425 2537
1425 8
1425 80
1426 1426
1426 3117
1426 277
1426 2662
1426 2132
1426 391
1426 3040
1426 1993
1426 378
1426 2721
1427 1427
1427 1812
1427 3094
1427 2966
1427 3403
1427 924
1427 1115
1427 1604
1427 2537
1427 3040
1428 1428
1428 2109
1428 1030
1428 1353
1428 1357
1428 1404
1428 1889
1428 2914
1428 2991
1428 3111
1429 1429
1429 2324
1429 2271
1429 650
1429 991
1429 1098
1429 1353
1429 1404
1429 1692
1429 8
1430 1430
1430 3721
1430 1035
1430 1190
1430 8
1430 294
1430 338
1430 387
1430 557
1430 773
1431 1431
1431 1080
1431 2095
1431 1081
1431 3095
1431 2916
1431 1886
1431 493
1431 3352
1431 1979
1432 1432
1432 3194
1432 3126
1432 3306
1432 305
1432 875
1432 1299
1432 2190
1432 2914
1432 2991
1433 1433
1433 2271
1433 1692
1433 2060
1433 179
1433 3937
1433 104
1433 527
1433 1179
1433 3965
1434 1434
1434 1692
1434 2271
1434 1452
1434 41
1434 875
1434 1169
1434 1299
1434 1688
1434 2005
1435 1435
1435 1667
1435 2883
1435 3543
1435 378
1435 1211
1435 2180
1435 2475
1435 2721
1435 3077
1436 1436
1436 650
1436 731
1436 801
1436 991
1436 1289
1436 1392
1436 1478
1436 3747
1436 8
1437 1437
1437 1289
1437 1392
1437 1478
1437 1810
1437 2769
1437 2825
1437 8
1437 294
1437 338
1438 1438
1438 2060
1438 1957
1438 1433
1438 2271
1438 1661
1438 1692
1438 3215
1438 1179
1438 8
1439 1439
1439 2070
1439 2257
1439 3370
1439 2252
1439 3620
1439 3719
1439 1211
1439 1325
1439 2180
1440 1440
1440 2298
1440 641
1440 559
1440 624
1440 2912
1440 2292
1440 111
1440 1215
1440 1693
1441 1441
1441 151
1441 1353
1441 1404
1441 1482
1441 2293
1441 2406
1441 2483
1441 2876
1441 2897
1442 1442
1442 3438
1442 650
1442 991
1442 8
1442 294
1442 338
1442 387
1442 557
1442 773
1443 1443
1443 3193
1443 179
1443 62
1443 296
1443 397
1443 533
1443 580
1443 813
1443 875
1444 1444
1444 1214
1444 326
1444 3554
1444 2763
1444 813
1444 248
1444 2475
1444 179
1444 3040
1445 1445
1445 575
1445 593
1445 2726
1445 3658
1445 170
1445 761
1445 854
1445 875
1445 1204
1446 8
1446 294
1446 338
1446 387
1446 557
1446 773
1446 920
1446 1180
1446 1278
1446 1366
1447 1447
1447 1019
1447 2903
1447 2845
1447 2560
1447 3683
1447 989
1447 2221
1447 2252
1447 3122
1448 1448
1448 1043
1448 1385
1448 1030
1448 1970
1448 2767
1448 104
1448 266
1448 1786
1448 2135
1449 1449
1449 3980
1449 2202
1449 414
1449 1049
1449 509
1449 1752
1449 2004
1449 2152
1449 2191
1450 1450
1450 3419
1450 831
1450 2770
1450 3045
1450 365
1450 1974
1450 2210
1450 2230
1450 957
1451 1451
1451 1211
1451 2180
1451 3077
1451 3134
1451 3560
1451 8
1451 130
1451 170
1451 294
1452 1452
1452 41
1452 2005
1452 8
1452 294
1452 338
1452 387
1452 557
1452 773
1452 920
1453 1453
1453 1770
1453 2326
1453 2659
1453 293
1453 1047
1453 1519
1453 2440
1453 3850
1453 885
1454 1454
1454 2705
1454 2159
1454 3512
1454 296
1454 875
1454 1299
1454 1393
1454 1723
1454 1889
1455 1455
1455 3810
1455 420
1455 2075
1455 3422
1455 8
1455 294
1455 338
1455 387
1455 557
1456 1456
1456 8
1456 294
1456 338
1456 387
1456 557
1456 773
1456 920
1456 1180
1456 1278
1457 1457
1457 3001
1457 2152
1457 3046
1457 3898
1457 704
1457 1535
1457 1766
1457 3077
1457 1511
1458 1458
1458 1267
1458 2912
1458 194
1458 3516
1458 1050
1458 1794
1458 2073
1458 2714
1458 170
1459 1459
1459 179
1459 3920
1459 62
1459 157
1459 296
1459 397
1459 533
1459 813
1459 875
1460 1460
1460 1179
1460 8
1460 294
1460 338
1460 387
1460 557
1460 773
1460 920
1460 1027
1461 1461
1461 8
1461 294
1461 338
1461 387
1461 520
1461 557
1461 773
1461 920
1461 1180
1462 1462
1462 3904
1462 577
1462 738
1462 2213
1462 648
1462 666
1462 32
1462 1682
1462 3836
1463 1463
1463 3687
1463 335
1463 378
1463 2406
1463 2721
1463 3040
1463 3119
1463 3612
1463 1179
1464 1464
1464 3122
1464 92
1464 319
1464 370
1464 650
1464 851
1464 918
1464 991
1464 1128
1465 1465
1465 3741
1465 1292
1465 1393
1465 1496
1465 1889
1465 2306
1465 2454
1465 2553
1465 2825
1466 1466
1466 241
1466 2436
1466 2681
1466 777
1466 736
1466 1541
1466 3854
1466 658
1466 1136
1467 1467
1467 2091
1467 428
1467 961
1467 1786
1467 179
1467 237
1467 296
1467 62
1467 650
1468 1468
1468 2639
1468 1928
1468 84
1468 2672
1468 455
1468 3056
1468 428
1468 2188
1468 1084
1469 1469
1469 1781
1469 1786
1469 2601
1469 3626
1469 62
1469 70
1469 126
1469 157
1469 624
1470 1470
1470 3317
1470 3970
1470 3
1470 3578
1470 1439
1470 2070
1470 2257
1470 3768
1470 115
1471 1471
1471 2519
1471 304
1471 1149
1471 1657
1471 471
1471 1321
1471 1688
1471 2478
1471 3371
1472 1472
1472 8
1472 294
1472 338
1472 387
1472 557
1472 571
1472 755
1472 773
1472 920
1473 1473
1473 686
1473 2154
1473 3215
1473 8
1473 170
1473 291
1473 294
1473 338
1473 387
1474 1474
1474 81
1474 875
1474 1299
1474 2190
1474 8
1474 134
1474 179
1474 294
1474 338
1475 1475
1475 661
1475 3033
1475 3728
1475 2601
1475 2887
1475 1211
1475 2180
1475 2975
1475 3134
1476 1476
1476 272
1476 605
1476 989
1476 2221
1476 2845
1476 2496
1476 2958
1476 3568
1476 3946
1477 1477
1477 3285
1477 3885
1477 468
1477 501
1477 950
1477 1997
1477 2038
1477 2473
1477 2483
1478 1289
1478 1392
1478 1478
1478 8
1478 294
1478 338
1478 387
1478 557
1478 773
1478 920
1479 1479
1479 179
1479 345
1479 62
1479 92
1479 296
1479 397
1479 533
1479 650
1479 813
1480 1480
1480 2894
1480 659
1480 2601
1480 1768
1480 2016
1480 2433
1480 92
1480 354
1480 650
1481 1481
1481 3191
1481 1898
1481 2937
1481 3778
1481 707
1481 1580
1481 1931
1481 179
1481 255
1482 1482
1482 2483
1482 3178
1482 7
1482 8
1482 294
1482 338
1482 387
1482 557
1482 773
1483 1483
1483 3105
1483 2152
1483 704
1483 1022
1483 2004
1483 2252
1483 3077
1483 3122
1483 3226
1484 1484
1484 680
1484 2515
1484 92
1484 1460
1484 3141
1484 1179
1484 8
1484 294
1484 312
1485 1485
1485 774
1485 3049
1485 8
1485 294
1485 338
1485 387
1485 557
1485 773
1485 920
1486 1486
1486 8
1486 294
1486 338
1486 387
1486 557
1486 773
1486 920
1486 1180
1486 1278
1487 1487
1487 904
1487 2230
1487 1303
1487 1733
1487 3119
1487 50
1487 111
1487 276
1487 378
1488 1488
1488 729
1488 94
1488 319
1488 851
1488 3413
1488 1179
1488 2560
1488 3282
1488 3683
1489 1489
1489 3152
1489 168
1489 3074
1489 3433
1489 1604
1489 3094
1489 422
1489 2210
1489 2966
1490 1490
1490 711
1490 69
1490 3916
1490 179
1490 609
1490 2074
1490 3560
1490 2993
1490 519
1491 1491
1491 3739
1491 1196
1491 3293
1491 808
1491 3257
1491 3379
1491 1149
1491 1657
1491 3909
1492 1492
1492 733
1492 995
1492 1289
1492 1392
1492 1478
1492 2810
1492 1136
1492 1316
1492 1700
1493 1493
1493 1121
1493 3369
1493 3077
1493 130
1493 50
1493 2844
1493 729
1493 1693
1493 92
1494 1494
1494 3679
1494 2378
1494 1893
1494 1625
1494 3654
1494 291
1494 1787
1494 4047
1494 2953
1495 1495
1495 2150
1495 2572
1495 3859
1495 248
1495 2451
1495 3937
1495 1289
1495 1392
1495 1478
1496 1496
1496 2454
1496 3320
1496 8
1496 294
1496 338
1496 387
1496 557
1496 638
1496 720
1497 1497
1497 103
1497 2252
1497 343
1497 1614
1497 2505
1497 2604
1497 3349
1497 509
1497 704
1498 1498
1498 1832
1498 2970
1498 437
1498 451
1498 3960
1498 1885
1498 2720
1498 2310
1498 1313
1499 1499
1499 3790
1499 1152
1499 181
1499 243
1499 213
1499 2360
1499 3675
1499 1522
1499 1604
1500 1500
1500 325
1500 1980
1500 2252
1500 2347
1500 2883
1500 370
1500 1128
1500 1211
1500 1312
1501 1501
1501 4024
1501 4054
1501 2189
1501 2464
1501 310
1501 414
1501 732
1501 1379
1501 1583
1502 1502
1502 2123
1502 3707
1502 2271
1502 2954
1502 3631
1502 4040
1502 658
1502 291
1502 455
1503 1503
1503 1157
1503 1174
1503 430
1503 2457
1503 3542
1503 3923
1503 2580
1503 3307
1503 2753
1504 1504
1504 3626
1504 126
1504 875
1504 1299
1504 1634
1504 2190
1504 2269
1504 2560
1504 3683
1505 1505
1505 240
1505 414
1505 325
1505 914
1505 1017
1505 1128
1505 1688
1505 1752
1505 1833
1506 1506
1506 1796
1506 2904
1506 2386
1506 2707
1506 2790
1506 2914
1506 2991
1506 8
1506 294
1507 1507
1507 130
1507 170
1507 1211
1507 2180
1507 3077
1507 3134
1507 3303
1507 1977
1507 8
1508 1508
1508 179
1508 1786
1508 62
1508 296
1508 397
1508 533
1508 813
1508 875
1508 1299
1509 1509
1509 3419
1509 3899
1509 1757
1509 1071
1509 391
1509 2386
1509 2790
1509 3119
1509 3258
1510 1510
1510 2914
1510 2991
1510 3085
1510 1179
1510 1519
1510 2440
1510 3850
1510 8
1510 104
1511 1511
1511 2687
1511 2994
1511 3549
1511 2152
1511 3719
1511 704
1511 1022
1511 2252
1511 851
1512 1512
1512 130
1512 1197
1512 1211
1512 2180
1512 2611
1512 3069
1512 3085
1512 3134
1512 3753
1513 1513
1513 3022
1513 2872
1513 2664
1513 3211
1513 1017
1513 1781
1513 2272
1513 2858
1513 3252
1514 1514
1514 2413
1514 2552
1514 2914
1514 2991
1514 8
1514 294
1514 338
1514 387
1514 557
1515 1515
1515 1907
1515 2068
1515 417
1515 2416
1515 179
1515 875
1515 1299
1515 2190
1515 402
1516 1516
1516 517
1516 1353
1516 1404
1516 2581
1516 1123
1516 8
1516 294
1516 338
1516 387
1517 1517
1517 3534
1517 1602
1517 515
1517 2791
1517 3056
1517 3802
1517 276
1517 381
1517 402
1518 1518
1518 2589
1518 2552
1518 618
1518 788
1518 1514
1518 1831
1518 2386
1518 2413
1518 2790
1519 1519
1519 2440
1519 3850
1519 2914
1519 2991
1519 1179
1519 8
1519 104
1519 109
1519 208
1520 1520
1520 316
1520 1109
1520 1765
1520 3356
1520 2062
1520 2510
1520 1711
1520 292
1520 552
1521 1521
1521 2397
1521 2373
1521 1599
1521 3303
1521 8
1521 294
1521 338
1521 387
1521 557
1522 1522
1522 1153
1522 1982
1522 1215
1522 1456
1522 2462
1522 2846
1522 2914
1522 2991
1522 3295
1523 816
1523 1523
1523 1439
1523 2070
1523 2257
1523 2959
1523 3815
1523 3574
1523 3064
1523 3392
1524 1524
1524 900
1524 2073
1524 157
1524 384
1524 624
1524 875
1524 1204
1524 1299
1524 2190
1525 1525
1525 81
1525 650
1525 991
1525 3178
1525 1136
1525 1316
1525 1700
1525 2556
1525 3398
1526 1526
1526 1272
1526 2099
1526 3428
1526 90
1526 954
1526 1017
1526 1211
1526 2180
1526 2272
1527 1527
1527 2791
1527 650
1527 991
1527 8
1527 290
1527 294
1527 338
1527 387
1527 557
1528 1528
1528 3372
1528 325
1528 319
1528 851
1528 1802
1528 3318
1528 2560
1528 3683
1528 729
1529 1529
1529 1188
1529 1259
1529 1384
1529 2032
1529 2677
1529 2691
1529 157
1529 348
1529 695
1530 1530
1530 344
1530 2547
1530 468
1530 1713
1530 1723
1530 3178
1530 893
1530 3322
1530 2748
1531 1531
1531 3037
1531 3719
1531 4051
1531 131
1531 733
1531 851
1531 995
1531 1022
1531 1211
1532 1532
1532 179
1532 62
1532 296
1532 397
1532 533
1532 813
1532 875
1532 1299
1532 2190
1533 1533
1533 711
1533 1490
1533 3588
1533 459
1533 3674
1533 179
1533 3492
1533 2080
1533 3920
1534 1534
1534 674
1534 2294
1534 3024
1534 1746
1534 2491
1534 3257
1534 3032
1534 820
1534 369
1535 1535
1535 650
1535 991
1535 8
1535 294
1535 338
1535 387
1535 557
1535 707
1535 773
1536 1536
1536 1146
1536 1216
1536 2817
1536 159
1536 535
1536 909
1536 1047
1536 1828
1536 2769
1537 1537
1537 1735
1537 2252
1537 1211
1537 1325
1537 2180
1537 2305
1537 2475
1537 2707
1537 2860
1538 8
1538 294
1538 338
1538 387
1538 557
1538 773
1538 920
1538 1180
1538 1278
1538 1366
1539 1539
1539 642
1539 989
1539 2221
1539 2496
1539 2958
1539 8
1539 294
1539 338
1539 387
1540 1540
1540 1786
1540 3626
1540 126
1540 875
1540 1299
1540 1353
1540 1404
1540 1504
1540 1634
1541 1541
1541 81
1541 538
1541 875
1541 1299
1541 1474
1541 2190
1541 1179
1541 8
1541 104
1542 1542
1542 41
1542 989
1542 2005
1542 2221
1542 3753
1542 2496
1542 2958
1542 8
1542 294
1543 1543
1543 2959
1543 3303
1543 8
1543 294
1543 338
1543 387
1543 557
1543 583
1543 773
1544 1544
1544 2203
1544 2080
1544 2532
1544 3025
1544 1533
1544 3562
1544 3062
1544 2376
1544 3887
1545 1545
1545 126
1545 363
1545 586
1545 650
1545 875
1545 991
1545 1299
1545 2190
1545 8
1546 1546
1546 114
1546 2363
1546 2927
1546 1646
1546 1982
1546 2485
1546 3230
1546 3274
1546 3326
1547 1547
1547 3015
1547 1220
1547 519
1547 1090
1547 925
1547 3851
1547 81
1547 188
1547 255
1548 1548
1548 331
1548 1205
1548 217
1548 1766
1548 2152
1548 851
1548 2284
1548 3077
1548 3719
1549 1549
1549 3044
1549 2175
1549 334
1549 984
1549 441
1549 2282
1549 3923
1549 3124
1549 68
1550 1550
1550 3570
1550 2825
1550 8
1550 294
1550 338
1550 387
1550 557
1550 773
1550 920
1551 1551
1551 2245
1551 1522
1551 1153
1551 1215
1551 2462
1551 3065
1551 3172
1551 3274
1551 3295
1552 1552
1552 3246
1552 1744
1552 1489
1552 3152
1552 168
1552 3074
1552 3104
1552 3274
1552 4045
1553 1553
1553 651
1553 1346
1553 1831
1553 2478
1553 2601
1553 2627
1553 2648
1553 2825
1553 3258
1554 1554
1554 3488
1554 2188
1554 428
1554 651
1554 612
1554 1460
1554 744
1554 2601
1554 2241
1555 1555
1555 2803
1555 2932
1555 1550
1555 2629
1555 3570
1555 1179
1555 8
1555 294
1555 312
1556 1556
1556 44
1556 347
1556 2800
1556 248
1556 1179
1556 1964
1556 2777
1556 8
1556 294
1557 1557
1557 3606
1557 2698
1557 1608
1557 1837
1557 430
1557 1503
1557 1174
1557 3020
1557 1157
1558 937
1558 1558
1558 1843
1558 1288
1558 2767
1558 3174
1558 179
1558 3077
1558 1443
1558 3193
1559 1559
1559 617
1559 2157
1559 296
1559 179
1559 3626
1559 1443
1559 3193
1559 62
1559 126
1560 1560
1560 2271
1560 92
1560 490
1560 650
1560 991
1560 1692
1560 2214
1560 1179
1560 8
1561 1561
1561 734
1561 2084
1561 2
1561 2678
1561 1900
1561 2534
1561 677
1561 838
1561 319
1562 1562
1562 613
1562 3225
1562 1865
1562 642
1562 2913
1562 1006
1562 4041
1562 561
1562 468
1563 1563
1563 3446
1563 822
1563 1710
1563 312
1563 989
1563 1084
1563 1424
1563 2177
1563 2221
1564 254
1564 1564
1564 767
1564 4050
1564 2496
1564 2958
1564 41
1564 527
1564 989
1564 1542
1565 1565
1565 788
1565 2483
1565 7
1565 8
1565 294
1565 338
1565 387
1565 557
1565 773
1566 1566
1566 1165
1566 2139
1566 2355
1566 537
1566 828
1566 2170
1566 8
1566 284
1566 294
1567 1567
1567 48
1567 3569
1567 875
1567 1299
1567 2190
1567 2914
1567 2991
1567 3944
1567 533
1568 1568
1568 2601
1568 1179
1568 8
1568 109
1568 208
1568 294
1568 338
1568 387
1568 557
1569 1569
1569 1243
1569 8
1569 294
1569 338
1569 387
1569 557
1569 773
1569 920
1569 1180
1570 1570
1570 3341
1570 62
1570 397
1570 179
1570 970
1570 761
1570 875
1570 1122
1570 1289
1571 1571
1571 230
1571 81
1571 402
1571 3178
1571 3198
1571 3303
1571 3763
1571 3937
1571 8
1572 1572
1572 717
1572 1522
1572 111
1572 1125
1572 1153
1572 1215
1572 1604
1572 2462
1572 3094
1573 1573
1573 1939
1573 874
1573 3158
1573 639
1573 965
1573 179
1573 529
1573 813
1573 3763
1574 1574
1574 43
1574 65
1574 186
1574 1635
1574 1849
1574 2757
1574 9
1574 183
1574 202
1575 1575
1575 3487
1575 1351
1575 257
1575 303
1575 3397
1575 2160
1575 2965
1575 2870
1575 3164
1576 1576
1576 3502
1576 1305
1576 1277
1576 1362
1576 1662
1576 1007
1576 2765
1576 2678
1576 2652
1577 1577
1577 2566
1577 2278
1577 255
1577 296
1577 1922
1577 179
1577 1786
1577 802
1577 1443
1578 1578
1578 989
1578 1353
1578 1404
1578 2221
1578 2551
1578 2899
1578 3303
1578 3880
1578 1179
1579 1579
1579 2535
1579 526
1579 2655
1579 875
1579 1299
1579 1634
1579 2154
1579 2190
1579 3178
1580 1580
1580 261
1580 1496
1580 2406
1580 2454
1580 2893
1580 2976
1580 3178
1580 3320
1580 3823
1581 1581
1581 3812
1581 3951
1581 718
1581 1393
1581 3780
1581 1370
1581 104
1581 1786
1581 3188
1582 1582
1582 2729
1582 324
1582 3674
1582 2482
1582 1115
1582 1815
1582 2210
1582 2529
1582 2715
1583 1583
1583 4024
1583 2929
1583 658
1583 1163
1583 1136
1583 1316
1583 1700
1583 2556
1583 3398
1584 1584
1584 2129
1584 715
1584 4030
1584 2156
1584 8
1584 284
1584 294
1584 338
1584 378
1585 1585
1585 620
1585 496
1585 1936
1585 2118
1585 1836
1585 1365
1585 3806
1585 2909
1585 277
1586 1586
1586 3822
1586 1924
1586 1944
1586 1395
1586 3626
1586 126
1586 414
1586 583
1586 624
1587 1587
1587 3207
1587 443
1587 1382
1587 4003
1587 2513
1587 3838
1587 1703
1587 2036
1587 2248
1588 1588
1588 346
1588 1171
1588 1460
1588 157
1588 208
1588 987
1588 1027
1588 1211
1588 1393
1589 1589
1589 1284
1589 2891
1589 3567
1589 159
1589 1930
1589 2677
1589 605
1589 731
1589 989
1590 1590
1590 184
1590 1940
1590 2182
1590 1130
1590 3649
1590 3332
1590 3975
1590 2161
1590 2641
1591 1591
1591 8
1591 294
1591 338
1591 387
1591 557
1591 773
1591 920
1591 1180
1591 1278
1592 1592
1592 3975
1592 1992
1592 3243
1592 650
1592 991
1592 2887
1592 3215
1592 3674
1592 8
1593 1593
1593 92
1593 104
1593 157
1593 161
1593 173
1593 281
1593 519
1593 875
1593 963
1594 1594
1594 2595
1594 310
1594 707
1594 2883
1594 3077
1594 3990
1594 732
1594 3292
1594 261
1595 1595
1595 2711
1595 3090
1595 343
1595 2252
1595 3719
1595 1211
1595 1325
1595 1723
1595 1831
1596 1596
1596 2722
1596 358
1596 858
1596 657
1596 1983
1596 3073
1596 3773
1596 947
1596 1779
1597 1597
1597 1380
1597 1871
1597 4007
1597 2067
1597 251
1597 3771
1597 3138
1597 2792
1597 248
1598 1598
1598 2979
1598 1191
1598 2248
1598 179
1598 961
1598 1479
1598 3119
1598 3040
1598 519
1599 1599
1599 2373
1599 2397
1599 1521
1599 527
1599 3198
1599 3258
1599 3303
1599 3937
1599 3965
1600 1600
1600 230
1600 1864
1600 2584
1600 2406
1600 1232
1600 2615
1600 3223
1600 779
1600 870
1601 1601
1601 1461
1601 3282
1601 3413
1601 3710
1601 2016
1601 779
1601 870
1601 1975
1601 8
1602 1602
1602 1269
1602 735
1602 2825
1602 1215
1602 2914
1602 2991
1602 1353
1602 1404
1602 1496
1603 1603
1603 1748
1603 8
1603 294
1603 338
1603 387
1603 557
1603 773
1603 920
1603 1180
1604 1604
1604 3543
1604 144
1604 378
1604 629
1604 733
1604 995
1604 2721
1604 2810
1604 2846
1605 1605
1605 110
1605 1514
1605 2241
1605 2413
1605 3990
1605 144
1605 370
1605 501
1605 650
1606 1606
1606 2338
1606 3323
1606 170
1606 731
1606 733
1606 761
1606 995
1606 1211
1606 2180
1607 1607
1607 3833
1607 179
1607 1443
1607 3193
1607 62
1607 296
1607 397
1607 533
1607 813
1608 1608
1608 3606
1608 2698
1608 1837
1608 1557
1608 430
1608 1503
1608 1174
1608 1157
1608 2753
1609 1609
1609 1417
1609 81
1609 1141
1609 1016
1609 1474
1609 1134
1609 1158
1609 1787
1609 1808
1610 1610
1610 37
1610 3614
1610 801
1610 3747
1610 650
1610 991
1610 1496
1610 2454
1610 2893
1611 1611
1611 3480
1611 2152
1611 729
1611 1022
1611 2252
1611 3777
1611 732
1611 2560
1611 3133
1612 1612
1612 2197
1612 157
1612 2451
1612 92
1612 442
1612 501
1612 650
1612 875
1612 991
1613 1613
1613 2809
1613 2874
1613 81
1613 230
1613 813
1613 1898
1613 2937
1613 3778
1613 104
1614 1614
1614 2252
1614 569
1614 1211
1614 1325
1614 1752
1614 2180
1614 2305
1614 2475
1614 2860
1615 1615
1615 593
1615 575
1615 537
1615 828
1615 2170
1615 8
1615 294
1615 338
1615 387
1616 1616
1616 2226
1616 3258
1616 2001
1616 2685
1616 3119
1616 1179
1616 957
1616 3040
1616 8
1617 1617
1617 153
1617 1289
1617 1392
1617 1478
1617 2707
1617 1938
1617 1810
1617 202
1617 1197
1618 1618
1618 2687
1618 2994
1618 3549
1618 1511
1618 3957
1618 704
1618 1022
1618 2252
1618 414
1619 1619
1619 3063
1619 2927
1619 699
1619 104
1619 161
1619 1982
1619 2204
1619 2473
1619 3053
1620 1620
1620 2737
1620 851
1620 2152
1620 3719
1620 104
1620 1414
1620 3777
1620 729
1620 1022
1621 1621
1621 2925
1621 868
1621 391
1621 3889
1621 3515
1621 88
1621 2029
1621 3081
1621 3012
1622 1622
1622 3415
1622 737
1622 3514
1622 2920
1622 3831
1622 3104
1622 181
1622 1152
1622 213
1623 1623
1623 415
1623 801
1623 1289
1623 1392
1623 1478
1623 1723
1623 1777
1623 2483
1623 3188
1624 1624
1624 1639
1624 3276
1624 170
1624 370
1624 1474
1624 1682
1624 1767
1624 2152
1624 2295
1625 1625
1625 4016
1625 1966
1625 658
1625 2775
1625 3399
1625 1136
1625 1316
1625 1700
1625 2556
1626 1626
1626 618
1626 989
1626 1211
1626 1542
1626 2180
1626 2221
1626 3134
1626 3258
1626 3753
1627 1627
1627 130
1627 650
1627 991
1627 3085
1627 3303
1627 426
1627 8
1627 294
1627 338
1628 1628
1628 149
1628 635
1628 989
1628 1292
1628 2221
1628 2779
1628 3641
1628 2496
1628 2958
1629 1629
1629 8
1629 294
1629 338
1629 387
1629 557
1629 583
1629 773
1629 920
1629 1180
1630 1630
1630 412
1630 3930
1630 727
1630 3266
1630 3826
1630 594
1630 788
1630 2359
1630 3131
1631 1631
1631 1909
1631 2414
1631 733
1631 995
1631 1723
1631 1831
1631 2386
1631 2790
1631 2810
1632 1632
1632 1230
1632 2940
1632 2777
1632 2677
1632 1777
1632 2210
1632 3921
1632 104
1632 1289
1633 1633
1633 551
1633 1165
1633 2139
1633 1204
1633 1353
1633 1404
1633 3560
1633 8
1633 294
1634 1634
1634 3626
1634 126
1634 875
1634 1299
1634 2190
1634 2433
1634 8
1634 134
1634 179
1635 1635
1635 2211
1635 731
1635 1211
1635 1353
1635 1404
1635 2180
1635 3134
1635 8
1635 294
1636 1636
1636 2917
1636 2870
1636 2037
1636 3271
1636 3397
1636 927
1636 2160
1636 2925
1636 303
1637 1637
1637 2531
1637 1777
1637 2576
1637 1289
1637 1392
1637 1456
1637 1478
1637 2308
1637 3493
1638 1638
1638 2939
1638 650
1638 991
1638 2104
1638 3198
1638 3303
1638 3937
1638 1136
1638 1316
1639 1639
1639 1624
1639 1767
1639 2295
1639 3620
1639 3867
1639 131
1639 370
1639 707
1639 1022
1640 1640
1640 1451
1640 3077
1640 961
1640 2775
1640 3560
1640 658
1640 650
1640 991
1640 1211
1641 1641
1641 1281
1641 2306
1641 1017
1641 1353
1641 1404
1641 2272
1641 2858
1641 8
1641 186
1642 1642
1642 1138
1642 453
1642 1646
1642 1982
1642 2485
1642 3119
1642 286
1642 378
1642 800
1643 1643
1643 547
1643 692
1643 2976
1643 281
1643 650
1643 875
1643 991
1643 1299
1643 2190
1644 1644
1644 1775
1644 2887
1644 3649
1644 8
1644 294
1644 335
1644 338
1644 387
1644 557
1645 1645
1645 609
1645 365
1645 378
1645 1243
1645 2074
1645 2230
1645 2721
1645 3178
1645 3612
1646 1646
1646 1982
1646 2927
1646 1456
1646 8
1646 294
1646 338
1646 387
1646 557
1646 773
1647 1647
1647 1672
1647 896
1647 3826
1647 3488
1647 65
1647 2601
1647 2125
1647 3990
1647 92
1648 1648
1648 2787
1648 85
1648 2496
1648 2958
1648 3664
1648 650
1648 875
1648 989
1648 991
1649 1649
1649 707
1649 1980
1649 370
1649 2560
1649 3683
1649 8
1649 294
1649 338
1649 343
1650 1650
1650 1127
1650 179
1650 296
1650 2157
1650 3958
1650 62
1650 397
1650 533
1650 813
1651 1651
1651 809
1651 2643
1651 3258
1651 3119
1651 8
1651 294
1651 338
1651 387
1651 557
1652 1652
1652 414
1652 1537
1652 2252
1652 2536
1652 130
1652 256
1652 319
1652 325
1652 1128
1653 1653
1653 2816
1653 3699
1653 1306
1653 2103
1653 2701
1653 1533
1653 1764
1653 3261
1653 662
1654 1654
1654 819
1654 3785
1654 618
1654 906
1654 3396
1654 989
1654 1128
1654 2221
1654 3178
1655 1655
1655 526
1655 2772
1655 468
1655 533
1655 609
1655 875
1655 1190
1655 1299
1655 1785
1656 1656
1656 3574
1656 552
1656 487
1656 816
1656 1523
1656 1778
1656 1439
1656 2070
1656 2257
1657 1657
1657 1890
1657 801
1657 3747
1657 304
1657 695
1657 875
1657 1188
1657 1289
1657 1299
1658 1658
1658 1692
1658 2271
1658 3763
1658 179
1658 1931
1658 3920
1658 62
1658 296
1658 397
1659 1659
1659 694
1659 2281
1659 310
1659 2252
1659 3626
1659 126
1659 170
1659 875
1659 1165
1660 1660
1660 2085
1660 2532
1660 1023
1660 3207
1660 2863
1660 1670
1660 587
1660 3562
1660 3887
1661 1661
1661 8
1661 294
1661 338
1661 387
1661 557
1661 773
1661 920
1661 1180
1661 1278
1662 1662
1662 1177
1662 1904
1662 3502
1662 2678
1662 1362
1662 1670
1662 1277
1662 1976
1662 3781
1663 1663
1663 2819
1663 1022
1663 2252
1663 3719
1663 4051
1663 732
1663 1611
1663 2560
1663 3133
1664 1664
1664 3642
1664 2914
1664 2991
1664 8
1664 294
1664 338
1664 387
1664 557
1664 773
1665 1665
1665 3677
1665 1453
1665 1770
1665 2659
1665 2967
1665 2901
1665 838
1665 817
1665 2575
1666 1666
1666 2220
1666 320
1666 3666
1666 509
1666 1766
1666 2004
1666 4014
1666 2152
1666 1611
1667 1667
1667 378
1667 1211
1667 2180
1667 2475
1667 2721
1667 3134
1667 3139
1667 3612
1667 8
1668 1668
1668 495
1668 1730
1668 20
1668 358
1668 947
1668 209
1668 1728
1668 1983
1668 277
1669 1669
1669 3519
1669 2365
1669 1060
1669 609
1669 517
1669 2317
1669 2406
1669 2777
1669 2923
1670 1670
1670 2863
1670 2816
1670 3158
1670 3517
1670 3562
1670 650
1670 991
1670 1662
1670 2315
1671 1671
1671 3364
1671 3719
1671 4054
1671 310
1671 414
1671 1022
1671 2252
1671 2710
1671 569
1672 1672
1672 707
1672 2966
1672 3403
1672 1647
1672 144
1672 157
1672 1188
1672 1215
1672 1384
1673 1673
1673 1873
1673 2421
1673 1519
1673 2440
1673 3850
1673 173
1673 248
1673 3790
1673 62
1674 1674
1674 2835
1674 2217
1674 3367
1674 1395
1674 707
1674 8
1674 294
1674 338
1674 378
1675 1675
1675 357
1675 2610
1675 2746
1675 2142
1675 2386
1675 2790
1675 2845
1675 1179
1675 1889
1676 1676
1676 989
1676 2221
1676 2914
1676 2975
1676 2991
1676 2496
1676 2958
1676 8
1676 188
1677 1677
1677 3343
1677 854
1677 2726
1677 575
1677 2159
1677 3512
1677 593
1677 1776
1677 2073
1678 1678
1678 3010
1678 990
1678 1251
1678 361
1678 91
1678 1730
1678 2917
1678 2796
1678 3878
1679 1679
1679 1055
1679 3931
1679 378
1679 650
1679 991
1679 2721
1679 3303
1679 3612
1679 633
1680 1680
1680 2122
1680 2952
1680 2932
1680 3657
1680 179
1680 761
1680 296
1680 875
1680 1299
1681 1681
1681 258
1681 175
1681 1170
1681 1329
1681 1776
1681 2927
1681 3849
1681 800
1681 2204
1682 1682
1682 2655
1682 875
1682 1025
1682 1299
1682 2154
1682 2190
1682 3588
1682 3649
1682 3916
1683 1683
1683 650
1683 918
1683 991
1683 1723
1683 2845
1683 3937
1683 8
1683 179
1683 294
1684 1684
1684 1895
1684 383
1684 8
1684 294
1684 338
1684 387
1684 557
1684 773
1684 920
1685 1685
1685 3888
1685 546
1685 447
1685 3475
1685 4026
1685 2628
1685 3745
1685 1904
1685 1148
1686 1686
1686 283
1686 1669
1686 2583
1686 362
1686 1692
1686 626
1686 2627
1686 3626
1686 2601
1687 1687
1687 3303
1687 8
1687 294
1687 338
1687 387
1687 557
1687 773
1687 920
1687 1180
1688 1688
1688 8
1688 294
1688 338
1688 387
1688 557
1688 773
1688 920
1688 1180
1688 1278
1689 1689
1689 2838
1689 1776
1689 854
1689 1974
1689 2210
1689 2559
1689 2736
1689 3119
1689 3430
1690 1690
1690 2434
1690 8
1690 294
1690 338
1690 387
1690 557
1690 773
1690 920
1690 1180
1691 1691
1691 583
1691 3872
1691 650
1691 761
1691 875
1691 918
1691 991
1691 1299
1691 2177
1692 1692
1692 2271
1692 62
1692 875
1692 1299
1692 2190
1692 8
1692 134
1692 179
1692 294
1693 1693
1693 130
1693 291
1693 1211
1693 2180
1693 2386
1693 2790
1693 3134
1693 3303
1693 8
1694 1694
1694 1047
1694 1153
1694 1215
1694 1393
1694 1889
1694 2846
1694 2914
1694 2991
1694 3085
1695 1695
1695 8
1695 294
1695 338
1695 387
1695 557
1695 686
1695 773
1695 920
1695 1180
1696 1696
1696 1069
1696 538
1696 2976
1696 1179
1696 8
1696 104
1696 157
1696 294
1696 338
1697 1697
1697 743
1697 2613
1697 1136
1697 1316
1697 1700
1697 2556
1697 3398
1697 1211
1697 2180
1698 1698
1698 3971
1698 2442
1698 3841
1698 1303
1698 2230
1698 882
1698 378
1698 1291
1698 2386
1699 1699
1699 1393
1699 1786
1699 3188
1699 296
1699 438
1699 793
1699 813
1699 875
1699 1299
1700 1136
1700 1316
1700 1700
1700 2556
1700 3398
1700 8
1700 294
1700 338
1700 387
1700 557
1701 1701
1701 52
1701 2834
1701 2888
1701 3185
1701 2302
1701 1097
1701 2347
1701 2386
1701 2790
1702 1702
1702 1816
1702 179
1702 1443
1702 3193
1702 82
1702 62
1702 255
1702 296
1702 397
1703 1703
1703 1382
1703 443
1703 148
1703 1587
1703 4003
1703 3854
1703 3838
1703 2071
1703 3207
1704 1704
1704 3619
1704 2992
1704 446
1704 1341
1704 3126
1704 3306
1704 2845
1704 3258
1704 1179
1705 1705
1705 650
1705 991
1705 1831
1705 8
1705 294
1705 338
1705 343
1705 387
1705 557
1706 1706
1706 3482
1706 2863
1706 398
1706 3158
1706 2239
1706 1670
1706 3502
1706 3048
1706 2246
1707 1707
1707 2399
1707 2437
1707 575
1707 650
1707 731
1707 875
1707 914
1707 991
1707 1299
1708 1708
1708 1986
1708 838
1708 370
1708 2560
1708 3683
1708 343
1708 707
1708 851
1708 1649
1709 1709
1709 312
1709 2612
1709 8
1709 294
1709 338
1709 387
1709 557
1709 638
1709 686
1710 1710
1710 312
1710 1424
1710 2612
1710 8
1710 294
1710 338
1710 387
1710 557
1710 773
1711 1711
1711 36
1711 588
1711 3593
1711 319
1711 1439
1711 2070
1711 2257
1711 1289
1711 1392
1712 1712
1712 569
1712 414
1712 593
1712 729
1712 1614
1712 2252
1712 3185
1712 3777
1712 40
1713 1713
1713 8
1713 294
1713 338
1713 387
1713 557
1713 773
1713 920
1713 1180
1713 1278
1714 1714
1714 222
1714 692
1714 2537
1714 2772
1714 3569
1714 111
1714 284
1714 533
1714 875
1715 1715
1715 188
1715 1777
1715 193
1715 970
1715 1006
1715 1289
1715 1392
1715 1478
1715 3258
1716 1716
1716 3886
1716 1247
1716 2152
1716 319
1716 1153
1716 2475
1716 414
1716 1611
1716 2462
1717 1717
1717 2603
1717 255
1717 1922
1717 179
1717 296
1717 1516
1717 1786
1717 2497
1717 1443
1718 1718
1718 514
1718 3824
1718 714
1718 996
1718 3769
1718 2560
1718 2832
1718 3133
1718 3683
1719 1719
1719 872
1719 777
1719 1844
1719 2712
1719 296
1719 81
1719 62
1719 813
1719 1541
1720 1720
1720 3973
1720 3468
1720 660
1720 1843
1720 2036
1720 2248
1720 2284
1720 92
1720 179
1721 1721
1721 2469
1721 368
1721 3655
1721 72
1721 588
1721 4005
1721 3410
1721 36
1721 1107
1722 1722
1722 2057
1722 2001
1722 2685
1722 527
1722 1889
1722 3965
1722 8
1722 294
1722 338
1723 1723
1723 8
1723 294
1723 338
1723 387
1723 557
1723 773
1723 920
1723 1180
1723 1278
1724 1724
1724 321
1724 221
1724 2931
1724 2706
1724 3456
1724 2953
1724 319
1724 1128
1724 851
1725 1725
1725 2968
1725 1692
1725 2271
1725 335
1725 2655
1725 378
1725 609
1725 875
1725 1299
1726 1726
1726 2247
1726 2986
1726 1667
1726 1931
1726 3077
1726 3662
1726 170
1726 378
1726 875
1727 1727
1727 14
1727 2407
1727 538
1727 1791
1727 1879
1727 3040
1727 3836
1727 365
1727 3119
1728 1728
1728 2132
1728 391
1728 1730
1728 3117
1728 1757
1728 3419
1728 96
1728 1509
1728 91
1729 1729
1729 1889
1729 2355
1729 8
1729 294
1729 338
1729 366
1729 387
1729 557
1729 773
1730 1730
1730 1757
1730 1728
1730 391
1730 20
1730 3419
1730 2575
1730 3117
1730 91
1730 2796
1731 1731
1731 8
1731 294
1731 338
1731 387
1731 557
1731 773
1731 920
1731 1180
1731 1278
1732 1732
1732 163
1732 468
1732 875
1732 1299
1732 1713
1732 2190
1732 2902
1732 3119
1732 3258
1733 1733
1733 2912
1733 1303
1733 2073
1733 2714
1733 111
1733 378
1733 384
1733 624
1733 758
1734 968
1734 1734
1734 3284
1734 2159
1734 2912
1734 3512
1734 1781
1734 2073
1734 2714
1734 111
1735 1735
1735 1537
1735 1211
1735 2180
1735 2707
1735 3046
1735 3134
1735 8
1735 294
1735 338
1736 1736
1736 3533
1736 1759
1736 821
1736 2447
1736 2279
1736 3716
1736 1039
1736 555
1736 2274
1737 905
1737 1737
1737 1015
1737 1464
1737 414
1737 1766
1737 2751
1737 509
1737 2004
1737 2152
1738 1738
1738 427
1738 3763
1738 179
1738 875
1738 1204
1738 1299
1738 2190
1738 2767
1738 2918
1739 1739
1739 2601
1739 2496
1739 2958
1739 989
1739 1047
1739 1353
1739 1404
1739 1786
1739 1877
1740 1740
1740 2771
1740 3508
1740 559
1740 319
1740 1846
1740 104
1740 336
1740 761
1740 2152
1741 1741
1741 161
1741 1308
1741 1330
1741 1831
1741 1906
1741 2550
1741 3258
1741 3379
1741 1394
1742 1742
1742 8
1742 294
1742 338
1742 387
1742 557
1742 773
1742 920
1742 1180
1742 1278
1743 1743
1743 1688
1743 8
1743 294
1743 338
1743 387
1743 557
1743 773
1743 920
1743 1180
1744 1744
1744 3246
1744 1552
1744 3104
1744 168
1744 3074
1744 1489
1744 3152
1744 2345
1744 4045
1745 1745
1745 104
1745 918
1745 2152
1745 700
1745 1766
1745 2004
1745 3077
1745 3649
1745 4014
1746 1746
1746 2491
1746 3024
1746 1393
1746 1909
1746 3135
1746 3210
1746 3257
1746 1047
1746 2191
1747 1747
1747 3077
1747 2549
1747 650
1747 704
1747 902
1747 991
1747 1211
1747 2004
1747 2180
1748 1748
1748 1603
1748 2468
1748 8
1748 294
1748 338
1748 387
1748 557
1748 686
1748 773
1749 1749
1749 2205
1749 851
1749 1519
1749 2440
1749 3850
1749 41
1749 319
1749 442
1749 527
1750 1750
1750 342
1750 1306
1750 2548
1750 821
1750 2074
1750 3139
1750 3040
1750 3119
1750 1667
1751 1751
1751 279
1751 1353
1751 1404
1751 1705
1751 1831
1751 3325
1751 8
1751 294
1751 338
1752 1752
1752 1614
1752 2252
1752 569
1752 1211
1752 1325
1752 2180
1752 2305
1752 2475
1752 2483
1753 1753
1753 3242
1753 2901
1753 3929
1753 3006
1753 3662
1753 3445
1753 1303
1753 3040
1753 2967
1754 1754
1754 2342
1754 3713
1754 2078
1754 2464
1754 1013
1754 582
1754 799
1754 1501
1754 704
1755 1755
1755 761
1755 875
1755 1299
1755 2190
1755 2386
1755 2790
1755 8
1755 134
1755 179
1756 1756
1756 1362
1756 2678
1756 3502
1756 1277
1756 1976
1756 3781
1756 1662
1756 277
1756 3274
1757 1757
1757 1509
1757 3419
1757 1730
1757 1728
1757 391
1757 20
1757 2927
1757 1071
1757 2462
1758 1758
1758 8
1758 294
1758 338
1758 387
1758 557
1758 773
1758 920
1758 1097
1758 1180
1759 1759
1759 555
1759 2274
1759 2857
1759 1039
1759 3637
1759 3533
1759 821
1759 1736
1759 3716
1760 1760
1760 1211
1760 2180
1760 3134
1760 8
1760 294
1760 338
1760 387
1760 557
1760 773
1761 1761
1761 199
1761 1128
1761 2152
1761 456
1761 729
1761 1899
1761 2252
1761 3122
1761 3131
1762 1762
1762 81
1762 840
1762 1017
1762 1393
1762 1889
1762 2272
1762 2306
1762 2858
1762 3178
1763 1763
1763 8
1763 294
1763 335
1763 338
1763 387
1763 557
1763 571
1763 583
1763 773
1764 1764
1764 1821
1764 2579
1764 2176
1764 3601
1764 3539
1764 3920
1764 2661
1764 3585
1764 1131
1765 1765
1765 3356
1765 3372
1765 3981
1765 2601
1765 3057
1765 319
1765 851
1765 1395
1765 316
1766 1766
1766 509
1766 2075
1766 3077
1766 92
1766 650
1766 991
1766 1211
1766 2152
1766 2180
1767 1767
1767 2295
1767 1980
1767 2252
1767 2883
1767 732
1767 2560
1767 3202
1767 3292
1767 3683
1768 1768
1768 2601
1768 1179
1768 3126
1768 3306
1768 8
1768 294
1768 338
1768 387
1768 557
1769 1769
1769 8
1769 294
1769 338
1769 387
1769 557
1769 638
1769 773
1769 920
1769 1180
1770 1770
1770 1453
1770 2659
1770 1519
1770 2440
1770 3850
1770 885
1770 3040
1770 1815
1770 2205
1771 8
1771 294
1771 338
1771 387
1771 557
1771 773
1771 920
1771 1180
1771 1278
1771 1366
1772 1772
1772 2186
1772 1289
1772 1392
1772 1478
1772 2914
1772 2991
1772 3753
1772 1777
1772 1197
1773 1773
1773 1815
1773 365
1773 458
1773 707
1773 1115
1773 1841
1773 1948
1773 1974
1773 2210
1774 1774
1774 989
1774 2221
1774 2496
1774 2958
1774 8
1774 294
1774 338
1774 387
1774 557
1775 1775
1775 8
1775 294
1775 338
1775 387
1775 557
1775 707
1775 773
1775 920
1775 1006
1776 1776
1776 854
1776 2073
1776 2537
1776 2644
1776 3893
1776 2159
1776 3512
1776 111
1776 384
1777 1777
1777 1289
1777 1392
1777 1478
1777 8
1777 294
1777 338
1777 387
1777 557
1777 707
1778 1778
1778 487
1778 552
1778 1656
1778 3574
1778 816
1778 1523
1778 1663
1778 1439
1778 2070
1779 1779
1779 1983
1779 358
1779 858
1779 657
1779 268
1779 2722
1779 947
1779 3073
1779 3773
1780 1780
1780 3587
1780 1973
1780 310
1780 1118
1780 2152
1780 3069
1780 2658
1780 50
1780 704
1781 1781
1781 875
1781 1232
1781 1299
1781 2190
1781 8
1781 134
1781 179
1781 294
1781 338
1782 1782
1782 2666
1782 3589
1782 428
1782 650
1782 991
1782 1353
1782 1404
1782 2001
1782 2386
1783 1783
1783 2476
1783 379
1783 3904
1783 1306
1783 2424
1783 3677
1783 1750
1783 214
1783 1106
1784 1784
1784 3258
1784 8
1784 294
1784 338
1784 387
1784 557
1784 773
1784 920
1784 1180
1785 1785
1785 8
1785 294
1785 338
1785 387
1785 557
1785 720
1785 773
1785 920
1785 1180
1786 1786
1786 875
1786 1299
1786 1353
1786 1404
1786 2190
1786 8
1786 65
1786 134
1786 179
1787 1787
1787 7
1787 8
1787 294
1787 338
1787 387
1787 557
1787 773
1787 920
1787 1180
1788 1788
1788 956
1788 2191
1788 2284
1788 2530
1788 2960
1788 291
1788 650
1788 767
1788 989
1789 1789
1789 388
1789 3952
1789 1472
1789 2601
1789 2943
1789 92
1789 324
1789 442
1789 471
1790 1790
1790 2348
1790 1695
1790 1211
1790 1353
1790 1404
1790 2180
1790 3077
1790 3134
1790 2188
1791 1791
1791 1727
1791 2158
1791 2343
1791 2407
1791 1879
1791 3184
1791 248
1791 3920
1791 935
1792 1792
1792 3118
1792 3562
1792 329
1792 3887
1792 3532
1792 2203
1792 2080
1792 104
1792 188
1793 1793
1793 3263
1793 2730
1793 79
1793 756
1793 3489
1793 595
1793 1350
1793 2246
1793 949
1794 1794
1794 2073
1794 384
1794 624
1794 875
1794 938
1794 1299
1794 2190
1794 2912
1794 8
1795 1795
1795 1289
1795 1392
1795 1478
1795 8
1795 186
1795 230
1795 294
1795 338
1795 387
1796 1506
1796 1796
1796 2904
1796 2386
1796 2707
1796 2790
1796 2914
1796 2991
1796 8
1796 294
1797 1797
1797 3165
1797 2000
1797 2746
1797 1460
1797 2188
1797 3689
1797 92
1797 175
1797 497
1798 1798
1798 3335
1798 3836
1798 3047
1798 3450
1798 822
1798 954
1798 1017
1798 2272
1798 2363
1799 1799
1799 3843
1799 8
1799 294
1799 338
1799 387
1799 557
1799 707
1799 773
1799 920
1800 1800
1800 1882
1800 3208
1800 2578
1800 3169
1800 1016
1800 2283
1800 3881
1800 1903
1800 3828
1801 1801
1801 2680
1801 8
1801 294
1801 338
1801 387
1801 557
1801 773
1801 920
1801 1180
1802 1802
1802 319
1802 851
1802 1179
1802 2560
1802 3683
1802 8
1802 294
1802 338
1802 343
1803 1803
1803 92
1803 650
1803 918
1803 991
1803 2355
1803 8
1803 186
1803 294
1803 338
1804 1804
1804 650
1804 875
1804 918
1804 991
1804 1299
1804 2190
1804 2845
1804 8
1804 134
1805 1805
1805 834
1805 8
1805 294
1805 338
1805 387
1805 557
1805 773
1805 920
1805 1180
1806 1806
1806 719
1806 1127
1806 1650
1806 890
1806 2065
1806 3079
1806 3479
1806 1508
1806 2276
1807 1807
1807 3496
1807 2475
1807 3719
1807 1022
1807 1667
1807 2210
1807 2252
1807 130
1807 319
1808 1808
1808 3206
1808 8
1808 294
1808 338
1808 387
1808 557
1808 773
1808 920
1808 1180
1809 1809
1809 593
1809 3141
1809 40
1809 1854
1809 575
1809 1017
1809 2156
1809 2272
1809 2858
1810 1810
1810 1289
1810 1392
1810 1478
1810 2769
1810 8
1810 294
1810 338
1810 387
1810 557
1811 1811
1811 2287
1811 2921
1811 545
1811 3019
1811 270
1811 693
1811 461
1811 3300
1811 1328
1812 1812
1812 1207
1812 1427
1812 924
1812 1948
1812 2210
1812 3543
1812 3633
1812 365
1812 378
1813 1813
1813 8
1813 294
1813 338
1813 387
1813 557
1813 592
1813 773
1813 920
1813 1180
1814 1814
1814 587
1814 1670
1814 1023
1814 2863
1814 3207
1814 2816
1814 2317
1814 2793
1814 2923
1815 1815
1815 2210
1815 378
1815 2721
1815 2914
1815 2991
1815 3612
1815 3769
1815 8
1815 186
1816 1816
1816 1702
1816 82
1816 292
1816 179
1816 1786
1816 3188
1816 3560
1816 3626
1816 1333
1817 1817
1817 1332
1817 2372
1817 65
1817 520
1817 571
1817 638
1817 1769
1817 3188
1817 3978
1818 1818
1818 3101
1818 3490
1818 3705
1818 1710
1818 312
1818 402
1818 733
1818 995
1818 1062
1819 1819
1819 2652
1819 459
1819 179
1819 62
1819 533
1819 296
1819 397
1819 813
1819 875
1820 1820
1820 428
1820 455
1820 1038
1820 1197
1820 1358
1820 3141
1820 92
1820 650
1820 801
1821 1821
1821 650
1821 822
1821 991
1821 1482
1821 2483
1821 2648
1821 2661
1821 2887
1821 7
1822 1822
1822 8
1822 294
1822 338
1822 387
1822 557
1822 773
1822 885
1822 920
1822 1180
1823 1823
1823 3546
1823 784
1823 973
1823 398
1823 1736
1823 2857
1823 1135
1823 2694
1823 3681
1824 1824
1824 2235
1824 3161
1824 2785
1824 646
1824 910
1824 2889
1824 866
1824 3005
1824 2823
1825 1825
1825 2072
1825 3303
1825 8
1825 294
1825 338
1825 387
1825 520
1825 557
1825 773
1826 1826
1826 103
1826 3494
1826 414
1826 3719
1826 319
1826 2252
1826 3069
1826 851
1826 130
1827 1827
1827 618
1827 989
1827 1165
1827 2139
1827 2221
1827 2483
1827 2496
1827 2958
1827 7
1828 909
1828 1828
1828 2825
1828 1179
1828 8
1828 294
1828 338
1828 387
1828 557
1828 773
1829 1829
1829 634
1829 3576
1829 2173
1829 3460
1829 2282
1829 177
1829 3470
1829 2104
1829 1898
1830 1830
1830 3325
1830 8
1830 186
1830 294
1830 338
1830 387
1830 557
1830 773
1830 920
1831 1831
1831 8
1831 294
1831 338
1831 343
1831 387
1831 557
1831 773
1831 920
1831 1180
1832 1832
1832 1885
1832 2970
1832 1313
1832 451
1832 1498
1832 437
1832 2310
1832 2500
1832 2720
1833 1833
1833 1
1833 1315
1833 2953
1833 291
1833 319
1833 325
1833 851
1833 1128
1833 1393
1834 1834
1834 3568
1834 3946
1834 8
1834 294
1834 338
1834 387
1834 557
1834 773
1834 920
1835 1835
1835 2073
1835 2159
1835 3512
1835 384
1835 624
1835 854
1835 875
1835 938
1835 1299
1836 1836
1836 2487
1836 1936
1836 690
1836 496
1836 2909
1836 3806
1836 620
1836 1047
1836 1541
1837 1837
1837 3606
1837 2698
1837 1608
1837 1557
1837 430
1837 1503
1837 1174
1837 1157
1837 2753
1838 1838
1838 312
1838 2386
1838 2612
1838 2790
1838 3863
1838 1179
1838 8
1838 65
1838 186
1839 1839
1839 4043
1839 2525
1839 2779
1839 2883
1839 3258
1839 3893
1839 8
1839 188
1839 294
1840 1840
1840 2435
1840 527
1840 3965
1840 1179
1840 8
1840 294
1840 338
1840 387
1840 557
1841 1841
1841 378
1841 1831
1841 2721
1841 3612
1841 8
1841 188
1841 294
1841 335
1841 338
1842 1842
1842 2707
1842 8
1842 188
1842 294
1842 335
1842 338
1842 387
1842 557
1842 760
1843 1843
1843 179
1843 2767
1843 3731
1843 1443
1843 3193
1843 62
1843 296
1843 397
1843 533
1844 1844
1844 3844
1844 123
1844 1540
1844 1786
1844 2712
1844 1692
1844 2271
1844 34
1844 813
1845 1845
1845 208
1845 3220
1845 319
1845 1393
1845 1889
1845 2104
1845 2214
1845 2746
1845 2914
1846 1846
1846 405
1846 1324
1846 559
1846 3508
1846 1145
1846 3295
1846 3346
1846 2462
1846 2736
1847 1847
1847 3319
1847 2252
1847 732
1847 2560
1847 3202
1847 3292
1847 3683
1847 3868
1847 170
1848 1848
1848 864
1848 81
1848 1353
1848 1404
1848 1786
1848 2188
1848 2306
1848 3178
1848 3753
1849 1849
1849 2483
1849 7
1849 8
1849 186
1849 294
1849 338
1849 387
1849 557
1849 773
1850 1850
1850 2820
1850 507
1850 2708
1850 3055
1850 3982
1850 356
1850 3836
1850 459
1850 2191
1851 1851
1851 3282
1851 3710
1851 1831
1851 2142
1851 2386
1851 2746
1851 2790
1851 3413
1851 1179
1852 1852
1852 8
1852 294
1852 338
1852 387
1852 557
1852 773
1852 920
1852 1180
1852 1278
1853 1853
1853 2930
1853 731
1853 1831
1853 3258
1853 733
1853 995
1853 2810
1853 3119
1853 8
1854 40
1854 1854
1854 593
1854 537
1854 828
1854 2170
1854 575
1854 3541
1854 3931
1854 8
1855 1855
1855 305
1855 650
1855 813
1855 875
1855 991
1855 1299
1855 1723
1855 2190
1855 3085
1856 1856
1856 482
1856 8
1856 294
1856 338
1856 387
1856 501
1856 557
1856 650
1856 707
1857 1857
1857 606
1857 2985
1857 3285
1857 763
1857 2483
1857 2631
1857 3131
1857 7
1857 8
1858 1858
1858 2488
1858 1174
1858 2580
1858 3307
1858 3542
1858 1503
1858 430
1858 2290
1858 1157
1859 1859
1859 2299
1859 2446
1859 3992
1859 1222
1859 1402
1859 830
1859 1171
1859 2074
1859 2331
1860 1860
1860 1503
1860 1174
1860 3542
1860 2457
1860 1157
1860 2226
1860 3923
1860 2580
1860 3307
1861 1861
1861 1168
1861 2998
1861 423
1861 793
1861 1393
1861 3183
1861 248
1861 638
1861 2088
1862 1862
1862 2778
1862 851
1862 3719
1862 729
1862 1970
1862 2252
1862 4051
1862 1325
1862 2152
1863 1863
1863 1693
1863 2414
1863 2960
1863 3131
1863 3226
1863 291
1863 989
1863 1723
1863 2221
1864 1864
1864 179
1864 1346
1864 2497
1864 3325
1864 3937
1864 8
1864 62
1864 294
1864 296
1865 1865
1865 1562
1865 613
1865 3225
1865 642
1865 422
1865 1688
1865 468
1865 2035
1865 2846
1866 1866
1866 638
1866 1496
1866 2454
1866 3320
1866 3761
1866 8
1866 294
1866 338
1866 387
1867 1867
1867 2779
1867 1136
1867 1316
1867 1700
1867 2556
1867 3398
1867 8
1867 294
1867 335
1868 1868
1868 0
1868 875
1868 1232
1868 1299
1868 2190
1868 2406
1868 2914
1868 2991
1868 3178
1869 1869
1869 2358
1869 2839
1869 414
1869 1019
1869 2903
1869 2252
1869 130
1869 319
1869 1211
1870 1870
1870 793
1870 8
1870 294
1870 338
1870 387
1870 557
1870 571
1870 638
1870 773
1871 1871
1871 3771
1871 4007
1871 1380
1871 2067
1871 397
1871 3364
1871 3643
1871 1136
1871 1316
1872 1872
1872 2906
1872 3171
1872 1265
1872 1005
1872 716
1872 3265
1872 1179
1872 8
1872 48
1873 1873
1873 1673
1873 2421
1873 1499
1873 1989
1873 876
1873 1967
1873 3094
1873 248
1873 2482
1874 1874
1874 3069
1874 2016
1874 2971
1874 3893
1874 130
1874 1211
1874 1289
1874 1392
1874 1478
1875 1875
1875 663
1875 491
1875 2665
1875 3856
1875 1633
1875 1197
1875 1777
1875 1775
1875 1289
1876 1876
1876 538
1876 875
1876 1232
1876 1299
1876 2190
1876 3178
1876 3674
1876 1179
1876 3568
1877 1877
1877 35
1877 2960
1877 3131
1877 3226
1877 319
1877 989
1877 1047
1877 2221
1877 3303
1878 1878
1878 2521
1878 1815
1878 2210
1878 3119
1878 3675
1878 714
1878 938
1878 2736
1878 3569
1879 1879
1879 2407
1879 1727
1879 1791
1879 14
1879 542
1879 28
1879 1730
1879 3256
1879 3615
1880 1880
1880 1831
1880 8
1880 294
1880 338
1880 343
1880 387
1880 557
1880 773
1880 882
1881 1881
1881 2633
1881 1786
1881 1877
1881 3147
1881 483
1881 732
1881 3292
1881 130
1881 170
1882 1882
1882 2578
1882 3208
1882 3169
1882 2283
1882 1800
1882 1451
1882 1852
1882 1917
1882 1331
1883 1883
1883 2999
1883 580
1883 2386
1883 2790
1883 2825
1883 8
1883 294
1883 338
1883 387
1884 1884
1884 1176
1884 3053
1884 699
1884 1519
1884 2440
1884 3850
1884 147
1884 2554
1884 3863
1885 1885
1885 2310
1885 1832
1885 451
1885 2970
1885 437
1885 1498
1885 1313
1885 2720
1885 2500
1886 1886
1886 28
1886 493
1886 2916
1886 3757
1886 3256
1886 3110
1886 542
1886 4033
1886 2239
1887 1887
1887 3674
1887 677
1887 3056
1887 3975
1887 81
1887 92
1887 149
1887 468
1887 568
1888 1888
1888 248
1888 230
1888 2530
1888 3476
1888 296
1888 1393
1888 1889
1888 1967
1888 3937
1889 1889
1889 8
1889 294
1889 338
1889 387
1889 557
1889 773
1889 920
1889 1180
1889 1278
1890 1890
1890 801
1890 1289
1890 1392
1890 1478
1890 1496
1890 2142
1890 2386
1890 2454
1890 2746
1891 1891
1891 2437
1891 650
1891 695
1891 991
1891 1321
1891 2914
1891 2991
1891 3325
1891 8
1892 1892
1892 3624
1892 989
1892 2221
1892 2496
1892 2958
1892 8
1892 294
1892 338
1892 387
1893 1893
1893 2378
1893 4047
1893 3679
1893 370
1893 707
1893 989
1893 2221
1893 2496
1893 2958
1894 1894
1894 1211
1894 2180
1894 3134
1894 8
1894 294
1894 338
1894 387
1894 557
1894 773
1895 1895
1895 1684
1895 383
1895 989
1895 2221
1895 8
1895 294
1895 338
1895 387
1895 557
1896 1896
1896 366
1896 571
1896 1165
1896 1321
1896 1496
1896 2139
1896 2355
1896 2454
1896 2631
1897 1897
1897 805
1897 1378
1897 3119
1897 3433
1897 1115
1897 3236
1897 3543
1897 3841
1897 378
1898 1898
1898 2937
1898 3778
1898 2406
1898 3937
1898 179
1898 3056
1898 8
1898 230
1898 294
1899 1899
1899 2483
1899 7
1899 8
1899 188
1899 294
1899 338
1899 387
1899 557
1899 771
1900 1900
1900 3990
1900 92
1900 102
1900 157
1900 370
1900 650
1900 991
1900 3238
1900 3258
1901 1901
1901 92
1901 538
1901 650
1901 788
1901 991
1901 1025
1901 1240
1901 1353
1901 1404
1902 1902
1902 2898
1902 1723
1902 893
1902 3322
1902 2601
1902 3188
1902 8
1902 294
1902 338
1903 1903
1903 1609
1903 1417
1903 1016
1903 1141
1903 2526
1903 626
1903 3828
1903 2189
1903 658
1904 1904
1904 1662
1904 3365
1904 1177
1904 2678
1904 447
1904 3502
1904 3475
1904 917
1904 1362
1905 1905
1905 867
1905 98
1905 1162
1905 2132
1905 391
1905 3117
1905 1728
1905 824
1905 96
1906 1906
1906 8
1906 294
1906 338
1906 387
1906 557
1906 773
1906 920
1906 1180
1906 1278
1907 1907
1907 1515
1907 3189
1907 2584
1907 2068
1907 417
1907 2416
1907 281
1907 1474
1907 179
1908 1908
1908 150
1908 2412
1908 3725
1908 6
1908 2794
1908 3122
1908 869
1908 3050
1908 3495
1909 1909
1909 733
1909 995
1909 1723
1909 2810
1909 8
1909 290
1909 294
1909 338
1909 387
1910 1910
1910 1713
1910 8
1910 294
1910 338
1910 387
1910 557
1910 773
1910 920
1910 1180
1911 1911
1911 2390
1911 179
1911 650
1911 875
1911 991
1911 1299
1911 1786
1911 2190
1911 3517
1912 1912
1912 457
1912 575
1912 593
1912 2016
1912 2601
1912 2726
1912 3626
1912 3921
1912 483
1913 1913
1913 580
1913 537
1913 828
1913 2170
1913 8
1913 294
1913 338
1913 387
1913 557
1914 1914
1914 989
1914 1047
1914 1321
1914 2221
1914 3774
1914 1179
1914 2496
1914 2958
1914 8
1915 1915
1915 59
1915 142
1915 686
1915 432
1915 8
1915 294
1915 338
1915 387
1915 557
1916 1916
1916 2061
1916 2124
1916 2821
1916 3364
1916 2252
1916 343
1916 704
1916 1128
1916 3719
1917 1917
1917 1128
1917 2914
1917 2991
1917 3178
1917 4040
1917 2560
1917 3683
1917 8
1917 240
1918 1918
1918 2922
1918 3107
1918 3963
1918 3775
1918 744
1918 3137
1918 3378
1918 159
1918 2897
1919 1919
1919 3421
1919 1072
1919 2594
1919 130
1919 2844
1919 280
1919 593
1919 1010
1919 1693
1920 1920
1920 875
1920 1204
1920 1299
1920 2190
1920 8
1920 134
1920 179
1920 294
1920 338
1921 1921
1921 662
1921 1346
1921 468
1921 497
1921 989
1921 1047
1921 2221
1921 2406
1921 2845
1922 255
1922 1922
1922 179
1922 1786
1922 1443
1922 3193
1922 62
1922 296
1922 397
1922 533
1923 1923
1923 62
1923 3925
1923 179
1923 1786
1923 2661
1923 3872
1923 296
1923 397
1923 533
1924 1924
1924 1944
1924 514
1924 2560
1924 3683
1924 3824
1924 1128
1924 2953
1924 3258
1924 8
1925 1925
1925 2384
1925 8
1925 81
1925 186
1925 294
1925 338
1925 387
1925 557
1925 592
1926 1926
1926 282
1926 1601
1926 1461
1926 3282
1926 3413
1926 3710
1926 2016
1926 2601
1926 2627
1927 1927
1927 483
1927 81
1927 527
1927 772
1927 875
1927 1299
1927 1474
1927 2190
1927 2219
1928 1928
1928 2639
1928 1468
1928 84
1928 2672
1928 355
1928 428
1928 455
1928 1353
1928 1404
1929 1929
1929 2669
1929 1314
1929 1982
1929 2927
1929 957
1929 3521
1929 1456
1929 2204
1929 2230
1930 1930
1930 1289
1930 1392
1930 1478
1930 2789
1930 8
1930 294
1930 338
1930 387
1930 557
1931 1931
1931 875
1931 1299
1931 2190
1931 8
1931 134
1931 179
1931 294
1931 338
1931 387
1932 1932
1932 3143
1932 230
1932 345
1932 1479
1932 3712
1932 62
1932 1607
1932 1967
1932 2079
1933 1933
1933 731
1933 1353
1933 1404
1933 2483
1933 1179
1933 7
1933 8
1933 34
1933 294
1934 1934
1934 2798
1934 1136
1934 1316
1934 1700
1934 2556
1934 3398
1934 691
1934 8
1934 294
1935 1935
1935 3895
1935 1064
1935 2949
1935 1126
1935 2565
1935 2631
1935 3921
1935 3958
1935 539
1936 1936
1936 496
1936 1836
1936 620
1936 3806
1936 2909
1936 2487
1936 690
1936 1541
1936 3040
1937 1937
1937 1322
1937 3522
1937 958
1937 1777
1937 208
1937 638
1937 707
1937 801
1937 987
1938 1938
1938 153
1938 1617
1938 882
1938 2707
1938 402
1938 2914
1938 2991
1938 8
1938 294
1939 1939
1939 3158
1939 1573
1939 468
1939 575
1939 875
1939 1299
1939 2190
1939 537
1939 828
1940 1940
1940 799
1940 3713
1940 1590
1940 2464
1940 1013
1940 2342
1940 704
1940 370
1940 1044
1941 1941
1941 1519
1941 2440
1941 3850
1941 104
1941 882
1941 902
1941 2155
1941 92
1941 471
1942 1942
1942 414
1942 2252
1942 170
1942 504
1942 875
1942 1211
1942 1299
1942 1321
1942 1325
1943 1943
1943 603
1943 2387
1943 2447
1943 1039
1943 3533
1943 3716
1943 1736
1943 555
1943 821
1944 1924
1944 1944
1944 514
1944 2560
1944 3683
1944 3824
1944 1128
1944 2953
1944 3258
1944 8
1945 1945
1945 2656
1945 722
1945 3978
1945 650
1945 801
1945 959
1945 991
1945 1179
1945 1289
1946 1946
1946 901
1946 1550
1946 2912
1946 3570
1946 2073
1946 2714
1946 3626
1946 2159
1946 3512
1947 1947
1947 3136
1947 875
1947 1299
1947 2190
1947 8
1947 134
1947 179
1947 294
1947 338
1948 1948
1948 3543
1948 378
1948 527
1948 2276
1948 2721
1948 2845
1948 3445
1948 3556
1948 3612
1949 1949
1949 3426
1949 276
1949 363
1949 586
1949 914
1949 1145
1949 1353
1949 1404
1949 2156
1950 1950
1950 2271
1950 237
1950 428
1950 731
1950 1353
1950 1404
1950 1635
1950 1661
1950 1692
1951 1951
1951 788
1951 8
1951 294
1951 338
1951 387
1951 557
1951 601
1951 773
1951 920
1952 1952
1952 1688
1952 8
1952 294
1952 338
1952 387
1952 557
1952 773
1952 920
1952 1180
1953 1953
1953 980
1953 2723
1953 1824
1953 1407
1953 3161
1953 866
1953 3005
1953 646
1953 910
1954 1954
1954 296
1954 397
1954 813
1954 179
1954 692
1954 1786
1954 62
1954 533
1954 840
1955 1955
1955 1692
1955 2271
1955 1786
1955 3626
1955 126
1955 875
1955 1299
1955 1353
1955 1404
1956 1956
1956 2961
1956 343
1956 2560
1956 3683
1956 319
1956 851
1956 1831
1956 3258
1956 1179
1957 1957
1957 2060
1957 1438
1957 104
1957 1321
1957 1433
1957 1179
1957 8
1957 294
1957 338
1958 1958
1958 1388
1958 3372
1958 1528
1958 2152
1958 1766
1958 2252
1958 741
1958 729
1958 3122
1959 1959
1959 3642
1959 3958
1959 67
1959 272
1959 733
1959 995
1959 1030
1959 1353
1959 1404
1960 1960
1960 468
1960 2825
1960 8
1960 294
1960 338
1960 387
1960 557
1960 773
1960 920
1961 1961
1961 650
1961 733
1961 991
1961 995
1961 1705
1961 1831
1961 2135
1961 2810
1961 3755
1962 1962
1962 1398
1962 4046
1962 801
1962 3747
1962 2090
1962 2241
1962 3921
1962 704
1962 3077
1963 1963
1963 3396
1963 596
1963 3332
1963 618
1963 989
1963 2221
1963 2496
1963 2899
1963 2958
1964 1964
1964 347
1964 44
1964 248
1964 296
1964 92
1964 179
1964 319
1964 650
1964 813
1965 1965
1965 2100
1965 8
1965 294
1965 338
1965 387
1965 557
1965 773
1965 920
1965 1180
1966 1966
1966 3217
1966 8
1966 294
1966 338
1966 387
1966 557
1966 686
1966 773
1966 920
1967 1967
1967 179
1967 230
1967 1295
1967 3476
1967 62
1967 296
1967 397
1967 533
1967 813
1968 1968
1968 1289
1968 1392
1968 1478
1968 1688
1968 2315
1968 2777
1968 3559
1968 3937
1968 3126
1969 1969
1969 3192
1969 704
1969 3122
1969 768
1969 343
1969 3077
1969 568
1969 650
1969 991
1970 1970
1970 733
1970 995
1970 2135
1970 2810
1970 8
1970 290
1970 294
1970 338
1970 387
1971 1971
1971 788
1971 3220
1971 1025
1971 1153
1971 1456
1971 2914
1971 2991
1971 8
1971 186
1972 1972
1972 3941
1972 1889
1972 2601
1972 1179
1972 8
1972 157
1972 188
1972 294
1972 338
1973 1973
1973 1780
1973 3587
1973 3977
1973 2496
1973 2560
1973 2958
1973 3683
1973 50
1973 310
1974 1974
1974 2210
1974 365
1974 378
1974 2721
1974 2914
1974 2991
1974 3612
1974 3769
1974 8
1975 779
1975 870
1975 1975
1975 8
1975 294
1975 338
1975 387
1975 557
1975 773
1975 920
1976 1976
1976 1362
1976 2678
1976 1756
1976 1662
1976 3502
1976 3623
1976 3781
1976 3615
1976 371
1977 1977
1977 433
1977 170
1977 1211
1977 2180
1977 3134
1977 3753
1977 8
1977 294
1977 338
1978 1978
1978 2845
1978 8
1978 294
1978 338
1978 387
1978 557
1978 773
1978 920
1978 1180
1979 1979
1979 3095
1979 3038
1979 3056
1979 3624
1979 767
1979 902
1979 2191
1979 4050
1979 381
1980 1980
1980 1649
1980 2252
1980 2883
1980 370
1980 1211
1980 1325
1980 2180
1980 2261
1980 2305
1981 1981
1981 41
1981 650
1981 991
1981 2005
1981 2386
1981 2391
1981 2406
1981 2790
1981 8
1982 1982
1982 1456
1982 8
1982 294
1982 338
1982 387
1982 557
1982 773
1982 920
1982 1180
1983 1983
1983 358
1983 858
1983 657
1983 2722
1983 2628
1983 3073
1983 947
1983 2908
1983 1779
1984 1984
1984 29
1984 166
1984 3916
1984 179
1984 296
1984 2045
1984 2692
1984 3558
1984 62
1985 1985
1985 264
1985 3075
1985 255
1985 1922
1985 2712
1985 92
1985 296
1985 1232
1985 1371
1986 1986
1986 1708
1986 838
1986 2496
1986 2958
1986 989
1986 1889
1986 2152
1986 2221
1986 2914
1987 1987
1987 2301
1987 1786
1987 3626
1987 3658
1987 1027
1987 1634
1987 126
1987 875
1987 1299
1988 1988
1988 374
1988 625
1988 179
1988 296
1988 62
1988 397
1988 533
1988 813
1988 875
1989 1989
1989 1522
1989 1982
1989 2772
1989 2927
1989 3569
1989 60
1989 1153
1989 1190
1989 1456
1990 1990
1990 378
1990 2276
1990 2406
1990 2721
1990 2845
1990 3119
1990 3612
1990 1910
1990 2210
1991 1991
1991 414
1991 593
1991 2883
1991 3628
1991 569
1991 575
1991 914
1991 1211
1991 1615
1992 1992
1992 3243
1992 650
1992 991
1992 2975
1992 3548
1992 8
1992 294
1992 338
1992 387
1993 1993
1993 3117
1993 3553
1993 335
1993 3543
1993 378
1993 2074
1993 2721
1993 3178
1993 3556
1994 1994
1994 295
1994 959
1994 1179
1994 8
1994 294
1994 338
1994 387
1994 544
1994 557
1995 1995
1995 8
1995 294
1995 338
1995 387
1995 557
1995 773
1995 920
1995 1180
1995 1278
1996 1996
1996 8
1996 294
1996 338
1996 387
1996 557
1996 760
1996 773
1996 920
1996 951
1997 1997
1997 1460
1997 3285
1997 1179
1997 8
1997 294
1997 338
1997 387
1997 557
1997 773
1998 1998
1998 1692
1998 1725
1998 281
1998 2271
1998 3689
1998 1786
1998 2968
1998 62
1998 261
1999 1999
1999 2881
1999 1187
1999 2811
1999 3652
1999 3411
1999 3362
1999 1983
1999 657
1999 858
2000 2000
2000 3165
2000 1797
2000 1634
2000 1786
2000 3588
2000 3916
2000 731
2000 875
2000 1299
2001 2001
2001 2685
2001 8
2001 294
2001 338
2001 387
2001 557
2001 773
2001 920
2001 1180
2002 2002
2002 1804
2002 2896
2002 497
2002 1055
2002 1635
2002 1693
2002 2211
2002 2959
2002 3040
2003 2003
2003 3139
2003 296
2003 2104
2003 2896
2003 1667
2003 2210
2003 2347
2003 2746
2003 3198
2004 2004
2004 4014
2004 704
2004 2252
2004 3077
2004 3122
2004 732
2004 2560
2004 3202
2004 3292
2005 41
2005 2005
2005 8
2005 294
2005 338
2005 387
2005 557
2005 773
2005 920
2005 1180
2006 2006
2006 215
2006 1394
2006 2285
2006 1741
2006 624
2006 2538
2006 2169
2006 134
2006 175
2007 2007
2007 81
2007 1211
2007 1496
2007 2180
2007 2454
2007 3134
2007 3178
2007 3320
2007 8
2008 1002
2008 2008
2008 3085
2008 8
2008 294
2008 338
2008 387
2008 557
2008 686
2008 773
2009 2009
2009 3297
2009 1841
2009 378
2009 714
2009 1831
2009 2210
2009 2721
2009 2788
2009 3040
2010 2010
2010 3203
2010 570
2010 92
2010 623
2010 902
2010 1460
2010 3897
2010 1179
2010 8
2011 2011
2011 1017
2011 2272
2011 2808
2011 2858
2011 8
2011 294
2011 338
2011 387
2011 557
2012 2012
2012 875
2012 1299
2012 2190
2012 1179
2012 8
2012 104
2012 134
2012 179
2012 294
2013 2013
2013 3950
2013 205
2013 1679
2013 422
2013 3931
2013 801
2013 3747
2013 3990
2013 1006
2014 2014
2014 157
2014 538
2014 788
2014 908
2014 1169
2014 1289
2014 1392
2014 1478
2014 1688
2015 2015
2015 8
2015 294
2015 338
2015 387
2015 557
2015 773
2015 920
2015 1027
2015 1180
2016 2016
2016 3069
2016 3085
2016 8
2016 294
2016 338
2016 387
2016 557
2016 773
2016 920
2017 2017
2017 902
2017 354
2017 650
2017 659
2017 991
2017 2189
2017 2643
2017 8
2017 139
2018 2018
2018 612
2018 1790
2018 2348
2018 2188
2018 3689
2018 428
2018 1353
2018 1404
2018 3056
2019 2019
2019 298
2019 720
2019 1027
2019 1496
2019 2454
2019 3320
2019 8
2019 261
2019 294
2020 2020
2020 107
2020 1834
2020 1439
2020 2070
2020 2257
2020 3370
2020 2052
2020 2960
2020 3226
2021 2021
2021 3258
2021 8
2021 294
2021 338
2021 387
2021 557
2021 592
2021 773
2021 920
2022 2022
2022 3583
2022 2494
2022 583
2022 179
2022 3920
2022 3344
2022 875
2022 1299
2022 2190
2023 2023
2023 3548
2023 650
2023 991
2023 1017
2023 2272
2023 2858
2023 2975
2023 3303
2023 1136
2024 2024
2024 2540
2024 959
2024 3354
2024 3455
2024 8
2024 294
2024 338
2024 387
2024 557
2025 2025
2025 3405
2025 2534
2025 2292
2025 2537
2025 2248
2025 3595
2025 111
2025 533
2025 875
2026 2026
2026 1713
2026 2434
2026 3318
2026 8
2026 188
2026 294
2026 338
2026 387
2026 557
2027 2027
2027 378
2027 2721
2027 3612
2027 8
2027 294
2027 335
2027 338
2027 387
2027 557
2028 2028
2028 3305
2028 364
2028 365
2028 949
2028 3040
2028 2027
2028 2210
2028 3119
2028 378
2029 2029
2029 3515
2029 323
2029 3081
2029 3467
2029 3893
2029 1394
2029 1567
2029 3220
2029 48
2030 2030
2030 3521
2030 2462
2030 134
2030 755
2030 771
2030 900
2030 1115
2030 1841
2030 1970
2031 2031
2031 1496
2031 2454
2031 3320
2031 537
2031 828
2031 2170
2031 8
2031 294
2031 338
2032 2032
2032 8
2032 294
2032 338
2032 387
2032 557
2032 773
2032 920
2032 951
2032 1180
2033 2033
2033 1353
2033 1404
2033 8
2033 65
2033 294
2033 338
2033 387
2033 551
2033 557
2034 2034
2034 1354
2034 65
2034 1786
2034 92
2034 650
2034 875
2034 991
2034 1017
2034 1299
2035 2035
2035 468
2035 8
2035 294
2035 338
2035 387
2035 557
2035 571
2035 773
2035 920
2036 2036
2036 660
2036 2248
2036 179
2036 2661
2036 1443
2036 3193
2036 62
2036 296
2036 397
2037 2037
2037 2870
2037 652
2037 454
2037 3271
2037 3397
2037 2917
2037 257
2037 303
2037 3110
2038 2038
2038 1799
2038 2825
2038 8
2038 294
2038 338
2038 387
2038 520
2038 557
2038 571
2039 2039
2039 363
2039 2746
2039 3058
2039 126
2039 296
2039 586
2039 875
2039 1299
2039 1545
2040 2040
2040 3340
2040 2428
2040 3145
2040 109
2040 525
2040 435
2040 1057
2040 1393
2040 1460
2041 2041
2041 91
2041 2449
2041 2575
2041 93
2041 444
2041 1567
2041 1206
2041 533
2041 2925
2042 2042
2042 3119
2042 378
2042 609
2042 1889
2042 2475
2042 2721
2042 3139
2042 3258
2042 3612
2043 2043
2043 1006
2043 1777
2043 801
2043 1289
2043 1392
2043 1478
2043 1496
2043 2454
2043 3320
2044 2044
2044 1128
2044 2560
2044 3683
2044 8
2044 240
2044 294
2044 338
2044 343
2044 387
2045 2045
2045 2833
2045 2887
2045 8
2045 294
2045 338
2045 387
2045 557
2045 773
2045 882
2046 2046
2046 8
2046 294
2046 338
2046 387
2046 557
2046 773
2046 920
2046 1180
2046 1278
2047 2047
2047 930
2047 538
2047 731
2047 1179
2047 8
2047 294
2047 338
2047 387
2047 557
2048 2048
2048 640
2048 902
2048 3557
2048 354
2048 650
2048 659
2048 991
2048 1165
2048 2139
2049 2049
2049 888
2049 2983
2049 3229
2049 3637
2049 1310
2049 636
2049 1759
2049 555
2049 2701
2050 2050
2050 3626
2050 126
2050 134
2050 286
2050 378
2050 624
2050 875
2050 1299
2050 1634
2051 2051
2051 2774
2051 177
2051 3470
2051 634
2051 1503
2051 3542
2051 1174
2051 2173
2051 1157
2052 2052
2052 733
2052 989
2052 995
2052 2221
2052 2810
2052 3303
2052 3880
2052 2496
2052 2958
2053 2053
2053 8
2053 197
2053 294
2053 338
2053 387
2053 557
2053 773
2053 822
2053 920
2054 2054
2054 528
2054 854
2054 2159
2054 3512
2054 1776
2054 575
2054 593
2054 938
2054 968
2055 2055
2055 2538
2055 2845
2055 8
2055 294
2055 338
2055 387
2055 557
2055 755
2055 773
2056 2056
2056 39
2056 1522
2056 3094
2056 1153
2056 1646
2056 2204
2056 2462
2056 3274
2056 3295
2057 2057
2057 1722
2057 2001
2057 2685
2057 1889
2057 8
2057 294
2057 338
2057 387
2057 527
2058 2058
2058 3931
2058 8
2058 294
2058 338
2058 387
2058 557
2058 707
2058 773
2058 882
2059 2059
2059 1803
2059 2292
2059 1545
2059 48
2059 918
2059 2537
2059 650
2059 991
2059 2914
2060 2060
2060 1957
2060 1438
2060 1433
2060 2271
2060 104
2060 1692
2060 1955
2060 3409
2060 1786
2061 2061
2061 1916
2061 3719
2061 2124
2061 2252
2061 1128
2061 1980
2061 2883
2061 3364
2061 851
2062 2062
2062 1175
2062 1765
2062 3356
2062 316
2062 2012
2062 2189
2062 223
2062 362
2062 2329
2063 2063
2063 345
2063 3212
2063 296
2063 1967
2063 179
2063 1479
2063 1626
2063 3077
2063 3518
2064 2064
2064 2749
2064 803
2064 2451
2064 3761
2064 1713
2064 1496
2064 2454
2064 3320
2064 1142
2065 2065
2065 3079
2065 2211
2065 731
2065 1321
2065 3064
2065 3392
2065 3815
2065 8
2065 294
2066 2066
2066 420
2066 2935
2066 414
2066 2152
2066 2171
2066 3861
2066 3122
2066 1022
2066 2252
2067 2067
2067 1380
2067 1579
2067 2535
2067 1967
2067 179
2067 230
2067 2497
2067 2655
2067 296
2068 2068
2068 2416
2068 1515
2068 3189
2068 1907
2068 417
2068 490
2068 1713
2068 2451
2068 2486
2069 2069
2069 3161
2069 646
2069 910
2069 2889
2069 934
2069 3210
2069 2616
2069 2960
2069 2357
2070 1439
2070 2070
2070 2257
2070 3370
2070 2252
2070 3620
2070 3719
2070 1211
2070 1325
2070 2180
2071 2071
2071 2447
2071 849
2071 3688
2071 850
2071 443
2071 1225
2071 1382
2071 3366
2071 176
2072 1825
2072 2072
2072 3303
2072 8
2072 294
2072 338
2072 387
2072 520
2072 557
2072 773
2073 2073
2073 384
2073 624
2073 875
2073 1299
2073 2190
2073 2912
2073 8
2073 134
2073 179
2074 2074
2074 3543
2074 378
2074 609
2074 875
2074 1299
2074 2190
2074 2721
2074 3556
2074 3612
2075 2075
2075 8
2075 294
2075 338
2075 387
2075 557
2075 773
2075 920
2075 1180
2075 1278
2076 8
2076 294
2076 338
2076 387
2076 557
2076 773
2076 920
2076 1180
2076 1278
2076 1366
2077 2077
2077 436
2077 3366
2077 176
2077 3175
2077 2862
2077 2950
2077 2071
2077 3140
2077 2447
2078 2078
2078 2342
2078 1754
2078 1013
2078 2326
2078 2464
2078 3422
2078 989
2078 2221
2078 2496
2079 2079
2079 3083
2079 2530
2079 230
2079 248
2079 296
2079 1889
2079 3937
2079 8
2079 179
2080 2080
2080 2203
2080 3562
2080 3532
2080 329
2080 3887
2080 1490
2080 3916
2080 1541
2080 459
2081 2081
2081 967
2081 146
2081 822
2081 0
2081 104
2081 109
2081 1786
2081 2177
2081 65
2082 2082
2082 1333
2082 650
2082 991
2082 2001
2082 2685
2082 82
2082 312
2082 989
2082 2191
2083 2083
2083 378
2083 2386
2083 2721
2083 2790
2083 3612
2083 8
2083 294
2083 335
2083 338
2084 2084
2084 734
2084 1561
2084 446
2084 1341
2084 2601
2084 319
2084 370
2084 490
2084 707
2085 2085
2085 2532
2085 161
2085 2326
2085 3178
2085 3258
2085 822
2085 1153
2085 1456
2085 2537
2086 2086
2086 610
2086 1128
2086 4040
2086 310
2086 3122
2086 319
2086 704
2086 1980
2086 2171
2087 2087
2087 2845
2087 8
2087 294
2087 338
2087 387
2087 557
2087 773
2087 882
2087 920
2088 2088
2088 793
2088 8
2088 294
2088 338
2088 387
2088 557
2088 638
2088 773
2088 920
2089 2089
2089 2978
2089 650
2089 991
2089 3937
2089 8
2089 179
2089 294
2089 338
2089 387
2090 2090
2090 4046
2090 3120
2090 468
2090 1292
2090 2337
2090 3641
2090 1179
2090 8
2090 149
2091 2091
2091 1467
2091 1786
2091 237
2091 428
2091 875
2091 961
2091 1299
2091 1353
2091 1404
2092 2092
2092 99
2092 2004
2092 4014
2092 704
2092 2152
2092 2252
2092 3077
2092 3122
2092 732
2093 2093
2093 271
2093 3841
2093 1071
2093 1732
2093 3419
2093 3119
2093 3556
2093 3543
2093 163
2094 2094
2094 731
2094 8
2094 294
2094 338
2094 387
2094 557
2094 773
2094 822
2094 920
2095 2095
2095 1080
2095 3352
2095 1600
2095 1431
2095 1081
2095 48
2095 2916
2095 4013
2095 3739
2096 2096
2096 1089
2096 1982
2096 733
2096 995
2096 1456
2096 2810
2096 3753
2096 8
2096 294
2097 2097
2097 3961
2097 2108
2097 2241
2097 3188
2097 149
2097 438
2097 650
2097 847
2097 989
2098 2098
2098 3373
2098 2642
2098 511
2098 4043
2098 2456
2098 2927
2098 3094
2098 2204
2098 3274
2099 2099
2099 1272
2099 1526
2099 3428
2099 90
2099 3898
2099 1482
2099 2152
2099 3077
2099 2611
2100 1965
2100 2100
2100 8
2100 294
2100 338
2100 387
2100 557
2100 773
2100 920
2100 1180
2101 2101
2101 621
2101 1186
2101 428
2101 2897
2101 33
2101 92
2101 237
2101 378
2101 650
2102 2102
2102 1098
2102 2271
2102 1429
2102 2324
2102 276
2102 733
2102 851
2102 995
2102 1353
2103 2103
2103 2816
2103 639
2103 1670
2103 2701
2103 2291
2103 3158
2103 2863
2103 1102
2103 3677
2104 2104
2104 2914
2104 2991
2104 3937
2104 1136
2104 1316
2104 1700
2104 2556
2104 3398
2104 8
2105 2105
2105 3350
2105 2075
2105 2623
2105 3568
2105 3946
2105 272
2105 536
2105 2845
2105 2959
2106 2106
2106 2137
2106 1733
2106 2478
2106 2912
2106 3371
2106 384
2106 1050
2106 1303
2106 2032
2107 8
2107 294
2107 338
2107 387
2107 557
2107 773
2107 920
2107 1180
2107 1278
2107 1366
2108 2108
2108 1292
2108 2406
2108 2468
2108 3641
2108 3753
2108 8
2108 294
2108 338
2108 387
2109 2109
2109 1428
2109 1357
2109 3111
2109 1030
2109 1353
2109 1404
2109 1496
2109 2454
2109 2914
2110 2110
2110 400
2110 3453
2110 989
2110 1047
2110 2221
2110 2496
2110 2958
2110 605
2110 1179
2111 2111
2111 1001
2111 650
2111 991
2111 2189
2111 2893
2111 8
2111 223
2111 294
2111 338
2112 2112
2112 3822
2112 414
2112 978
2112 1338
2112 851
2112 1395
2112 1766
2112 3719
2112 1586
2113 2113
2113 2243
2113 2625
2113 217
2113 2284
2113 2601
2113 592
2113 733
2113 851
2113 995
2114 2114
2114 3252
2114 3975
2114 3990
2114 41
2114 92
2114 370
2114 635
2114 650
2114 769
2115 2115
2115 71
2115 2222
2115 2275
2115 4001
2115 3680
2115 3970
2115 317
2115 1331
2115 2793
2116 2116
2116 3148
2116 2336
2116 145
2116 2755
2116 3117
2116 3094
2116 3960
2116 3397
2116 20
2117 8
2117 294
2117 338
2117 387
2117 557
2117 773
2117 920
2117 1180
2117 1278
2117 1366
2118 2118
2118 1365
2118 2820
2118 356
2118 620
2118 3806
2118 3055
2118 1585
2118 2909
2118 1936
2119 2119
2119 2988
2119 2403
2119 2661
2119 3500
2119 468
2119 650
2119 875
2119 918
2119 991
2120 2120
2120 3753
2120 8
2120 294
2120 338
2120 387
2120 557
2120 773
2120 920
2120 1180
2121 2121
2121 3725
2121 2412
2121 389
2121 1908
2121 150
2121 319
2121 731
2121 1289
2121 1392
2122 2122
2122 3565
2122 3657
2122 2932
2122 1680
2122 2952
2122 2104
2122 2767
2122 382
2122 179
2123 2123
2123 3766
2123 291
2123 2347
2123 961
2123 2627
2123 3626
2123 2671
2123 1136
2123 1316
2124 2124
2124 3128
2124 2061
2124 729
2124 2252
2124 1128
2124 1916
2124 3719
2124 851
2124 2152
2125 2125
2125 3038
2125 92
2125 650
2125 875
2125 918
2125 991
2125 1299
2125 1456
2125 2190
2126 2126
2126 2280
2126 1161
2126 2673
2126 278
2126 1072
2126 1601
2126 1331
2126 1825
2126 2072
2127 2127
2127 3670
2127 822
2127 2496
2127 2958
2127 468
2127 843
2127 989
2127 2221
2127 2241
2128 2128
2128 189
2128 1074
2128 733
2128 995
2128 2810
2128 1353
2128 1404
2128 1461
2128 2483
2129 2129
2129 1584
2129 4030
2129 715
2129 1215
2129 2156
2129 3139
2129 422
2129 1667
2129 2210
2130 2130
2130 852
2130 2564
2130 3575
2130 2761
2130 3708
2130 2831
2130 62
2130 179
2130 296
2131 2131
2131 426
2131 2286
2131 469
2131 1627
2131 2677
2131 1055
2131 1118
2131 130
2131 704
2132 2132
2132 3117
2132 1728
2132 391
2132 96
2132 1567
2132 1993
2132 867
2132 885
2132 1426
2133 2133
2133 3885
2133 580
2133 2483
2133 2582
2133 3978
2133 3285
2133 7
2133 8
2133 43
2134 2134
2134 8
2134 290
2134 294
2134 338
2134 387
2134 557
2134 773
2134 920
2134 1180
2135 2135
2135 1970
2135 650
2135 733
2135 991
2135 995
2135 2810
2135 8
2135 290
2135 294
2136 2136
2136 3303
2136 8
2136 294
2136 338
2136 387
2136 557
2136 773
2136 920
2136 1180
2137 2137
2137 2106
2137 2478
2137 3371
2137 1303
2137 286
2137 378
2137 384
2137 1050
2137 1292
2138 2138
2138 2259
2138 1035
2138 1179
2138 8
2138 104
2138 294
2138 338
2138 387
2138 557
2139 1165
2139 2139
2139 8
2139 294
2139 338
2139 387
2139 551
2139 557
2139 773
2139 920
2140 2140
2140 53
2140 1374
2140 3258
2140 2434
2140 3753
2140 8
2140 294
2140 338
2140 387
2141 2141
2141 1112
2141 939
2141 2404
2141 194
2141 901
2141 3516
2141 1946
2141 2912
2141 608
2142 2142
2142 2386
2142 2746
2142 2790
2142 8
2142 294
2142 338
2142 387
2142 557
2142 773
2143 2143
2143 2985
2143 999
2143 606
2143 3285
2143 2631
2143 1889
2143 1997
2143 1179
2143 3183
2144 2144
2144 1229
2144 414
2144 593
2144 854
2144 2252
2144 4051
2144 40
2144 732
2144 1854
2145 2145
2145 179
2145 284
2145 692
2145 62
2145 296
2145 397
2145 533
2145 650
2145 813
2146 2146
2146 1235
2146 2897
2146 686
2146 954
2146 1017
2146 1353
2146 1404
2146 1831
2146 2272
2147 2147
2147 2499
2147 593
2147 144
2147 1777
2147 2726
2147 3444
2147 1006
2147 2525
2147 40
2148 2148
2148 2325
2148 593
2148 130
2148 575
2148 1723
2148 1913
2148 2536
2148 3085
2148 3303
2149 2149
2149 2423
2149 3527
2149 912
2149 2802
2149 3327
2149 3344
2149 2291
2149 676
2149 2770
2150 2150
2150 2572
2150 1495
2150 3859
2150 1289
2150 1353
2150 1357
2150 1392
2150 1404
2150 1478
2151 2151
2151 2516
2151 296
2151 179
2151 643
2151 961
2151 397
2151 62
2151 533
2151 650
2152 2152
2152 704
2152 729
2152 1022
2152 2252
2152 3077
2152 3122
2152 3777
2152 92
2152 319
2153 2153
2153 3164
2153 3966
2153 1179
2153 8
2153 294
2153 338
2153 387
2153 557
2153 773
2154 2154
2154 2655
2154 875
2154 1299
2154 2190
2154 3649
2154 8
2154 134
2154 179
2154 294
2155 2155
2155 2975
2155 8
2155 294
2155 338
2155 387
2155 557
2155 773
2155 920
2155 951
2156 2156
2156 586
2156 8
2156 294
2156 338
2156 387
2156 557
2156 593
2156 773
2156 920
2157 2157
2157 179
2157 62
2157 296
2157 397
2157 533
2157 813
2157 875
2157 1299
2157 2190
2158 2158
2158 236
2158 2343
2158 414
2158 1614
2158 2594
2158 2252
2158 569
2158 3069
2158 3139
2159 2159
2159 3512
2159 2073
2159 384
2159 624
2159 854
2159 875
2159 938
2159 1299
2159 2190
2160 2160
2160 2965
2160 3397
2160 303
2160 3635
2160 2870
2160 3271
2160 2462
2160 134
2160 3521
2161 2161
2161 161
2161 650
2161 991
2161 3258
2161 2779
2161 3119
2161 8
2161 294
2161 338
2162 2162
2162 4009
2162 296
2162 3212
2162 3247
2162 179
2162 208
2162 248
2162 692
2162 987
2163 2163
2163 146
2163 3568
2163 3946
2163 3872
2163 3966
2163 8
2163 81
2163 294
2163 312
2164 2164
2164 318
2164 3052
2164 1252
2164 3353
2164 1777
2164 593
2164 1197
2164 1289
2164 1303
2165 2165
2165 2601
2165 92
2165 157
2165 2821
2165 3318
2165 3770
2165 1179
2165 8
2165 188
2166 2166
2166 3936
2166 3966
2166 8
2166 294
2166 338
2166 387
2166 557
2166 773
2166 822
2167 2167
2167 348
2167 2306
2167 8
2167 294
2167 338
2167 387
2167 557
2167 638
2167 773
2168 2168
2168 74
2168 960
2168 185
2168 2636
2168 2396
2168 2796
2168 95
2168 2829
2168 2799
2169 2169
2169 624
2169 1028
2169 1794
2169 2073
2169 365
2169 384
2169 875
2169 957
2169 1299
2170 537
2170 828
2170 2170
2170 8
2170 294
2170 338
2170 387
2170 557
2170 593
2170 773
2171 2171
2171 325
2171 1128
2171 1136
2171 1316
2171 1700
2171 2556
2171 3398
2171 2560
2171 3683
2172 2172
2172 1604
2172 3543
2172 378
2172 586
2172 629
2172 2721
2172 2846
2172 3556
2172 3612
2173 2173
2173 1829
2173 3460
2173 2282
2173 634
2173 3576
2173 2766
2173 68
2173 3650
2173 177
2174 2174
2174 1054
2174 1348
2174 2959
2174 3815
2174 3064
2174 3392
2174 92
2174 650
2174 704
2175 2175
2175 3923
2175 1549
2175 2282
2175 1161
2175 984
2175 220
2175 68
2175 3020
2175 2766
2176 2176
2176 2579
2176 1131
2176 161
2176 650
2176 822
2176 875
2176 991
2176 1299
2176 2027
2177 2177
2177 8
2177 294
2177 338
2177 387
2177 557
2177 773
2177 822
2177 920
2177 1180
2178 2178
2178 2171
2178 3069
2178 3786
2178 132
2178 310
2178 520
2178 729
2178 2016
2178 2252
2179 2179
2179 10
2179 2914
2179 2991
2179 8
2179 294
2179 338
2179 387
2179 520
2179 557
2180 1211
2180 2180
2180 3134
2180 8
2180 294
2180 338
2180 387
2180 557
2180 773
2180 920
2181 2181
2181 882
2181 3131
2181 989
2181 2221
2181 2496
2181 2958
2181 8
2181 294
2181 338
2182 2182
2182 26
2182 3303
2182 959
2182 1292
2182 3332
2182 3641
2182 8
2182 294
2182 338
2183 2183
2183 825
2183 732
2183 3292
2183 1869
2183 2358
2183 414
2183 2252
2183 3269
2183 4051
2184 2184
2184 378
2184 650
2184 991
2184 1115
2184 2721
2184 3056
2184 3094
2184 3612
2184 3662
2185 2185
2185 707
2185 2883
2185 1211
2185 1831
2185 2180
2185 3134
2185 8
2185 294
2185 338
2186 2186
2186 1772
2186 1289
2186 1392
2186 1478
2186 2914
2186 2991
2186 3753
2186 3898
2186 2552
2187 2187
2187 2864
2187 1197
2187 3113
2187 3991
2187 2772
2187 4020
2187 1190
2187 1289
2187 1392
2188 2188
2188 1353
2188 1404
2188 1889
2188 8
2188 294
2188 338
2188 387
2188 428
2188 551
2189 2189
2189 8
2189 294
2189 338
2189 387
2189 557
2189 773
2189 920
2189 1180
2189 1278
2190 875
2190 1299
2190 2190
2190 8
2190 134
2190 179
2190 294
2190 338
2190 387
2190 557
2191 2191
2191 650
2191 989
2191 991
2191 2221
2191 2496
2191 2958
2191 8
2191 294
2191 338
2192 2192
2192 2982
2192 3937
2192 8
2192 179
2192 294
2192 338
2192 387
2192 557
2192 773
2193 2193
2193 1831
2193 8
2193 134
2193 294
2193 338
2193 343
2193 387
2193 557
2193 771
2194 2194
2194 1425
2194 2356
2194 3475
2194 447
2194 3745
2194 2537
2194 111
2194 875
2194 1299
2195 2195
2195 1232
2195 179
2195 1781
2195 62
2195 296
2195 397
2195 533
2195 813
2195 875
2196 2196
2196 3684
2196 335
2196 237
2196 378
2196 438
2196 954
2196 1292
2196 1353
2196 1360
2197 2197
2197 1612
2197 501
2197 707
2197 3990
2197 157
2197 324
2197 370
2197 372
2197 568
2198 1020
2198 2198
2198 989
2198 2221
2198 2496
2198 2958
2198 8
2198 294
2198 338
2198 387
2199 2199
2199 2959
2199 658
2199 3568
2199 3946
2199 291
2199 650
2199 801
2199 991
2199 1038
2200 2200
2200 826
2200 2448
2200 381
2200 1831
2200 989
2200 2221
2200 2496
2200 2958
2200 2284
2201 2201
2201 534
2201 3144
2201 740
2201 935
2201 989
2201 1831
2201 2221
2201 2326
2201 2845
2202 2202
2202 4055
2202 245
2202 1286
2202 3007
2202 2152
2202 704
2202 2252
2202 3077
2202 3122
2203 2203
2203 2080
2203 3562
2203 329
2203 3532
2203 3887
2203 3118
2203 3916
2203 1792
2203 1544
2204 2204
2204 1982
2204 1456
2204 2472
2204 3258
2204 3274
2204 8
2204 294
2204 338
2204 387
2205 2205
2205 319
2205 851
2205 1179
2205 2560
2205 3683
2205 1519
2205 2440
2205 3850
2205 8
2206 2206
2206 788
2206 875
2206 1299
2206 1831
2206 2046
2206 2190
2206 3649
2206 8
2206 134
2207 2207
2207 0
2207 65
2207 3137
2207 179
2207 692
2207 1522
2207 1786
2207 2292
2207 2537
2208 2208
2208 3970
2208 684
2208 2418
2208 3768
2208 3
2208 3892
2208 1470
2208 2679
2208 3820
2209 2209
2209 3478
2209 1181
2209 262
2209 2822
2209 1987
2209 442
2209 1232
2209 1353
2209 1357
2210 2210
2210 378
2210 2721
2210 2914
2210 2991
2210 3612
2210 3769
2210 8
2210 294
2210 335
2211 2211
2211 731
2211 8
2211 294
2211 338
2211 387
2211 557
2211 686
2211 773
2211 920
2212 2212
2212 8
2212 294
2212 338
2212 387
2212 557
2212 773
2212 920
2212 1180
2212 1278
2213 2213
2213 648
2213 666
2213 1462
2213 577
2213 1515
2213 32
2213 179
2213 186
2213 281
2214 2214
2214 1179
2214 8
2214 294
2214 338
2214 387
2214 557
2214 773
2214 920
2214 1180
2215 2215
2215 3935
2215 876
2215 188
2215 1115
2215 2210
2215 3675
2215 2360
2215 378
2215 875
2216 2216
2216 2981
2216 1786
2216 875
2216 1299
2216 1353
2216 1404
2216 1456
2216 2190
2216 3325
2217 2217
2217 3367
2217 378
2217 2406
2217 2468
2217 2721
2217 3612
2217 1667
2217 1674
2217 1815
2218 2218
2218 2756
2218 296
2218 179
2218 1443
2218 3193
2218 62
2218 397
2218 533
2218 813
2219 2219
2219 8
2219 294
2219 338
2219 387
2219 557
2219 623
2219 773
2219 882
2219 902
2220 2220
2220 1666
2220 320
2220 192
2220 1293
2220 3666
2220 2675
2220 509
2220 1208
2220 1766
2221 989
2221 2221
2221 2496
2221 2958
2221 8
2221 294
2221 338
2221 387
2221 557
2221 773
2222 2222
2222 71
2222 2115
2222 2275
2222 4001
2222 3680
2222 619
2222 3494
2222 2351
2222 3339
2223 2223
2223 402
2223 624
2223 875
2223 1232
2223 1299
2223 2190
2223 8
2223 134
2223 179
2224 2224
2224 3295
2224 2462
2224 104
2224 335
2224 1057
2224 1303
2224 1522
2224 1733
2224 1982
2225 2225
2225 970
2225 2550
2225 3626
2225 483
2225 62
2225 126
2225 291
2225 536
2225 875
2226 2226
2226 1616
2226 957
2226 3178
2226 1906
2226 1723
2226 365
2226 2001
2226 2685
2226 2777
2227 2227
2227 2306
2227 2386
2227 2790
2227 8
2227 294
2227 338
2227 387
2227 557
2227 773
2228 2228
2228 343
2228 3449
2228 875
2228 1299
2228 1831
2228 2190
2228 2560
2228 3683
2228 8
2229 2229
2229 3954
2229 733
2229 995
2229 2810
2229 3215
2229 8
2229 290
2229 294
2229 338
2230 2230
2230 2825
2230 8
2230 294
2230 338
2230 387
2230 557
2230 773
2230 920
2230 929
2231 2231
2231 319
2231 2975
2231 3303
2231 1179
2231 1519
2231 2440
2231 3850
2231 8
2231 294
2232 2232
2232 1031
2232 3748
2232 3848
2232 135
2232 822
2232 81
2232 935
2232 3178
2232 1179
2233 2233
2233 3625
2233 177
2233 3470
2233 597
2233 2580
2233 3307
2233 634
2233 3688
2233 3682
2234 2234
2234 3827
2234 92
2234 402
2234 568
2234 650
2234 918
2234 991
2234 2887
2234 1179
2235 2235
2235 2785
2235 3719
2235 2252
2235 1019
2235 2903
2235 851
2235 325
2235 272
2235 733
2236 2236
2236 550
2236 3474
2236 3857
2236 3138
2236 296
2236 65
2236 965
2236 179
2236 2329
2237 2237
2237 788
2237 2483
2237 3843
2237 7
2237 8
2237 294
2237 338
2237 387
2237 557
2238 2238
2238 2724
2238 3789
2238 702
2238 875
2238 1299
2238 2190
2238 2845
2238 3178
2238 65
2239 2239
2239 3379
2239 3497
2239 2291
2239 3256
2239 4033
2239 573
2239 361
2239 2925
2239 28
2240 2240
2240 299
2240 58
2240 3531
2240 3813
2240 1415
2240 3906
2240 2402
2240 2253
2240 3711
2241 2241
2241 650
2241 991
2241 8
2241 294
2241 338
2241 387
2241 557
2241 773
2241 902
2242 2242
2242 8
2242 294
2242 338
2242 387
2242 557
2242 773
2242 920
2242 1180
2242 1278
2243 2243
2243 1126
2243 2113
2243 1030
2243 1353
2243 1404
2243 2914
2243 2991
2243 1179
2243 8
2244 2244
2244 1911
2244 2390
2244 3562
2244 329
2244 2080
2244 3532
2244 3887
2244 2203
2244 3677
2245 2245
2245 1551
2245 1522
2245 668
2245 1153
2245 2462
2245 2740
2245 3295
2245 104
2245 175
2246 2246
2246 949
2246 1350
2246 1507
2246 3077
2246 2683
2246 2845
2246 170
2246 650
2246 918
2247 2247
2247 2986
2247 1726
2247 1667
2247 3077
2247 3662
2247 378
2247 650
2247 991
2247 1211
2248 2248
2248 179
2248 62
2248 296
2248 397
2248 533
2248 813
2248 875
2248 1299
2248 2190
2249 2249
2249 593
2249 707
2249 3633
2249 40
2249 1854
2249 575
2249 2913
2249 3085
2249 3541
2250 2250
2250 472
2250 669
2250 3091
2250 1729
2250 2601
2250 638
2250 989
2250 1769
2250 2221
2251 2251
2251 2845
2251 8
2251 272
2251 294
2251 335
2251 338
2251 378
2251 387
2251 527
2252 2252
2252 1211
2252 1325
2252 2180
2252 2305
2252 2475
2252 2860
2252 3134
2252 3364
2252 3620
2253 2253
2253 2402
2253 58
2253 3711
2253 2240
2253 3531
2253 299
2253 1201
2253 518
2253 988
2254 2254
2254 1518
2254 296
2254 179
2254 186
2254 2552
2254 62
2254 397
2254 533
2254 813
2255 2255
2255 1197
2255 1234
2255 1970
2255 1982
2255 3141
2255 733
2255 851
2255 995
2255 1289
2256 2256
2256 924
2256 3499
2256 3543
2256 3584
2256 3990
2256 92
2256 286
2256 370
2256 378
2257 1439
2257 2070
2257 2257
2257 3370
2257 2252
2257 3620
2257 3719
2257 1211
2257 1325
2257 2180
2258 2258
2258 624
2258 900
2258 1028
2258 2073
2258 2159
2258 3512
2258 384
2258 650
2258 854
2259 2138
2259 2259
2259 1035
2259 1179
2259 8
2259 104
2259 294
2259 338
2259 387
2259 557
2260 2260
2260 3125
2260 416
2260 2761
2260 2431
2260 1104
2260 3462
2260 428
2260 2091
2260 1467
2261 2261
2261 1980
2261 414
2261 1649
2261 2252
2261 2883
2261 4051
2261 370
2261 618
2261 1211
2262 2262
2262 2560
2262 3683
2262 8
2262 294
2262 338
2262 343
2262 387
2262 557
2262 773
2263 2263
2263 230
2263 248
2263 2530
2263 2663
2263 125
2263 296
2263 527
2263 998
2263 1393
2264 2264
2264 2303
2264 857
2264 1460
2264 468
2264 497
2264 847
2264 1292
2264 2035
2264 2308
2265 2265
2265 549
2265 187
2265 794
2265 865
2265 744
2265 23
2265 2316
2265 2496
2265 2958
2266 2266
2266 3146
2266 692
2266 2228
2266 2385
2266 875
2266 1299
2266 1831
2266 2190
2266 8
2267 2267
2267 1127
2267 1650
2267 3191
2267 3474
2267 2307
2267 1479
2267 1541
2267 890
2267 1898
2268 2268
2268 8
2268 134
2268 294
2268 338
2268 387
2268 557
2268 771
2268 773
2268 920
2269 2269
2269 1781
2269 3626
2269 126
2269 875
2269 1232
2269 1299
2269 1504
2269 1634
2269 2190
2270 2270
2270 3884
2270 2483
2270 3966
2270 7
2270 8
2270 294
2270 338
2270 387
2270 557
2271 2271
2271 1692
2271 8
2271 294
2271 338
2271 387
2271 557
2271 773
2271 920
2271 1180
2272 1017
2272 2272
2272 2858
2272 8
2272 294
2272 338
2272 387
2272 557
2272 773
2272 920
2273 2273
2273 1635
2273 310
2273 343
2273 381
2273 1134
2273 1786
2273 1980
2273 2211
2273 2252
2274 2274
2274 555
2274 2857
2274 1759
2274 2701
2274 1310
2274 3637
2274 821
2274 969
2274 3533
2275 2275
2275 71
2275 2115
2275 2222
2275 4001
2275 2351
2275 3680
2275 3634
2275 2279
2275 1826
2276 2276
2276 2845
2276 8
2276 294
2276 338
2276 387
2276 557
2276 773
2276 920
2276 1180
2277 2277
2277 3872
2277 650
2277 991
2277 3925
2277 3966
2277 8
2277 294
2277 338
2277 387
2278 2278
2278 2566
2278 1577
2278 255
2278 1922
2278 179
2278 1786
2278 802
2278 1443
2278 3193
2279 2279
2279 3533
2279 1039
2279 1759
2279 1736
2279 3716
2279 2447
2279 488
2279 969
2279 821
2280 2280
2280 2126
2280 1161
2280 2673
2280 278
2280 732
2280 3202
2280 3292
2280 3868
2280 1072
2281 2281
2281 2919
2281 3744
2281 2252
2281 310
2281 1165
2281 2139
2281 1211
2281 2180
2281 3134
2282 2282
2282 3460
2282 3923
2282 2766
2282 2173
2282 68
2282 634
2282 3576
2282 1829
2282 3650
2283 2283
2283 2578
2283 3208
2283 993
2283 3321
2283 82
2283 2104
2283 179
2283 959
2283 1153
2284 2284
2284 8
2284 294
2284 338
2284 387
2284 557
2284 773
2284 920
2284 1180
2284 1278
2285 2285
2285 2006
2285 2462
2285 2485
2285 3295
2285 365
2285 800
2285 2541
2285 2740
2285 3132
2286 2286
2286 426
2286 1627
2286 2131
2286 1010
2286 3921
2286 130
2286 1289
2286 1392
2286 1478
2287 2287
2287 2921
2287 545
2287 1811
2287 3019
2287 270
2287 461
2287 693
2287 1583
2287 465
2288 2288
2288 650
2288 991
2288 1030
2288 1240
2288 1321
2288 1353
2288 1404
2288 2914
2288 2991
2289 2289
2289 3931
2289 8
2289 186
2289 294
2289 338
2289 387
2289 557
2289 773
2289 920
2290 2290
2290 3303
2290 1179
2290 8
2290 130
2290 291
2290 294
2290 319
2290 338
2290 387
2291 2291
2291 3497
2291 573
2291 4033
2291 375
2291 3877
2291 2883
2291 3624
2291 2292
2291 2845
2292 2292
2292 2537
2292 111
2292 875
2292 1299
2292 2190
2292 2846
2292 3303
2292 8
2292 134
2293 2293
2293 520
2293 2406
2293 2483
2293 7
2293 8
2293 294
2293 338
2293 387
2293 557
2294 2294
2294 674
2294 1534
2294 3024
2294 369
2294 1746
2294 2491
2294 3257
2294 1119
2294 3032
2295 1767
2295 2295
2295 1980
2295 2252
2295 2883
2295 732
2295 2560
2295 3202
2295 3292
2295 3683
2296 2296
2296 179
2296 62
2296 296
2296 397
2296 533
2296 813
2296 875
2296 1299
2296 2190
2297 2297
2297 1983
2297 947
2297 358
2297 657
2297 858
2297 2908
2297 1779
2297 1585
2297 3073
2298 2298
2298 1440
2298 641
2298 2801
2298 2292
2298 111
2298 126
2298 2912
2298 624
2298 854
2299 2299
2299 1859
2299 2446
2299 3992
2299 1402
2299 1222
2299 830
2299 2688
2299 284
2299 924
2300 2300
2300 62
2300 624
2300 875
2300 1299
2300 2190
2300 2918
2300 3098
2300 3258
2300 8
2301 2301
2301 1769
2301 438
2301 638
2301 1027
2301 1353
2301 1404
2301 1786
2301 1831
2301 3626
2302 2302
2302 2888
2302 1970
2302 2834
2302 733
2302 995
2302 2810
2302 3185
2302 1136
2302 1316
2303 2303
2303 2264
2303 3499
2303 468
2303 497
2303 1889
2303 2601
2303 1179
2303 8
2303 294
2304 2304
2304 3673
2304 1035
2304 8
2304 294
2304 338
2304 387
2304 557
2304 773
2304 920
2305 2305
2305 2252
2305 1211
2305 1325
2305 2180
2305 2475
2305 2860
2305 3134
2305 3364
2305 3620
2306 2306
2306 1353
2306 1404
2306 8
2306 294
2306 338
2306 387
2306 551
2306 557
2306 773
2307 2307
2307 1738
2307 1127
2307 1554
2307 3488
2307 230
2307 2601
2307 3626
2307 179
2307 2767
2308 2308
2308 8
2308 294
2308 338
2308 387
2308 557
2308 773
2308 920
2308 1180
2308 1278
2309 2309
2309 3151
2309 785
2309 757
2309 1021
2309 1808
2309 3206
2309 650
2309 991
2309 1321
2310 2310
2310 451
2310 1885
2310 1832
2310 1313
2310 2720
2310 3960
2310 583
2310 126
2310 2655
2311 2311
2311 3843
2311 8
2311 294
2311 338
2311 387
2311 557
2311 773
2311 920
2311 1180
2312 2312
2312 352
2312 2726
2312 575
2312 593
2312 1781
2312 3119
2312 40
2312 1854
2312 537
2313 2313
2313 650
2313 991
2313 1688
2313 8
2313 294
2313 338
2313 387
2313 557
2313 638
2314 2314
2314 593
2314 527
2314 575
2314 1289
2314 1392
2314 1478
2314 1810
2314 2769
2314 3178
2315 2315
2315 650
2315 801
2315 991
2315 1289
2315 1392
2315 1478
2315 2777
2315 3747
2315 8
2316 2316
2316 2779
2316 2825
2316 1179
2316 8
2316 294
2316 338
2316 387
2316 490
2316 557
2317 2317
2317 2923
2317 3994
2317 609
2317 875
2317 1299
2317 2190
2317 8
2317 134
2317 179
2318 2318
2318 3157
2318 571
2318 312
2318 409
2318 2355
2318 2612
2318 2631
2318 8
2318 294
2319 2319
2319 3505
2319 62
2319 296
2319 2777
2319 3900
2319 179
2319 1931
2319 2927
2319 533
2320 2320
2320 1006
2320 1777
2320 2883
2320 4020
2320 569
2320 580
2320 801
2320 1211
2320 1289
2321 2321
2321 449
2321 580
2321 1321
2321 2734
2321 3325
2321 3552
2321 1179
2321 8
2321 294
2322 2322
2322 209
2322 3106
2322 495
2322 3601
2322 817
2322 1450
2322 444
2322 3419
2322 3045
2323 2323
2323 2459
2323 308
2323 108
2323 92
2323 650
2323 801
2323 991
2323 1496
2323 2454
2324 1429
2324 2324
2324 2271
2324 650
2324 991
2324 1098
2324 1353
2324 1404
2324 1692
2324 8
2325 2325
2325 2148
2325 130
2325 319
2325 1393
2325 1723
2325 3085
2325 3303
2325 3880
2325 1179
2326 2326
2326 8
2326 294
2326 338
2326 387
2326 557
2326 773
2326 920
2326 1180
2326 1278
2327 2327
2327 3424
2327 1917
2327 514
2327 2560
2327 3133
2327 3683
2327 3703
2327 3824
2327 1128
2328 2328
2328 3416
2328 801
2328 1496
2328 2454
2328 3320
2328 3747
2328 517
2328 8
2328 179
2329 2329
2329 62
2329 65
2329 179
2329 223
2329 1786
2329 2661
2329 130
2329 170
2329 291
2330 2330
2330 1211
2330 1456
2330 2180
2330 2230
2330 3134
2330 8
2330 294
2330 338
2330 387
2331 2331
2331 41
2331 2005
2331 8
2331 294
2331 338
2331 387
2331 557
2331 760
2331 773
2332 2332
2332 1215
2332 2230
2332 2643
2332 2825
2332 2914
2332 2991
2332 8
2332 294
2332 338
2333 2333
2333 3520
2333 2645
2333 3711
2333 2253
2333 2402
2333 2240
2333 1447
2333 3161
2333 58
2334 2334
2334 725
2334 1263
2334 1308
2334 92
2334 559
2334 650
2334 918
2334 991
2334 1055
2335 2335
2335 2477
2335 1535
2335 1136
2335 1316
2335 1700
2335 2556
2335 3398
2335 490
2335 650
2336 2336
2336 3148
2336 2116
2336 145
2336 3094
2336 875
2336 1232
2336 1299
2336 1931
2336 2190
2337 2337
2337 1292
2337 3641
2337 8
2337 294
2337 338
2337 387
2337 557
2337 760
2337 773
2338 1606
2338 2338
2338 3323
2338 170
2338 731
2338 733
2338 761
2338 995
2338 1211
2338 2180
2339 2339
2339 343
2339 3122
2339 370
2339 650
2339 991
2339 1292
2339 1705
2339 1831
2339 2152
2340 2340
2340 190
2340 2758
2340 859
2340 1057
2340 1437
2340 3354
2340 130
2340 2615
2340 3353
2341 2341
2341 1037
2341 2435
2341 1646
2341 1840
2341 2927
2341 3308
2341 3069
2341 3834
2341 310
2342 2342
2342 1754
2342 3713
2342 2464
2342 1013
2342 2078
2342 582
2342 704
2342 799
2342 370
2343 2343
2343 2158
2343 296
2343 248
2343 3804
2343 179
2343 497
2343 2437
2343 2954
2343 1791
2344 2344
2344 2949
2344 586
2344 650
2344 991
2344 1705
2344 1831
2344 8
2344 186
2344 294
2345 2345
2345 770
2345 91
2345 2449
2345 899
2345 2575
2345 2041
2345 3256
2345 2696
2345 2534
2346 2346
2346 609
2346 2210
2346 60
2346 378
2346 2552
2346 2721
2346 2914
2346 2991
2346 3445
2347 2347
2347 325
2347 2386
2347 2790
2347 1136
2347 1316
2347 1700
2347 2556
2347 3398
2347 8
2348 2348
2348 1790
2348 2897
2348 3077
2348 1353
2348 1404
2348 650
2348 991
2348 3689
2348 731
2349 2349
2349 3407
2349 186
2349 718
2349 1541
2349 1849
2349 296
2349 402
2349 875
2349 1158
2350 2350
2350 2191
2350 1101
2350 2284
2350 2959
2350 989
2350 2221
2350 2496
2350 2958
2350 2075
2351 2351
2351 282
2351 1926
2351 3042
2351 3955
2351 2905
2351 1227
2351 1601
2351 2394
2351 1528
2352 2352
2352 208
2352 987
2352 3975
2352 92
2352 650
2352 801
2352 991
2352 1496
2352 2454
2353 2353
2353 3412
2353 2306
2353 1004
2353 2677
2353 348
2353 909
2353 1289
2353 1353
2353 1392
2354 2354
2354 24
2354 3631
2354 1482
2354 2601
2354 2943
2354 4017
2354 92
2354 568
2354 635
2355 2355
2355 8
2355 294
2355 338
2355 366
2355 387
2355 557
2355 773
2355 920
2355 1180
2356 1425
2356 2356
2356 875
2356 1299
2356 1321
2356 2190
2356 3455
2356 2537
2356 8
2356 80
2357 2357
2357 276
2357 402
2357 650
2357 989
2357 991
2357 1353
2357 1404
2357 2191
2357 2221
2358 1869
2358 2358
2358 2839
2358 414
2358 1019
2358 2903
2358 2252
2358 130
2358 319
2358 1211
2359 2359
2359 8
2359 186
2359 294
2359 338
2359 387
2359 520
2359 557
2359 592
2359 773
2360 2360
2360 3935
2360 213
2360 3675
2360 1522
2360 876
2360 1153
2360 2462
2360 3230
2360 3295
2361 2361
2361 538
2361 1179
2361 8
2361 294
2361 338
2361 387
2361 557
2361 773
2361 920
2362 2362
2362 1153
2362 126
2362 1522
2362 586
2362 695
2362 1215
2362 1456
2362 1514
2362 2204
2363 2363
2363 822
2363 1982
2363 2927
2363 1017
2363 1456
2363 2272
2363 2858
2363 3178
2363 3295
2364 2364
2364 1394
2364 3379
2364 583
2364 2550
2364 126
2364 2689
2364 3808
2364 3426
2364 875
2365 2365
2365 1669
2365 3519
2365 949
2365 3474
2365 2246
2365 459
2365 1686
2365 2401
2365 1257
2366 2366
2366 3368
2366 801
2366 2551
2366 3053
2366 3747
2366 699
2366 2496
2366 2958
2366 92
2367 2367
2367 2563
2367 3286
2367 3925
2367 3849
2367 40
2367 593
2367 628
2367 1134
2367 1197
2368 2368
2368 800
2368 179
2368 1982
2368 2927
2368 62
2368 154
2368 296
2368 397
2368 533
2369 2369
2369 4012
2369 650
2369 991
2369 1456
2369 3049
2369 3178
2369 3295
2369 3671
2369 1982
2370 2370
2370 760
2370 312
2370 438
2370 1292
2370 1889
2370 2503
2370 2612
2370 2734
2370 3325
2371 2371
2371 179
2371 230
2371 720
2371 961
2371 3920
2371 62
2371 296
2371 397
2371 529
2372 2372
2372 1496
2372 1723
2372 2454
2372 3320
2372 8
2372 294
2372 338
2372 387
2372 557
2373 2373
2373 1599
2373 2397
2373 1521
2373 3198
2373 3258
2373 3303
2373 3937
2373 179
2373 8
2374 2374
2374 2789
2374 593
2374 3113
2374 3849
2374 575
2374 854
2374 1289
2374 1392
2374 1478
2375 2375
2375 1200
2375 1625
2375 3399
2375 658
2375 275
2375 3462
2375 2929
2375 3056
2375 81
2376 2376
2376 832
2376 3594
2376 2863
2376 445
2376 947
2376 3452
2376 657
2376 268
2376 1544
2377 2377
2377 2383
2377 766
2377 230
2377 1571
2377 1967
2377 3279
2377 3763
2377 2560
2377 3683
2378 2378
2378 1893
2378 1494
2378 4047
2378 3679
2378 104
2378 1787
2378 2152
2378 2189
2378 2552
2379 2379
2379 2655
2379 3056
2379 3332
2379 154
2379 650
2379 875
2379 991
2379 1153
2379 1204
2380 2380
2380 193
2380 3285
2380 1997
2380 3735
2380 468
2380 2355
2380 2631
2380 3885
2380 2985
2381 2381
2381 326
2381 296
2381 2315
2381 3139
2381 248
2381 378
2381 568
2381 609
2381 650
2382 2382
2382 1061
2382 3929
2382 335
2382 1815
2382 1906
2382 3662
2382 121
2382 378
2382 586
2383 2383
2383 766
2383 2377
2383 230
2383 1967
2383 533
2383 179
2383 345
2383 3658
2383 3920
2384 2384
2384 1925
2384 1113
2384 2007
2384 2188
2384 81
2384 1353
2384 1404
2384 3178
2384 428
2385 2385
2385 2266
2385 650
2385 692
2385 991
2385 8
2385 284
2385 294
2385 338
2385 387
2386 2386
2386 2790
2386 8
2386 294
2386 338
2386 387
2386 557
2386 773
2386 920
2386 1180
2387 2387
2387 603
2387 3013
2387 41
2387 186
2387 384
2387 707
2387 718
2387 760
2387 798
2388 1139
2388 2388
2388 733
2388 995
2388 1831
2388 2810
2388 343
2388 1631
2388 1909
2388 1970
2389 2389
2389 4045
2389 3159
2389 168
2389 2575
2389 2449
2389 1741
2389 3074
2389 161
2389 1489
2390 2390
2390 1911
2390 1967
2390 2244
2390 705
2390 3511
2390 62
2390 2777
2390 2317
2390 2923
2391 2391
2391 41
2391 67
2391 2005
2391 2914
2391 2991
2391 8
2391 294
2391 338
2391 387
2392 2392
2392 788
2392 538
2392 2552
2392 2845
2392 2914
2392 2991
2392 1179
2392 1519
2392 2440
2393 2393
2393 551
2393 3198
2393 1353
2393 1404
2393 2483
2393 3303
2393 3937
2393 378
2393 1055
2394 2394
2394 994
2394 2451
2394 3318
2394 157
2394 989
2394 1047
2394 1713
2394 2221
2394 1179
2395 2395
2395 1165
2395 2139
2395 2825
2395 8
2395 294
2395 338
2395 387
2395 551
2395 557
2396 2396
2396 2636
2396 2799
2396 960
2396 95
2396 3119
2396 1974
2396 2210
2396 2736
2396 365
2397 2397
2397 1521
2397 2373
2397 1599
2397 3303
2397 8
2397 294
2397 338
2397 387
2397 557
2398 728
2398 2398
2398 2001
2398 2685
2398 8
2398 294
2398 338
2398 387
2398 557
2398 773
2399 2399
2399 1707
2399 650
2399 731
2399 875
2399 991
2399 1299
2399 2190
2399 2437
2399 3258
2400 2400
2400 1849
2400 312
2400 2483
2400 2612
2400 7
2400 8
2400 65
2400 186
2400 294
2401 2401
2401 1257
2401 362
2401 1692
2401 62
2401 2189
2401 2271
2401 179
2401 855
2401 1661
2402 2402
2402 2253
2402 3711
2402 58
2402 337
2402 2240
2402 3531
2402 1439
2402 2070
2402 2257
2403 2403
2403 2845
2403 8
2403 294
2403 338
2403 387
2403 557
2403 773
2403 920
2403 1180
2404 2404
2404 939
2404 2073
2404 2159
2404 3512
2404 384
2404 624
2404 875
2404 1299
2404 1524
2405 2405
2405 749
2405 3085
2405 8
2405 186
2405 294
2405 312
2405 338
2405 387
2405 527
2406 2406
2406 8
2406 294
2406 338
2406 387
2406 557
2406 773
2406 920
2406 1180
2406 1278
2407 2407
2407 1727
2407 1879
2407 14
2407 821
2407 1791
2407 555
2407 1759
2407 3533
2407 3716
2408 2408
2408 2884
2408 1103
2408 3003
2408 1528
2408 325
2408 1128
2408 3122
2408 2347
2408 3364
2409 2409
2409 2537
2409 111
2409 378
2409 533
2409 609
2409 629
2409 875
2409 1190
2409 1232
2410 2410
2410 656
2410 126
2410 2545
2410 3119
2410 3626
2410 3978
2410 286
2410 296
2410 363
2411 2411
2411 2458
2411 1082
2411 2537
2411 104
2411 111
2411 365
2411 650
2411 875
2411 918
2412 2412
2412 3725
2412 389
2412 2121
2412 1908
2412 6
2412 150
2412 2953
2412 319
2412 1128
2413 1514
2413 2413
2413 2552
2413 2914
2413 2991
2413 8
2413 294
2413 338
2413 387
2413 557
2414 2414
2414 1723
2414 2386
2414 2790
2414 8
2414 294
2414 338
2414 387
2414 557
2414 773
2415 2415
2415 1980
2415 130
2415 319
2415 370
2415 2152
2415 2339
2415 2472
2415 336
2415 343
2416 2416
2416 2068
2416 1515
2416 3189
2416 417
2416 1907
2416 2484
2416 2655
2416 179
2416 335
2417 2417
2417 1050
2417 1303
2417 2210
2417 324
2417 378
2417 758
2417 1215
2417 1550
2417 2721
2418 2418
2418 3970
2418 2208
2418 3820
2418 2832
2418 2875
2418 4040
2418 245
2418 1286
2418 509
2419 2419
2419 179
2419 230
2419 601
2419 1786
2419 62
2419 296
2419 397
2419 533
2419 813
2420 2420
2420 3038
2420 650
2420 991
2420 1070
2420 3085
2420 3325
2420 8
2420 186
2420 294
2421 2421
2421 78
2421 1906
2421 1726
2421 875
2421 1299
2421 2190
2421 650
2421 991
2421 624
2422 2422
2422 23
2422 1045
2422 593
2422 3040
2422 3543
2422 3642
2422 2525
2422 2745
2422 3354
2423 2423
2423 3527
2423 2149
2423 912
2423 363
2423 2601
2423 126
2423 2860
2423 586
2423 1211
2424 2424
2424 3336
2424 1106
2424 214
2424 902
2424 650
2424 991
2424 3595
2424 92
2424 551
2425 2425
2425 566
2425 2306
2425 1240
2425 3925
2425 1535
2425 3001
2425 2241
2425 3056
2425 3077
2426 1381
2426 2426
2426 468
2426 1353
2426 1404
2426 3325
2426 3413
2426 3282
2426 3710
2426 8
2427 2427
2427 3380
2427 583
2427 62
2427 490
2427 822
2427 875
2427 970
2427 1017
2427 1122
2428 2428
2428 3340
2428 840
2428 2437
2428 3897
2428 525
2428 2040
2428 92
2428 144
2428 175
2429 2429
2429 3990
2429 370
2429 650
2429 991
2429 1799
2429 2483
2429 2913
2429 7
2429 8
2430 2430
2430 468
2430 1321
2430 8
2430 294
2430 338
2430 366
2430 387
2430 557
2430 686
2431 2431
2431 77
2431 2091
2431 1467
2431 626
2431 428
2431 1786
2431 7
2431 92
2431 961
2432 2432
2432 200
2432 1228
2432 688
2432 652
2432 2037
2432 454
2432 2870
2432 257
2432 2917
2433 2433
2433 1634
2433 8
2433 294
2433 338
2433 387
2433 557
2433 773
2433 920
2433 1180
2434 2434
2434 8
2434 294
2434 338
2434 387
2434 557
2434 773
2434 920
2434 1180
2434 1278
2435 2435
2435 1840
2435 1037
2435 3919
2435 2601
2435 1646
2435 2341
2435 822
2435 50
2435 527
2436 241
2436 2436
2436 81
2436 3056
2436 8
2436 186
2436 294
2436 338
2436 387
2436 557
2437 2437
2437 650
2437 991
2437 8
2437 294
2437 338
2437 387
2437 557
2437 593
2437 773
2438 2438
2438 157
2438 1136
2438 1316
2438 1700
2438 2556
2438 3398
2438 1179
2438 8
2438 294
2439 2439
2439 2414
2439 3188
2439 276
2439 1353
2439 1404
2439 1723
2439 2386
2439 2483
2439 2790
2440 1519
2440 2440
2440 3850
2440 2914
2440 2991
2440 1179
2440 8
2440 104
2440 109
2440 208
2441 2441
2441 1190
2441 8
2441 294
2441 338
2441 387
2441 557
2441 638
2441 773
2441 920
2442 2442
2442 3971
2442 2779
2442 924
2442 1799
2442 2038
2442 3543
2442 8
2442 294
2442 338
2443 2443
2443 1353
2443 1404
2443 2468
2443 1136
2443 1316
2443 1700
2443 2556
2443 3398
2443 8
2444 2444
2444 3784
2444 3803
2444 8
2444 50
2444 294
2444 338
2444 387
2444 557
2444 773
2445 2445
2445 2457
2445 941
2445 2753
2445 3923
2445 3542
2445 430
2445 1161
2445 806
2445 984
2446 2446
2446 1222
2446 3992
2446 1402
2446 2688
2446 830
2446 1859
2446 2483
2446 1179
2446 7
2447 2447
2447 850
2447 849
2447 1225
2447 2071
2447 3688
2447 3394
2447 1039
2447 3742
2447 3716
2448 826
2448 2448
2448 2200
2448 989
2448 1831
2448 2221
2448 2496
2448 2958
2448 343
2448 381
2449 2449
2449 93
2449 2575
2449 91
2449 2456
2449 444
2449 2041
2449 161
2449 2276
2449 3268
2450 2450
2450 873
2450 2627
2450 2793
2450 3626
2450 8
2450 126
2450 294
2450 310
2450 338
2451 2451
2451 1713
2451 1179
2451 8
2451 294
2451 338
2451 387
2451 557
2451 773
2451 920
2452 2452
2452 3882
2452 3968
2452 1740
2452 2291
2452 3271
2452 912
2452 2239
2452 917
2452 447
2453 2453
2453 3354
2453 2577
2453 3455
2453 8
2453 294
2453 338
2453 387
2453 520
2453 557
2454 1496
2454 2454
2454 3320
2454 8
2454 294
2454 338
2454 387
2454 557
2454 638
2454 720
2455 2455
2455 3113
2455 527
2455 624
2455 1289
2455 1392
2455 1478
2455 1661
2455 2789
2455 3965
2456 2456
2456 1055
2456 1234
2456 1982
2456 2485
2456 3119
2456 3626
2456 126
2456 161
2456 286
2457 2457
2457 1503
2457 3542
2457 3923
2457 1157
2457 1174
2457 1578
2457 2753
2457 319
2457 2445
2458 2458
2458 2411
2458 1082
2458 3616
2458 2661
2458 3077
2458 650
2458 875
2458 885
2458 918
2459 2459
2459 2323
2459 108
2459 308
2459 1496
2459 2454
2459 2825
2459 3320
2459 8
2459 261
2460 2460
2460 217
2460 2284
2460 1105
2460 157
2460 2712
2460 3318
2460 3479
2460 1179
2460 8
2461 2461
2461 41
2461 989
2461 1047
2461 1289
2461 1353
2461 1392
2461 1404
2461 1478
2461 1542
2462 2462
2462 3295
2462 1522
2462 1982
2462 2210
2462 2485
2462 378
2462 800
2462 1153
2462 1456
2463 2463
2463 2271
2463 1692
2463 1136
2463 1316
2463 1700
2463 2556
2463 3398
2463 8
2463 294
2464 2464
2464 1013
2464 3713
2464 2342
2464 370
2464 704
2464 414
2464 1980
2464 2252
2464 2883
2465 2465
2465 377
2465 3526
2465 315
2465 2597
2465 1112
2465 2912
2465 3242
2465 365
2465 1733
2466 2466
2466 1189
2466 650
2466 801
2466 918
2466 991
2466 1289
2466 1392
2466 1478
2466 1688
2467 2467
2467 3722
2467 273
2467 637
2467 3995
2467 2345
2467 2449
2467 2575
2467 502
2467 476
2468 2468
2468 2406
2468 8
2468 294
2468 338
2468 387
2468 557
2468 773
2468 920
2468 1180
2469 2469
2469 368
2469 1721
2469 3655
2469 72
2469 588
2469 4005
2469 36
2469 3410
2469 1107
2470 2470
2470 563
2470 134
2470 2537
2470 111
2470 771
2470 875
2470 900
2470 970
2470 1299
2471 2471
2471 174
2471 915
2471 169
2471 718
2471 202
2471 650
2471 801
2471 875
2471 991
2472 2472
2472 8
2472 294
2472 338
2472 387
2472 557
2472 707
2472 773
2472 920
2472 1006
2473 2473
2473 1165
2473 2139
2473 1179
2473 8
2473 294
2473 338
2473 387
2473 520
2473 551
2474 2474
2474 2620
2474 2560
2474 3133
2474 3683
2474 3703
2474 442
2474 2914
2474 2991
2474 3422
2475 2475
2475 1667
2475 2252
2475 378
2475 1211
2475 1325
2475 2180
2475 2305
2475 2721
2475 2860
2476 2476
2476 1783
2476 379
2476 2520
2476 1306
2476 2424
2476 1106
2476 2292
2476 214
2476 1855
2477 2477
2477 2335
2477 1136
2477 1316
2477 1700
2477 2556
2477 3398
2477 490
2477 1535
2477 2104
2478 2478
2478 3371
2478 1688
2478 2825
2478 8
2478 294
2478 338
2478 387
2478 557
2478 773
2479 2479
2479 3281
2479 481
2479 2864
2479 1066
2479 525
2479 1197
2479 1777
2479 3141
2479 2601
2480 2480
2480 2391
2480 1057
2480 41
2480 67
2480 695
2480 801
2480 1289
2480 1392
2480 1478
2481 2481
2481 3180
2481 3205
2481 788
2481 2001
2481 2685
2481 104
2481 154
2481 695
2481 1153
2482 2482
2482 173
2482 1604
2482 2210
2482 2550
2482 3543
2482 3675
2482 3990
2482 324
2482 370
2483 2483
2483 7
2483 8
2483 294
2483 338
2483 387
2483 557
2483 773
2483 920
2483 1180
2484 2484
2484 1318
2484 179
2484 2655
2484 3763
2484 1443
2484 3193
2484 62
2484 296
2484 397
2485 2485
2485 1982
2485 378
2485 800
2485 1456
2485 2462
2485 2721
2485 2740
2485 3274
2485 3295
2486 2486
2486 1713
2486 8
2486 294
2486 338
2486 387
2486 557
2486 773
2486 920
2486 1180
2487 2487
2487 690
2487 1836
2487 1047
2487 2537
2487 2846
2487 1936
2487 1179
2487 8
2487 111
2488 2488
2488 1858
2488 2290
2488 2457
2488 3542
2488 1503
2488 1174
2488 3923
2488 1157
2488 2282
2489 2489
2489 3698
2489 2605
2489 1786
2489 875
2489 1299
2489 1353
2489 1404
2489 2190
2489 2627
2490 2490
2490 3386
2490 477
2490 1108
2490 3878
2490 726
2490 1435
2490 3461
2490 3702
2490 173
2491 1746
2491 2491
2491 3024
2491 1393
2491 1909
2491 3135
2491 3210
2491 3257
2491 1047
2491 2191
2492 2492
2492 989
2492 2221
2492 3178
2492 2496
2492 2958
2492 8
2492 294
2492 338
2492 387
2493 2493
2493 3275
2493 3563
2493 3049
2493 2559
2493 2663
2493 2780
2493 3103
2493 381
2493 924
2494 2494
2494 1227
2494 779
2494 870
2494 1975
2494 1179
2494 8
2494 294
2494 338
2494 387
2495 2495
2495 1289
2495 1392
2495 1478
2495 8
2495 294
2495 338
2495 387
2495 520
2495 557
2496 2496
2496 2958
2496 989
2496 2221
2496 8
2496 294
2496 338
2496 387
2496 557
2496 767
2497 2497
2497 179
2497 62
2497 296
2497 397
2497 533
2497 813
2497 875
2497 1299
2497 2190
2498 2498
2498 2741
2498 3131
2498 2496
2498 2958
2498 402
2498 527
2498 635
2498 989
2498 2221
2499 2499
2499 1772
2499 593
2499 2437
2499 2147
2499 3985
2499 8
2499 294
2499 338
2499 387
2500 2500
2500 672
2500 1832
2500 437
2500 2970
2500 2720
2500 1498
2500 451
2500 1885
2500 2310
2501 2501
2501 319
2501 325
2501 2152
2501 3308
2501 3880
2501 4025
2501 343
2501 414
2501 729
2502 2502
2502 1006
2502 2601
2502 3214
2502 312
2502 1496
2502 2454
2502 2612
2502 2683
2502 3320
2503 2503
2503 760
2503 1292
2503 2483
2503 3641
2503 7
2503 8
2503 294
2503 338
2503 387
2504 2504
2504 2514
2504 3730
2504 1377
2504 2074
2504 325
2504 335
2504 771
2504 2347
2504 3119
2505 2505
2505 2604
2505 3349
2505 2560
2505 3683
2505 8
2505 294
2505 335
2505 338
2505 387
2506 2506
2506 539
2506 540
2506 583
2506 1786
2506 227
2506 875
2506 1299
2506 1353
2506 1404
2507 2507
2507 8
2507 294
2507 338
2507 387
2507 557
2507 773
2507 920
2507 1180
2507 1278
2508 2508
2508 3599
2508 3131
2508 618
2508 989
2508 2221
2508 2496
2508 2899
2508 2958
2508 3258
2509 2509
2509 414
2509 593
2509 1022
2509 1980
2509 2252
2509 2883
2509 4051
2509 144
2509 266
2510 2510
2510 1765
2510 3356
2510 1635
2510 461
2510 2211
2510 3548
2510 1118
2510 2357
2510 2959
2511 2511
2511 1688
2511 3085
2511 3413
2511 8
2511 294
2511 338
2511 387
2511 557
2511 773
2512 2512
2512 3351
2512 3409
2512 1852
2512 2552
2512 2887
2512 2914
2512 2975
2512 2991
2512 3085
2513 2513
2513 2248
2513 179
2513 2497
2513 62
2513 296
2513 397
2513 533
2513 813
2513 875
2514 2514
2514 3730
2514 1377
2514 2504
2514 414
2514 1325
2514 2004
2514 2252
2514 2475
2514 3245
2515 2515
2515 1484
2515 680
2515 92
2515 455
2515 650
2515 801
2515 991
2515 1197
2515 1289
2516 2516
2516 2151
2516 179
2516 255
2516 296
2516 1922
2516 1443
2516 3193
2516 62
2516 397
2517 2517
2517 1373
2517 954
2517 1017
2517 2272
2517 2858
2517 3252
2517 1179
2517 8
2517 294
2518 2518
2518 614
2518 104
2518 1815
2518 365
2518 569
2518 1165
2518 1211
2518 1667
2518 2139
2519 2519
2519 1471
2519 304
2519 1149
2519 1657
2519 3355
2519 305
2519 111
2519 575
2519 875
2520 2520
2520 379
2520 134
2520 363
2520 126
2520 170
2520 586
2520 624
2520 761
2520 875
2521 2521
2521 1878
2521 1815
2521 2210
2521 2537
2521 3675
2521 938
2521 1093
2521 2292
2521 104
2522 2522
2522 538
2522 8
2522 294
2522 338
2522 387
2522 557
2522 720
2522 773
2522 882
2523 2523
2523 351
2523 741
2523 1020
2523 2198
2523 3202
2523 3868
2523 2252
2523 732
2523 2560
2524 2524
2524 319
2524 291
2524 325
2524 840
2524 851
2524 1393
2524 1889
2524 2042
2524 2386
2525 2525
2525 8
2525 188
2525 294
2525 338
2525 387
2525 557
2525 687
2525 707
2525 771
2526 2526
2526 1016
2526 1609
2526 1903
2526 1417
2526 2578
2526 3208
2526 3828
2526 1141
2526 626
2527 2527
2527 2614
2527 255
2527 533
2527 1922
2527 179
2527 1786
2527 3920
2527 1443
2527 3193
2528 2528
2528 2837
2528 2567
2528 419
2528 231
2528 3529
2528 3858
2528 3068
2528 3457
2528 2814
2529 2529
2529 286
2529 1115
2529 1815
2529 2210
2529 3094
2529 3626
2529 126
2529 378
2529 875
2530 2530
2530 1889
2530 8
2530 230
2530 248
2530 294
2530 338
2530 387
2530 557
2530 686
2531 2531
2531 1637
2531 1777
2531 2576
2531 157
2531 1289
2531 1392
2531 1456
2531 1478
2531 2308
2532 2532
2532 2085
2532 2520
2532 3562
2532 2203
2532 329
2532 1544
2532 445
2532 2579
2532 3265
2533 2533
2533 1227
2533 2494
2533 3387
2533 3955
2533 806
2533 2877
2533 2152
2533 1601
2533 3077
2534 2534
2534 2689
2534 2025
2534 2292
2534 336
2534 2537
2534 161
2534 875
2534 1299
2534 2190
2535 2535
2535 1579
2535 2655
2535 875
2535 1299
2535 2154
2535 2190
2535 3649
2535 179
2535 335
2536 2536
2536 593
2536 575
2536 3027
2536 3303
2536 3860
2536 1136
2536 1316
2536 1700
2536 2556
2537 2537
2537 111
2537 875
2537 1299
2537 2190
2537 2292
2537 2846
2537 8
2537 134
2537 179
2538 2538
2538 8
2538 294
2538 338
2538 387
2538 557
2538 773
2538 920
2538 1180
2538 1278
2539 2539
2539 1144
2539 3557
2539 801
2539 1027
2539 1353
2539 1404
2539 1496
2539 1889
2539 2188
2540 2024
2540 2540
2540 959
2540 3354
2540 3455
2540 8
2540 294
2540 338
2540 387
2540 557
2541 2541
2541 2845
2541 2914
2541 2991
2541 8
2541 134
2541 294
2541 338
2541 387
2541 557
2542 2542
2542 126
2542 586
2542 8
2542 186
2542 294
2542 338
2542 387
2542 557
2542 592
2543 2543
2543 3258
2543 8
2543 294
2543 338
2543 387
2543 557
2543 686
2543 773
2543 882
2544 2544
2544 2779
2544 8
2544 294
2544 338
2544 387
2544 557
2544 773
2544 920
2544 1180
2545 2545
2545 3258
2545 8
2545 294
2545 338
2545 387
2545 557
2545 773
2545 920
2545 1180
2546 2546
2546 3354
2546 1496
2546 2355
2546 2454
2546 2683
2546 3320
2546 3455
2546 8
2546 294
2547 2547
2547 3523
2547 344
2547 3874
2547 1530
2547 468
2547 857
2547 1190
2547 1292
2547 2406
2548 2548
2548 2074
2548 3040
2548 3119
2548 3543
2548 378
2548 609
2548 2721
2548 3258
2548 3556
2549 2549
2549 1747
2549 408
2549 704
2549 2252
2549 3077
2549 3122
2549 902
2549 370
2549 650
2550 2550
2550 2914
2550 2991
2550 8
2550 294
2550 338
2550 387
2550 557
2550 773
2550 920
2551 2551
2551 468
2551 989
2551 1353
2551 1404
2551 2221
2551 2496
2551 2958
2551 8
2551 294
2552 2552
2552 1514
2552 2413
2552 2914
2552 2991
2552 8
2552 294
2552 338
2552 387
2552 557
2553 2553
2553 1292
2553 1889
2553 3641
2553 8
2553 294
2553 338
2553 387
2553 557
2553 760
2554 2554
2554 147
2554 162
2554 836
2554 1519
2554 2440
2554 3850
2554 2152
2554 2205
2554 3122
2555 2555
2555 575
2555 875
2555 1299
2555 1456
2555 2190
2555 8
2555 134
2555 179
2555 294
2556 1136
2556 1316
2556 1700
2556 2556
2556 3398
2556 8
2556 294
2556 338
2556 387
2556 557
2557 2557
2557 179
2557 62
2557 296
2557 397
2557 533
2557 650
2557 813
2557 875
2557 991
2558 2558
2558 468
2558 847
2558 1292
2558 1321
2558 2035
2558 3641
2558 8
2558 294
2558 338
2559 2559
2559 2780
2559 378
2559 989
2559 1243
2559 2221
2559 2721
2559 3612
2559 3966
2559 2496
2560 2560
2560 3683
2560 8
2560 294
2560 338
2560 343
2560 387
2560 557
2560 773
2560 920
2561 2561
2561 3145
2561 3188
2561 1723
2561 3541
2561 41
2561 580
2561 593
2561 1353
2561 1404
2562 2562
2562 745
2562 3463
2562 3693
2562 1128
2562 3122
2562 2475
2562 3077
2562 1136
2562 1316
2563 2563
2563 2367
2563 3286
2563 40
2563 1854
2563 3849
2563 2867
2563 3933
2563 4049
2563 229
2564 2564
2564 2130
2564 852
2564 3575
2564 3708
2564 2831
2564 2761
2564 2479
2564 248
2564 3787
2565 2565
2565 1786
2565 875
2565 1289
2565 1299
2565 1353
2565 1357
2565 1392
2565 1404
2565 1478
2566 2566
2566 802
2566 360
2566 2278
2566 1577
2566 2271
2566 1692
2566 1786
2566 65
2566 179
2567 2567
2567 2837
2567 3858
2567 3529
2567 419
2567 2528
2567 231
2567 3068
2567 3457
2567 2814
2568 2568
2568 354
2568 442
2568 1153
2568 1456
2568 2552
2568 2808
2568 2914
2568 2991
2568 2001
2569 2569
2569 2444
2569 3803
2569 3784
2569 1304
2569 2075
2569 2616
2569 2954
2569 2959
2569 291
2570 2570
2570 50
2570 130
2570 1211
2570 1667
2570 1787
2570 2180
2570 2821
2570 3069
2570 3085
2571 2571
2571 586
2571 2777
2571 8
2571 294
2571 338
2571 387
2571 557
2571 773
2571 920
2572 2572
2572 2150
2572 1495
2572 3859
2572 248
2572 2451
2572 1357
2572 1713
2572 2079
2572 3083
2573 2573
2573 343
2573 1831
2573 2560
2573 3683
2573 8
2573 294
2573 338
2573 387
2573 557
2574 2574
2574 3228
2574 593
2574 2536
2574 40
2574 1854
2574 537
2574 828
2574 2170
2574 1136
2575 2575
2575 2449
2575 93
2575 91
2575 2041
2575 2925
2575 444
2575 868
2575 3878
2575 391
2576 2576
2576 2308
2576 537
2576 828
2576 2170
2576 1179
2576 8
2576 294
2576 338
2576 387
2577 2577
2577 3354
2577 580
2577 2453
2577 3455
2577 8
2577 294
2577 338
2577 387
2577 520
2578 2578
2578 3208
2578 1882
2578 2283
2578 3455
2578 1808
2578 3206
2578 3332
2578 82
2578 8
2579 2579
2579 1131
2579 2176
2579 3119
2579 822
2579 365
2579 508
2579 875
2579 1299
2579 2190
2580 2580
2580 3307
2580 1503
2580 1174
2580 1157
2580 3542
2580 2457
2580 3923
2580 430
2580 634
2581 2581
2581 517
2581 1123
2581 1516
2581 1353
2581 1404
2581 8
2581 294
2581 338
2581 387
2582 2582
2582 580
2582 2483
2582 7
2582 8
2582 43
2582 294
2582 338
2582 387
2582 557
2583 2583
2583 2483
2583 7
2583 8
2583 294
2583 338
2583 387
2583 557
2583 773
2583 920
2584 2584
2584 1864
2584 1600
2584 1907
2584 1515
2584 179
2584 3588
2584 281
2584 1232
2584 2497
2585 2585
2585 2600
2585 378
2585 2721
2585 3612
2585 527
2585 1303
2585 1353
2585 1404
2585 3119
2586 2586
2586 3493
2586 1777
2586 3113
2586 144
2586 733
2586 840
2586 851
2586 995
2586 1030
2587 2587
2587 2779
2587 8
2587 294
2587 338
2587 387
2587 557
2587 773
2587 920
2587 996
2588 2588
2588 179
2588 2073
2588 3113
2588 1443
2588 2159
2588 3193
2588 3512
2588 62
2588 255
2589 2589
2589 1518
2589 618
2589 1514
2589 1831
2589 2386
2589 2413
2589 2552
2589 2790
2589 3258
2590 2590
2590 1982
2590 2927
2590 1456
2590 8
2590 294
2590 338
2590 387
2590 557
2590 755
2591 2591
2591 261
2591 1006
2591 1419
2591 1496
2591 1661
2591 1723
2591 2454
2591 3320
2591 3444
2592 2592
2592 1786
2592 111
2592 237
2592 296
2592 875
2592 1299
2592 1353
2592 1404
2592 1787
2593 2593
2593 276
2593 527
2593 618
2593 989
2593 1353
2593 1404
2593 1661
2593 1692
2593 2189
2594 2594
2594 130
2594 1211
2594 1889
2594 2180
2594 3069
2594 3085
2594 3134
2594 3139
2594 8
2595 1594
2595 2595
2595 310
2595 707
2595 2883
2595 3077
2595 3990
2595 732
2595 3292
2595 261
2596 2596
2596 2731
2596 428
2596 1346
2596 1786
2596 2897
2596 3077
2596 170
2596 650
2596 875
2597 2597
2597 462
2597 315
2597 2912
2597 609
2597 1303
2597 1733
2597 2073
2597 929
2597 1794
2598 2598
2598 882
2598 1460
2598 468
2598 2483
2598 1179
2598 7
2598 8
2598 104
2598 109
2599 2599
2599 1656
2599 816
2599 1523
2599 3574
2599 552
2599 487
2599 1778
2599 1439
2599 2070
2600 2600
2600 2585
2600 3588
2600 875
2600 1190
2600 1299
2600 2190
2600 2406
2600 3119
2600 3258
2601 2601
2601 1179
2601 8
2601 294
2601 338
2601 387
2601 557
2601 773
2601 920
2601 1180
2602 2602
2602 892
2602 1826
2602 2659
2602 2152
2602 414
2602 3494
2602 1505
2602 319
2602 1055
2603 2603
2603 1717
2603 248
2603 1479
2603 2497
2603 149
2603 255
2603 296
2603 1922
2603 2191
2604 2505
2604 2604
2604 3349
2604 2560
2604 3683
2604 8
2604 294
2604 335
2604 338
2604 387
2605 2605
2605 3698
2605 2489
2605 1786
2605 2627
2605 3626
2605 650
2605 875
2605 991
2605 1299
2606 2606
2606 378
2606 904
2606 2475
2606 2721
2606 3085
2606 3612
2606 2560
2606 3683
2606 8
2607 2607
2607 2757
2607 438
2607 1542
2607 1849
2607 41
2607 149
2607 733
2607 989
2607 995
2608 2608
2608 1692
2608 2271
2608 1134
2608 1786
2608 81
2608 237
2608 305
2608 731
2608 875
2609 2609
2609 1087
2609 575
2609 2601
2609 3626
2609 104
2609 3763
2609 296
2609 624
2609 854
2610 2610
2610 357
2610 1675
2610 2746
2610 3364
2610 2142
2610 2252
2610 2386
2610 2790
2610 2845
2611 2611
2611 1211
2611 2180
2611 3134
2611 3568
2611 3946
2611 8
2611 186
2611 294
2611 338
2612 312
2612 2612
2612 8
2612 294
2612 338
2612 387
2612 557
2612 773
2612 920
2612 1180
2613 2613
2613 3591
2613 1697
2613 743
2613 1211
2613 2180
2613 2914
2613 2991
2613 3134
2613 1136
2614 2614
2614 2527
2614 255
2614 533
2614 1922
2614 179
2614 1786
2614 3920
2614 483
2614 1443
2615 2615
2615 8
2615 294
2615 338
2615 387
2615 557
2615 773
2615 920
2615 1180
2615 1278
2616 2616
2616 2960
2616 92
2616 650
2616 989
2616 991
2616 2191
2616 2221
2616 3303
2616 3880
2617 2617
2617 959
2617 1211
2617 1321
2617 2180
2617 2406
2617 2643
2617 2860
2617 3134
2617 8
2618 2618
2618 946
2618 3231
2618 1692
2618 2271
2618 1909
2618 519
2618 3517
2618 3626
2618 650
2619 2619
2619 312
2619 536
2619 1688
2619 2406
2619 2483
2619 2612
2619 2975
2619 7
2619 8
2620 2620
2620 2474
2620 3422
2620 442
2620 2914
2620 2991
2620 2560
2620 3683
2620 8
2620 294
2621 2621
2621 1321
2621 3178
2621 2001
2621 2685
2621 8
2621 294
2621 338
2621 366
2621 387
2622 2622
2622 590
2622 179
2622 1443
2622 3193
2622 62
2622 296
2622 397
2622 533
2622 568
2623 2623
2623 1136
2623 1316
2623 1700
2623 2556
2623 3398
2623 8
2623 294
2623 338
2623 387
2624 2624
2624 977
2624 2451
2624 1910
2624 3056
2624 3103
2624 3222
2624 3324
2624 3500
2624 92
2625 2625
2625 2113
2625 217
2625 2243
2625 2284
2625 2883
2625 144
2625 733
2625 851
2625 995
2626 2626
2626 1293
2626 320
2626 732
2626 3292
2626 130
2626 1767
2626 2295
2626 825
2626 319
2627 2627
2627 8
2627 294
2627 338
2627 387
2627 557
2627 773
2627 920
2627 1180
2627 1278
2628 2628
2628 1983
2628 358
2628 2908
2628 3439
2628 858
2628 657
2628 947
2628 3475
2628 447
2629 2629
2629 378
2629 510
2629 2721
2629 3612
2629 8
2629 294
2629 335
2629 338
2629 387
2630 2630
2630 309
2630 179
2630 1742
2630 2317
2630 2923
2630 3937
2630 3994
2630 8
2630 62
2631 2631
2631 8
2631 294
2631 338
2631 387
2631 520
2631 557
2631 571
2631 773
2631 920
2632 2632
2632 8
2632 294
2632 338
2632 387
2632 557
2632 773
2632 920
2632 1180
2632 1278
2633 2633
2633 1881
2633 1786
2633 483
2633 732
2633 3292
2633 170
2633 875
2633 1158
2633 1211
2634 2634
2634 3278
2634 851
2634 3719
2634 2560
2634 3683
2634 319
2634 733
2634 995
2634 2252
2635 2635
2635 58
2635 3531
2635 3813
2635 2240
2635 1233
2635 299
2635 3906
2635 1415
2635 2402
2636 2636
2636 2396
2636 2799
2636 960
2636 95
2636 575
2636 624
2636 875
2636 914
2636 1299
2637 2637
2637 2690
2637 3071
2637 291
2637 788
2637 989
2637 2221
2637 2386
2637 2790
2637 3303
2638 1317
2638 2638
2638 8
2638 294
2638 338
2638 387
2638 557
2638 773
2638 920
2638 996
2639 2639
2639 84
2639 1928
2639 1468
2639 8
2639 294
2639 338
2639 387
2639 557
2639 650
2640 2640
2640 788
2640 1332
2640 1353
2640 1404
2640 1661
2640 8
2640 65
2640 186
2640 284
2641 2641
2641 2251
2641 721
2641 1590
2641 404
2641 662
2641 961
2641 1055
2641 583
2641 885
2642 2642
2642 3373
2642 2098
2642 511
2642 1982
2642 2485
2642 2927
2642 3274
2642 3521
2642 378
2643 2643
2643 8
2643 294
2643 338
2643 387
2643 557
2643 773
2643 920
2643 1180
2643 1278
2644 2644
2644 2073
2644 2537
2644 111
2644 384
2644 624
2644 835
2644 875
2644 1299
2644 2190
2645 2645
2645 3711
2645 3520
2645 2333
2645 518
2645 988
2645 1298
2645 2402
2645 1262
2645 3031
2646 2646
2646 317
2646 3435
2646 1331
2646 464
2646 1136
2646 1316
2646 1700
2646 2556
2646 3398
2647 2647
2647 2727
2647 1038
2647 428
2647 801
2647 2188
2647 3747
2647 301
2647 33
2647 455
2648 2648
2648 8
2648 294
2648 338
2648 387
2648 557
2648 773
2648 822
2648 920
2648 1180
2649 2649
2649 1066
2649 102
2649 1030
2649 1292
2649 1777
2649 2914
2649 2991
2649 3641
2649 110
2650 2650
2650 3772
2650 650
2650 991
2650 2893
2650 3763
2650 3937
2650 2089
2650 2978
2650 8
2651 2651
2651 2152
2651 704
2651 2710
2651 3834
2651 4025
2651 4054
2651 64
2651 310
2651 572
2652 2652
2652 1819
2652 459
2652 62
2652 179
2652 533
2652 296
2652 397
2652 813
2652 875
2653 2653
2653 8
2653 294
2653 338
2653 387
2653 557
2653 773
2653 920
2653 1180
2653 1278
2654 2654
2654 3676
2654 225
2654 3202
2654 3868
2654 1171
2654 2152
2654 2352
2654 732
2654 3292
2655 2655
2655 2661
2655 875
2655 1299
2655 2154
2655 2190
2655 3649
2655 8
2655 134
2655 179
2656 2656
2656 1945
2656 722
2656 1179
2656 8
2656 294
2656 338
2656 387
2656 557
2656 650
2657 2657
2657 283
2657 1163
2657 658
2657 2583
2657 2929
2657 3056
2657 1966
2657 691
2657 1136
2658 2658
2658 169
2658 650
2658 991
2658 8
2658 294
2658 338
2658 387
2658 557
2658 773
2659 2659
2659 3093
2659 1770
2659 1453
2659 1753
2659 2602
2659 4045
2659 2901
2659 3922
2659 1115
2660 2660
2660 2537
2660 111
2660 875
2660 1299
2660 2190
2660 2292
2660 2846
2660 8
2660 134
2661 2661
2661 875
2661 1299
2661 2190
2661 8
2661 134
2661 179
2661 294
2661 338
2661 387
2662 2662
2662 2242
2662 8
2662 294
2662 338
2662 387
2662 557
2662 773
2662 920
2662 1179
2663 2663
2663 8
2663 294
2663 338
2663 387
2663 557
2663 773
2663 920
2663 1180
2663 1278
2664 2664
2664 8
2664 294
2664 338
2664 387
2664 557
2664 773
2664 920
2664 1180
2664 1278
2665 2665
2665 3856
2665 527
2665 663
2665 1289
2665 1392
2665 1478
2665 1810
2665 1875
2665 2769
2666 2666
2666 1782
2666 2924
2666 3589
2666 65
2666 237
2666 1353
2666 1404
2666 1787
2666 3750
2667 2667
2667 341
2667 907
2667 1116
2667 3845
2667 325
2667 1626
2667 2171
2667 1500
2667 2731
2668 2668
2668 1027
2668 1496
2668 2454
2668 2887
2668 3320
2668 8
2668 294
2668 338
2668 387
2669 2669
2669 1929
2669 1314
2669 1456
2669 1982
2669 2845
2669 2403
2669 3358
2669 8
2669 294
2670 2670
2670 593
2670 1234
2670 575
2670 1353
2670 1404
2670 2386
2670 2745
2670 2790
2670 3689
2671 2671
2671 3766
2671 2123
2671 1877
2671 3226
2671 291
2671 2104
2671 2623
2671 2601
2671 533
2672 2672
2672 1166
2672 4048
2672 1928
2672 2639
2672 1468
2672 428
2672 1781
2672 1786
2672 455
2673 2673
2673 278
2673 3456
2673 1136
2673 1316
2673 1700
2673 2556
2673 3398
2673 1179
2673 319
2674 2674
2674 863
2674 3995
2674 28
2674 4013
2674 960
2674 1967
2674 21
2674 931
2674 3110
2675 2675
2675 3
2675 2960
2675 3768
2675 3250
2675 87
2675 3226
2675 1626
2675 3892
2675 3077
2676 2676
2676 8
2676 294
2676 338
2676 387
2676 557
2676 623
2676 773
2676 920
2676 1180
2677 2677
2677 2210
2677 3040
2677 378
2677 1024
2677 1188
2677 1289
2677 1392
2677 1478
2677 2721
2678 2678
2678 1362
2678 1756
2678 3502
2678 1277
2678 1662
2678 3623
2678 1976
2678 3781
2678 734
2679 2679
2679 3892
2679 3
2679 3768
2679 343
2679 2252
2679 3282
2679 3710
2679 1980
2679 94
2680 1801
2680 2680
2680 8
2680 294
2680 338
2680 387
2680 557
2680 773
2680 920
2680 1180
2681 2681
2681 1466
2681 2703
2681 3982
2681 241
2681 2436
2681 2820
2681 777
2681 1541
2681 3055
2682 2682
2682 3598
2682 695
2682 2406
2682 2914
2682 2991
2682 3325
2682 8
2682 294
2682 338
2683 2683
2683 8
2683 294
2683 338
2683 387
2683 557
2683 601
2683 773
2683 920
2683 1180
2684 2684
2684 2783
2684 2386
2684 2790
2684 2825
2684 3445
2684 3753
2684 8
2684 111
2684 294
2685 2001
2685 2685
2685 8
2685 294
2685 338
2685 387
2685 557
2685 773
2685 920
2685 1180
2686 2686
2686 3543
2686 378
2686 2472
2686 2721
2686 3274
2686 3556
2686 3612
2686 8
2686 294
2687 2687
2687 2994
2687 3549
2687 1511
2687 704
2687 1022
2687 2252
2687 2152
2687 3719
2687 3957
2688 2688
2688 3992
2688 1222
2688 2446
2688 1402
2688 1113
2688 1115
2688 2266
2688 3094
2688 3462
2689 2689
2689 1327
2689 2534
2689 363
2689 586
2689 1215
2689 2434
2689 2845
2689 2914
2689 2991
2690 2690
2690 2637
2690 3071
2690 2675
2690 2960
2690 3131
2690 3226
2690 291
2690 576
2690 788
2691 2691
2691 642
2691 2306
2691 2914
2691 2991
2691 1179
2691 1519
2691 2440
2691 3850
2691 8
2692 2692
2692 3916
2692 954
2692 538
2692 1017
2692 2012
2692 2272
2692 2858
2692 3588
2692 1179
2693 2693
2693 593
2693 575
2693 854
2693 537
2693 828
2693 2170
2693 2914
2693 2991
2693 3172
2694 2694
2694 1159
2694 3625
2694 3140
2694 2233
2694 973
2694 3365
2694 1376
2694 3751
2694 2580
2695 2695
2695 3708
2695 3794
2695 4017
2695 248
2695 3933
2695 1786
2695 2601
2695 2188
2695 2227
2696 2696
2696 899
2696 3975
2696 700
2696 1909
2696 3674
2696 1723
2696 2326
2696 650
2696 991
2697 2697
2697 3493
2697 2601
2697 67
2697 312
2697 2391
2697 2612
2697 2631
2697 2914
2697 2991
2698 2698
2698 3606
2698 1608
2698 1837
2698 1557
2698 430
2698 1503
2698 1174
2698 1157
2698 2753
2699 2699
2699 1777
2699 2887
2699 3056
2699 3220
2699 3990
2699 1179
2699 8
2699 109
2699 294
2700 2700
2700 724
2700 2406
2700 468
2700 642
2700 1289
2700 1392
2700 1478
2700 2035
2700 2825
2701 2701
2701 555
2701 2274
2701 3637
2701 1347
2701 1310
2701 2857
2701 636
2701 1306
2701 1759
2702 2702
2702 2623
2702 1128
2702 1705
2702 1831
2702 3755
2702 1136
2702 1316
2702 1700
2702 2556
2703 2703
2703 2681
2703 3102
2703 3982
2703 3169
2703 1466
2703 2820
2703 3055
2703 2282
2703 507
2704 2704
2704 947
2704 358
2704 2908
2704 858
2704 1983
2704 657
2704 3594
2704 3879
2704 1546
2705 1454
2705 2705
2705 2159
2705 3512
2705 296
2705 875
2705 1299
2705 1393
2705 1723
2705 1889
2706 2706
2706 1199
2706 221
2706 2931
2706 1128
2706 1019
2706 2903
2706 1136
2706 1316
2706 1700
2707 2707
2707 8
2707 294
2707 338
2707 387
2707 557
2707 773
2707 920
2707 1180
2707 1278
2708 2708
2708 507
2708 3055
2708 1850
2708 2820
2708 3982
2708 356
2708 2816
2708 2535
2708 3452
2709 2709
2709 1646
2709 2601
2709 1153
2709 1456
2709 1461
2709 2214
2709 2230
2709 2330
2709 2914
2710 2710
2710 4054
2710 310
2710 1022
2710 2252
2710 3834
2710 325
2710 695
2710 1128
2710 1211
2711 1595
2711 2711
2711 3090
2711 343
2711 2252
2711 3719
2711 1211
2711 1325
2711 1723
2711 1831
2712 2712
2712 875
2712 1299
2712 2190
2712 3479
2712 8
2712 134
2712 179
2712 294
2712 338
2713 2713
2713 2252
2713 527
2713 1211
2713 1325
2713 2180
2713 2305
2713 2475
2713 2860
2713 3134
2714 2714
2714 2912
2714 2073
2714 111
2714 384
2714 624
2714 875
2714 1299
2714 2190
2714 2825
2715 2715
2715 3049
2715 50
2715 1215
2715 2230
2715 2332
2715 2406
2715 2468
2715 2825
2715 2914
2716 2716
2716 1582
2716 475
2716 2074
2716 3295
2716 2317
2716 2392
2716 2923
2716 3674
2716 3994
2717 2717
2717 378
2717 875
2717 1299
2717 2190
2717 2721
2717 3612
2717 8
2717 134
2717 179
2718 1219
2718 2718
2718 1357
2718 3111
2718 32
2718 961
2718 1786
2718 2530
2718 2800
2718 1136
2719 2719
2719 826
2719 2448
2719 2200
2719 343
2719 851
2719 1352
2719 989
2719 2221
2719 3719
2720 2720
2720 437
2720 451
2720 2970
2720 452
2720 2310
2720 1832
2720 1498
2720 3960
2720 1313
2721 378
2721 2721
2721 3612
2721 8
2721 294
2721 335
2721 338
2721 387
2721 557
2721 773
2722 2722
2722 358
2722 858
2722 1596
2722 1983
2722 657
2722 3073
2722 947
2722 3773
2722 2908
2723 2723
2723 1133
2723 646
2723 910
2723 2889
2723 3161
2723 1980
2723 2785
2723 1649
2723 866
2724 2724
2724 2238
2724 875
2724 1204
2724 1299
2724 2190
2724 2918
2724 3178
2724 2537
2724 8
2725 2725
2725 1667
2725 170
2725 3139
2725 363
2725 378
2725 586
2725 1211
2725 2180
2725 2475
2726 2726
2726 575
2726 593
2726 854
2726 875
2726 1299
2726 2190
2726 2918
2726 3098
2726 537
2727 2727
2727 2647
2727 301
2727 2188
2727 1038
2727 801
2727 3747
2727 428
2727 2893
2727 455
2728 2728
2728 182
2728 428
2728 650
2728 991
2728 1353
2728 1404
2728 1661
2728 2191
2728 2386
2729 2729
2729 1582
2729 1733
2729 1835
2729 2715
2729 2966
2729 3094
2729 3403
2729 3433
2729 2159
2730 2730
2730 3263
2730 79
2730 1793
2730 756
2730 3489
2730 1350
2730 595
2730 2246
2730 949
2731 2731
2731 2252
2731 732
2731 3292
2731 1211
2731 1325
2731 1353
2731 1404
2731 2180
2731 2305
2732 1323
2732 2732
2732 87
2732 3250
2732 3
2732 3892
2732 3768
2732 2679
2732 2861
2732 1128
2733 2733
2733 1303
2733 111
2733 378
2733 629
2733 758
2733 1215
2733 2230
2733 2721
2733 2779
2734 2734
2734 3325
2734 8
2734 294
2734 332
2734 338
2734 387
2734 557
2734 638
2734 707
2735 2735
2735 8
2735 294
2735 338
2735 387
2735 557
2735 773
2735 920
2735 1180
2735 1278
2736 2736
2736 2210
2736 3119
2736 378
2736 510
2736 914
2736 2721
2736 2914
2736 2991
2736 3258
2737 2737
2737 1620
2737 1414
2737 152
2737 2252
2737 3719
2737 2475
2737 729
2737 851
2737 1022
2738 2738
2738 2447
2738 849
2738 3394
2738 1368
2738 3742
2738 591
2738 1225
2738 821
2738 3688
2739 1397
2739 2739
2739 312
2739 2612
2739 3354
2739 3455
2739 8
2739 294
2739 335
2739 338
2740 2740
2740 758
2740 800
2740 1982
2740 2485
2740 378
2740 1456
2740 2462
2740 2721
2740 3274
2741 2498
2741 2741
2741 3131
2741 2496
2741 2958
2741 402
2741 527
2741 635
2741 989
2741 2221
2742 2742
2742 312
2742 875
2742 1299
2742 2190
2742 2612
2742 8
2742 134
2742 179
2742 294
2743 2743
2743 1195
2743 3198
2743 3303
2743 3937
2743 3126
2743 3306
2743 8
2743 179
2743 294
2744 2744
2744 3630
2744 305
2744 1604
2744 3543
2744 3626
2744 939
2744 2404
2744 126
2744 144
2745 2745
2745 1234
2745 2631
2745 8
2745 294
2745 338
2745 387
2745 520
2745 557
2745 571
2746 2746
2746 1889
2746 2142
2746 2386
2746 2790
2746 8
2746 294
2746 338
2746 387
2746 557
2747 2747
2747 3040
2747 378
2747 629
2747 1047
2747 2721
2747 2779
2747 2846
2747 3612
2747 3769
2748 2748
2748 3178
2748 8
2748 294
2748 338
2748 387
2748 557
2748 686
2748 773
2748 822
2749 2749
2749 803
2749 2064
2749 1713
2749 527
2749 2451
2749 2851
2749 3761
2749 3965
2749 8
2750 2750
2750 81
2750 529
2750 3178
2750 3937
2750 1179
2750 8
2750 179
2750 248
2750 294
2751 2751
2751 650
2751 991
2751 2189
2751 3258
2751 8
2751 223
2751 294
2751 338
2751 387
2752 2752
2752 2852
2752 3274
2752 2050
2752 2485
2752 3543
2752 3556
2752 13
2752 776
2752 134
2753 2753
2753 430
2753 2457
2753 3542
2753 1503
2753 1174
2753 3923
2753 2445
2753 1157
2753 2960
2754 2754
2754 3564
2754 3834
2754 3486
2754 2710
2754 1128
2754 1522
2754 3628
2754 4054
2754 111
2755 2755
2755 3148
2755 2336
2755 145
2755 1931
2755 2292
2755 2537
2755 1047
2755 3049
2755 3216
2756 2218
2756 2756
2756 296
2756 179
2756 1443
2756 3193
2756 62
2756 397
2756 533
2756 813
2757 2757
2757 733
2757 840
2757 995
2757 1688
2757 2483
2757 2810
2757 7
2757 8
2757 290
2758 2758
2758 2340
2758 1339
2758 859
2758 130
2758 1057
2758 2473
2758 1437
2758 2772
2758 1496
2759 2759
2759 2241
2759 650
2759 933
2759 991
2759 1775
2759 2306
2759 3325
2759 3674
2759 8
2760 2760
2760 2374
2760 2769
2760 2789
2760 593
2760 1437
2760 1631
2760 1909
2760 1970
2760 2414
2761 2761
2761 2130
2761 3708
2761 852
2761 788
2761 3125
2761 428
2761 1030
2761 1353
2761 1404
2762 2762
2762 2945
2762 1006
2762 1777
2762 3543
2762 67
2762 378
2762 580
2762 801
2762 989
2763 2763
2763 3902
2763 179
2763 1437
2763 1460
2763 1931
2763 3040
2763 3658
2763 326
2763 104
2764 2764
2764 1395
2764 63
2764 343
2764 2205
2764 3897
2764 319
2764 851
2764 1831
2764 3863
2765 2765
2765 1160
2765 1305
2765 1007
2765 296
2765 3294
2765 2497
2765 179
2765 822
2765 3920
2766 2766
2766 2282
2766 1174
2766 3460
2766 2173
2766 3923
2766 68
2766 3650
2766 965
2766 3576
2767 2767
2767 179
2767 62
2767 170
2767 296
2767 397
2767 533
2767 813
2767 875
2767 1211
2768 2768
2768 1128
2768 2975
2768 3755
2768 1136
2768 1316
2768 1700
2768 2556
2768 3398
2768 8
2769 2769
2769 1289
2769 1392
2769 1478
2769 1810
2769 8
2769 294
2769 338
2769 387
2769 557
2770 2770
2770 706
2770 2161
2770 3327
2770 3346
2770 1450
2770 2152
2770 365
2770 2210
2770 2276
2771 2771
2771 2845
2771 1179
2771 1019
2771 2903
2771 8
2771 294
2771 319
2771 338
2771 378
2772 2772
2772 1190
2772 8
2772 294
2772 338
2772 387
2772 557
2772 773
2772 920
2772 1180
2773 2773
2773 228
2773 1034
2773 2172
2773 2462
2773 2050
2773 629
2773 1522
2773 3274
2773 111
2774 2774
2774 3542
2774 2051
2774 1174
2774 1503
2774 430
2774 1157
2774 2457
2774 2766
2774 2753
2775 2775
2775 961
2775 384
2775 650
2775 801
2775 875
2775 918
2775 991
2775 1289
2775 1292
2776 2776
2776 788
2776 847
2776 1292
2776 1321
2776 3641
2776 8
2776 294
2776 338
2776 366
2777 2777
2777 1289
2777 1392
2777 1478
2777 8
2777 294
2777 338
2777 387
2777 557
2777 773
2778 2778
2778 1862
2778 851
2778 3719
2778 729
2778 1970
2778 2252
2778 4051
2778 1325
2778 2152
2779 2779
2779 8
2779 294
2779 338
2779 387
2779 557
2779 773
2779 920
2779 1180
2779 1278
2780 2780
2780 989
2780 2221
2780 3966
2780 2496
2780 2958
2780 8
2780 294
2780 338
2780 387
2781 2781
2781 8
2781 294
2781 338
2781 387
2781 557
2781 773
2781 920
2781 996
2781 1180
2782 2782
2782 3390
2782 1137
2782 3651
2782 1330
2782 3347
2782 9
2782 1024
2782 3094
2782 3326
2783 2783
2783 2684
2783 692
2783 1786
2783 111
2783 605
2783 875
2783 989
2783 1126
2783 1289
2784 2784
2784 575
2784 875
2784 1299
2784 2190
2784 537
2784 828
2784 2170
2784 2001
2784 2685
2785 2785
2785 1019
2785 2903
2785 2252
2785 3719
2785 2235
2785 1211
2785 1325
2785 2180
2785 2305
2786 2786
2786 875
2786 1299
2786 2190
2786 8
2786 134
2786 179
2786 294
2786 338
2786 387
2787 1648
2787 2787
2787 85
2787 2496
2787 2958
2787 3664
2787 650
2787 875
2787 989
2787 991
2788 2788
2788 378
2788 1017
2788 1831
2788 2272
2788 2721
2788 2858
2788 3612
2788 8
2788 294
2789 2789
2789 3113
2789 1289
2789 1392
2789 1478
2789 8
2789 294
2789 338
2789 387
2789 557
2790 2386
2790 2790
2790 8
2790 294
2790 338
2790 387
2790 557
2790 773
2790 920
2790 1180
2791 2791
2791 650
2791 991
2791 1452
2791 3056
2791 1179
2791 8
2791 41
2791 92
2791 294
2792 2792
2792 3138
2792 1353
2792 1372
2792 1404
2792 3354
2792 92
2792 438
2792 650
2792 991
2793 2793
2793 873
2793 3517
2793 296
2793 650
2793 875
2793 991
2793 1299
2793 1889
2793 2190
2794 2794
2794 2483
2794 7
2794 8
2794 294
2794 338
2794 387
2794 557
2794 773
2794 920
2795 2795
2795 177
2795 3470
2795 3682
2795 634
2795 3638
2795 1829
2795 4022
2795 2173
2795 3402
2796 2796
2796 444
2796 3878
2796 91
2796 93
2796 361
2796 726
2796 2449
2796 2636
2796 960
2797 2797
2797 2655
2797 296
2797 875
2797 1204
2797 1299
2797 1321
2797 1889
2797 1899
2797 2154
2798 1934
2798 2798
2798 1136
2798 1316
2798 1700
2798 2556
2798 3398
2798 691
2798 8
2798 294
2799 2799
2799 2636
2799 2396
2799 95
2799 1853
2799 3119
2799 2930
2799 765
2799 2027
2799 3258
2800 2800
2800 8
2800 230
2800 294
2800 338
2800 387
2800 557
2800 773
2800 920
2800 956
2801 2801
2801 641
2801 2298
2801 111
2801 335
2801 987
2801 2292
2801 2537
2801 893
2801 3322
2802 2802
2802 3583
2802 3327
2802 598
2802 3344
2802 2423
2802 2149
2802 206
2802 2022
2802 2770
2803 2803
2803 1555
2803 1680
2803 2122
2803 2799
2803 3565
2803 2932
2803 2952
2803 382
2803 2629
2804 2804
2804 926
2804 650
2804 991
2804 2241
2804 3056
2804 3774
2804 1179
2804 8
2804 92
2805 2805
2805 718
2805 801
2805 2352
2805 2912
2805 3747
2805 208
2805 987
2805 2073
2805 2714
2806 2806
2806 307
2806 1292
2806 1894
2806 2406
2806 2468
2806 3588
2806 3641
2806 3823
2806 8
2807 2807
2807 2913
2807 111
2807 173
2807 527
2807 707
2807 1047
2807 1059
2807 1604
2807 1688
2808 2808
2808 8
2808 294
2808 338
2808 387
2808 557
2808 773
2808 920
2808 1180
2808 1278
2809 2809
2809 1613
2809 2874
2809 2736
2809 3556
2809 533
2809 609
2809 1192
2809 1463
2809 1948
2810 733
2810 995
2810 2810
2810 8
2810 290
2810 294
2810 338
2810 387
2810 557
2810 773
2811 2811
2811 1187
2811 3652
2811 2881
2811 3411
2811 3362
2811 1999
2811 657
2811 1983
2811 858
2812 2812
2812 813
2812 179
2812 3872
2812 62
2812 296
2812 397
2812 468
2812 533
2812 731
2813 2813
2813 989
2813 1020
2813 2198
2813 2221
2813 2496
2813 2958
2813 3131
2813 1179
2813 1614
2814 2814
2814 2837
2814 419
2814 231
2814 2567
2814 3529
2814 3858
2814 2528
2814 3457
2814 3068
2815 2815
2815 1246
2815 697
2815 111
2815 707
2815 1215
2815 1304
2815 1353
2815 1404
2815 1777
2816 2816
2816 1653
2816 1670
2816 2863
2816 3699
2816 2103
2816 3207
2816 1306
2816 1023
2816 3677
2817 2817
2817 2588
2817 2384
2817 428
2817 1786
2817 3113
2817 179
2817 2073
2817 3920
2817 1289
2818 2818
2818 3483
2818 3909
2818 3447
2818 3602
2818 1394
2818 12
2818 121
2818 336
2818 2204
2819 2819
2819 1663
2819 3115
2819 3719
2819 1022
2819 1626
2819 2252
2819 3226
2819 4051
2819 290
2820 2820
2820 1850
2820 3055
2820 3982
2820 507
2820 2708
2820 2535
2820 356
2820 459
2820 2655
2821 2821
2821 1211
2821 2180
2821 3134
2821 8
2821 294
2821 338
2821 387
2821 557
2821 773
2822 2822
2822 3478
2822 262
2822 2209
2822 1181
2822 1987
2822 1369
2822 130
2822 650
2822 733
2823 2823
2823 866
2823 3005
2823 814
2823 646
2823 910
2823 2889
2823 3161
2823 3069
2823 704
2824 2824
2824 1194
2824 3986
2824 2189
2824 1223
2824 223
2824 1122
2824 130
2824 1136
2824 1316
2825 2825
2825 8
2825 294
2825 338
2825 387
2825 557
2825 773
2825 920
2825 1180
2825 1278
2826 2826
2826 2846
2826 8
2826 294
2826 338
2826 387
2826 557
2826 720
2826 773
2826 920
2827 2827
2827 921
2827 1815
2827 2210
2827 50
2827 60
2827 378
2827 442
2827 609
2827 1024
2828 2828
2828 707
2828 1292
2828 1799
2828 2429
2828 2483
2828 2503
2828 3493
2828 3641
2828 1179
2829 2829
2829 3077
2829 650
2829 991
2829 1211
2829 2180
2829 3134
2829 8
2829 294
2829 338
2830 2830
2830 144
2830 733
2830 995
2830 2810
2830 8
2830 290
2830 294
2830 338
2830 387
2831 2831
2831 2564
2831 852
2831 2130
2831 2761
2831 3708
2831 3360
2831 2655
2831 3575
2831 961
2832 2832
2832 212
2832 1128
2832 2560
2832 3133
2832 3683
2832 3703
2832 1136
2832 1316
2832 1700
2833 2833
2833 2045
2833 2887
2833 3588
2833 8
2833 294
2833 338
2833 387
2833 557
2833 773
2834 2834
2834 1701
2834 52
2834 2888
2834 2302
2834 3185
2834 3493
2834 102
2834 144
2834 593
2835 2835
2835 1674
2835 2217
2835 3367
2835 2475
2835 1667
2835 2860
2835 1395
2835 2210
2835 2252
2836 2836
2836 468
2836 1292
2836 1496
2836 1723
2836 2454
2836 3320
2836 3641
2836 8
2836 294
2837 2837
2837 2567
2837 419
2837 2528
2837 3529
2837 3858
2837 231
2837 3068
2837 3457
2837 2814
2838 2838
2838 1689
2838 1776
2838 854
2838 575
2838 624
2838 3430
2838 2159
2838 3512
2838 593
2839 2839
2839 1869
2839 2358
2839 414
2839 1019
2839 2903
2839 2252
2839 618
2839 729
2839 1693
2840 8
2840 294
2840 338
2840 387
2840 557
2840 773
2840 920
2840 1180
2840 1278
2840 1366
2841 2841
2841 1058
2841 638
2841 2794
2841 10
2841 650
2841 801
2841 840
2841 991
2841 1496
2842 2842
2842 4025
2842 414
2842 572
2842 130
2842 319
2842 370
2842 649
2842 1128
2842 2152
2843 2843
2843 2483
2843 3774
2843 7
2843 8
2843 294
2843 338
2843 387
2843 557
2843 707
2844 2844
2844 779
2844 870
2844 1975
2844 1211
2844 2180
2844 3134
2844 3085
2844 989
2844 2221
2845 2845
2845 8
2845 294
2845 338
2845 387
2845 557
2845 773
2845 920
2845 1180
2845 1278
2846 2846
2846 8
2846 294
2846 338
2846 387
2846 557
2846 773
2846 920
2846 1180
2846 1278
2847 2847
2847 3377
2847 65
2847 1179
2847 1849
2847 2451
2847 8
2847 186
2847 294
2847 338
2848 2848
2848 1982
2848 1165
2848 1456
2848 2139
2848 3325
2848 8
2848 294
2848 338
2848 387
2849 2849
2849 8
2849 294
2849 338
2849 387
2849 557
2849 773
2849 920
2849 1180
2849 1278
2850 2850
2850 3163
2850 856
2850 2637
2850 3836
2850 3216
2850 330
2850 1047
2850 170
2850 2537
2851 2851
2851 527
2851 1713
2851 3965
2851 8
2851 294
2851 338
2851 387
2851 557
2851 773
2852 2852
2852 3659
2852 1260
2852 300
2852 2752
2852 776
2852 444
2852 2050
2852 3315
2852 3216
2853 2853
2853 8
2853 294
2853 338
2853 387
2853 520
2853 557
2853 571
2853 773
2853 920
2854 2854
2854 2883
2854 501
2854 1211
2854 2180
2854 3134
2854 8
2854 294
2854 338
2854 387
2855 2855
2855 3413
2855 8
2855 294
2855 338
2855 387
2855 557
2855 773
2855 920
2855 1180
2856 2856
2856 2938
2856 3149
2856 3548
2856 1136
2856 1316
2856 1700
2856 2556
2856 3398
2856 1128
2857 2857
2857 2274
2857 555
2857 1759
2857 3637
2857 636
2857 2701
2857 1310
2857 821
2857 1736
2858 1017
2858 2272
2858 2858
2858 8
2858 294
2858 338
2858 387
2858 557
2858 773
2858 920
2859 2859
2859 149
2859 989
2859 1292
2859 2221
2859 3641
2859 2496
2859 2958
2859 8
2859 294
2860 2860
2860 2252
2860 1096
2860 1211
2860 1325
2860 2180
2860 2305
2860 2475
2860 3134
2860 3364
2861 2861
2861 3116
2861 3715
2861 3250
2861 1323
2861 2732
2861 87
2861 3
2861 3768
2861 3892
2862 2862
2862 3366
2862 176
2862 3175
2862 436
2862 2077
2862 2950
2862 2071
2862 3140
2862 2447
2863 2863
2863 1670
2863 445
2863 832
2863 2816
2863 3158
2863 3517
2863 3164
2863 1232
2863 809
2864 2864
2864 3991
2864 1190
2864 2386
2864 2790
2864 2441
2864 8
2864 294
2864 338
2864 387
2865 2865
2865 3880
2865 319
2865 3147
2865 170
2865 2284
2865 130
2865 217
2865 729
2865 767
2866 2866
2866 4042
2866 509
2866 1766
2866 1395
2866 1852
2866 2075
2866 2437
2866 3057
2866 1482
2867 2867
2867 4049
2867 1197
2867 1289
2867 1392
2867 1478
2867 1889
2867 3843
2867 8
2867 294
2868 2868
2868 170
2868 296
2868 618
2868 731
2868 761
2868 875
2868 1232
2868 1299
2868 1889
2869 2869
2869 540
2869 539
2869 575
2869 875
2869 1299
2869 2190
2869 2506
2869 179
2869 583
2870 2870
2870 3271
2870 2037
2870 3397
2870 1920
2870 1204
2870 875
2870 1299
2870 2190
2870 378
2871 2871
2871 104
2871 2210
2871 2601
2871 3040
2871 3626
2871 126
2871 286
2871 319
2871 378
2872 2872
2872 1513
2872 3022
2872 2936
2872 434
2872 1263
2872 3602
2872 502
2872 2055
2872 2736
2873 2873
2873 1321
2873 8
2873 294
2873 338
2873 366
2873 387
2873 557
2873 773
2873 920
2874 2874
2874 1613
2874 2809
2874 201
2874 3539
2874 1023
2874 2701
2874 1306
2874 2579
2874 555
2875 2875
2875 1595
2875 2711
2875 3090
2875 1139
2875 2388
2875 3719
2875 343
2875 2252
2875 1631
2876 2876
2876 1289
2876 1392
2876 1478
2876 8
2876 294
2876 338
2876 387
2876 557
2876 773
2877 2877
2877 806
2877 3547
2877 3124
2877 2533
2877 3955
2877 3162
2877 1227
2877 729
2877 441
2878 2878
2878 924
2878 3675
2878 335
2878 2210
2878 134
2878 286
2878 378
2878 692
2878 1030
2879 2879
2879 778
2879 4022
2879 3638
2879 65
2879 1390
2879 2177
2879 3925
2879 3056
2879 3872
2880 2880
2880 494
2880 1022
2880 2305
2880 704
2880 1980
2880 2004
2880 2252
2880 2620
2880 3422
2881 2881
2881 2811
2881 1187
2881 3652
2881 3411
2881 1999
2881 3362
2881 1983
2881 657
2881 858
2882 2882
2882 1321
2882 2552
2882 8
2882 294
2882 338
2882 366
2882 387
2882 557
2882 773
2883 2883
2883 1211
2883 2180
2883 3134
2883 8
2883 294
2883 338
2883 387
2883 557
2883 707
2884 2884
2884 2408
2884 1103
2884 3003
2884 1136
2884 1316
2884 1700
2884 2556
2884 3398
2884 325
2885 2885
2885 3640
2885 1974
2885 2083
2885 2210
2885 3119
2885 2159
2885 3126
2885 3306
2885 3512
2886 2886
2886 584
2886 65
2886 583
2886 1786
2886 2110
2886 3056
2886 296
2886 310
2886 561
2887 2887
2887 8
2887 294
2887 338
2887 387
2887 557
2887 773
2887 920
2887 1180
2887 1278
2888 2888
2888 2302
2888 3185
2888 2834
2888 2214
2888 707
2888 954
2888 1179
2888 2794
2888 3040
2889 646
2889 910
2889 2889
2889 3161
2889 1022
2889 2252
2889 2687
2889 2994
2889 3549
2889 2152
2890 2890
2890 312
2890 1321
2890 2612
2890 8
2890 294
2890 338
2890 366
2890 387
2890 557
2891 2891
2891 1589
2891 1284
2891 159
2891 3354
2891 2496
2891 2958
2891 605
2891 686
2891 731
2892 2892
2892 3915
2892 8
2892 294
2892 338
2892 378
2892 387
2892 557
2892 593
2892 733
2893 2893
2893 650
2893 801
2893 991
2893 1496
2893 2454
2893 3320
2893 3747
2893 3823
2893 8
2894 2894
2894 659
2894 3557
2894 354
2894 640
2894 650
2894 991
2894 1165
2894 2139
2894 2825
2895 2895
2895 2176
2895 807
2895 1988
2895 173
2895 422
2895 2482
2895 3969
2895 974
2895 1764
2896 2896
2896 296
2896 378
2896 510
2896 875
2896 1299
2896 1889
2896 2190
2896 2721
2896 3139
2897 2897
2897 1353
2897 1404
2897 8
2897 294
2897 338
2897 387
2897 551
2897 557
2897 773
2898 2898
2898 1902
2898 3188
2898 1723
2898 893
2898 3322
2898 650
2898 991
2898 1353
2898 1404
2899 2899
2899 989
2899 2221
2899 2496
2899 2958
2899 8
2899 294
2899 338
2899 387
2899 557
2900 2900
2900 947
2900 358
2900 922
2900 858
2900 209
2900 3026
2900 657
2900 402
2900 459
2901 2901
2901 2967
2901 1753
2901 3242
2901 3929
2901 3006
2901 3662
2901 2027
2901 3543
2901 2587
2902 2902
2902 1713
2902 8
2902 294
2902 338
2902 387
2902 557
2902 773
2902 920
2902 1180
2903 1019
2903 2903
2903 2560
2903 2845
2903 3683
2903 8
2903 294
2903 338
2903 343
2903 387
2904 2904
2904 1506
2904 1796
2904 3786
2904 343
2904 2386
2904 2707
2904 2790
2904 2914
2904 2991
2905 2905
2905 3042
2905 2394
2905 1395
2905 2496
2905 2560
2905 2958
2905 3683
2905 414
2905 509
2906 2906
2906 1872
2906 3171
2906 1005
2906 1265
2906 716
2906 3265
2906 324
2906 572
2906 714
2907 2907
2907 3758
2907 3556
2907 2210
2907 3058
2907 3543
2907 3569
2907 3133
2907 3703
2907 378
2908 2908
2908 858
2908 947
2908 358
2908 1983
2908 657
2908 2900
2908 2722
2908 3594
2908 3562
2909 2909
2909 3806
2909 1936
2909 620
2909 161
2909 2537
2909 104
2909 111
2909 296
2909 875
2910 2910
2910 1289
2910 1392
2910 1478
2910 2386
2910 2790
2910 2876
2910 8
2910 294
2910 338
2911 2911
2911 3852
2911 3381
2911 739
2911 1353
2911 1404
2911 3188
2911 1179
2911 8
2911 294
2912 2912
2912 2073
2912 2714
2912 111
2912 384
2912 624
2912 875
2912 1299
2912 2190
2912 2825
2913 2913
2913 1688
2913 8
2913 294
2913 338
2913 387
2913 557
2913 707
2913 773
2913 920
2914 2914
2914 2991
2914 8
2914 294
2914 338
2914 387
2914 557
2914 773
2914 920
2914 1180
2915 8
2915 294
2915 338
2915 387
2915 557
2915 773
2915 920
2915 1180
2915 1278
2915 1366
2916 2916
2916 28
2916 4033
2916 3660
2916 3497
2916 1435
2916 1886
2916 1726
2916 573
2916 1667
2917 2917
2917 1636
2917 2870
2917 3271
2917 2037
2917 3397
2917 2160
2917 303
2917 3661
2917 2050
2918 2918
2918 875
2918 1204
2918 1299
2918 2190
2918 3098
2918 8
2918 134
2918 179
2918 188
2919 2919
2919 3744
2919 2281
2919 1165
2919 2139
2919 8
2919 294
2919 338
2919 387
2919 520
2920 2920
2920 3514
2920 3415
2920 737
2920 3831
2920 1622
2920 3104
2920 975
2920 1741
2920 939
2921 2921
2921 2287
2921 545
2921 1811
2921 270
2921 3019
2921 461
2921 693
2921 465
2921 781
2922 2922
2922 1918
2922 3107
2922 3775
2922 3963
2922 794
2922 3253
2922 2265
2922 3199
2922 744
2923 2317
2923 2923
2923 3994
2923 609
2923 875
2923 1299
2923 2190
2923 8
2923 134
2923 179
2924 2924
2924 2666
2924 956
2924 1134
2924 1158
2924 1787
2924 3750
2924 7
2924 8
2924 230
2925 2925
2925 868
2925 3889
2925 2575
2925 88
2925 1567
2925 2449
2925 48
2925 444
2925 91
2926 2926
2926 3639
2926 1889
2926 8
2926 294
2926 338
2926 387
2926 557
2926 561
2926 720
2927 2927
2927 1982
2927 1456
2927 1889
2927 8
2927 294
2927 338
2927 387
2927 557
2927 773
2928 2928
2928 3047
2928 3450
2928 2252
2928 2713
2928 732
2928 2560
2928 3202
2928 3292
2928 3683
2929 2929
2929 658
2929 1136
2929 1316
2929 1700
2929 2556
2929 3398
2929 1163
2929 3056
2929 3755
2930 2930
2930 1831
2930 3258
2930 8
2930 294
2930 338
2930 343
2930 387
2930 557
2930 773
2931 221
2931 2931
2931 2706
2931 989
2931 2221
2931 2496
2931 2958
2931 2780
2931 8
2931 294
2932 2932
2932 2496
2932 2958
2932 179
2932 989
2932 2104
2932 2221
2932 3937
2932 1179
2932 8
2933 2933
2933 3550
2933 1069
2933 2011
2933 104
2933 2808
2933 875
2933 1017
2933 1299
2933 2190
2934 2934
2934 580
2934 8
2934 294
2934 338
2934 387
2934 557
2934 638
2934 773
2934 920
2935 2935
2935 2066
2935 420
2935 2171
2935 2242
2935 2560
2935 3133
2935 3683
2935 3703
2935 1136
2936 2936
2936 2872
2936 434
2936 1263
2936 1513
2936 3948
2936 3022
2936 559
2936 714
2936 92
2937 1898
2937 2937
2937 3778
2937 2406
2937 3937
2937 179
2937 3056
2937 8
2937 230
2937 294
2938 2938
2938 2856
2938 3149
2938 2893
2938 4038
2938 1136
2938 1316
2938 1700
2938 2556
2938 3398
2939 2939
2939 1638
2939 3198
2939 3303
2939 3937
2939 8
2939 179
2939 294
2939 338
2939 387
2940 2940
2940 1230
2940 1632
2940 2777
2940 1289
2940 1392
2940 1478
2940 2914
2940 2991
2940 731
2941 2941
2941 179
2941 230
2941 41
2941 62
2941 296
2941 397
2941 533
2941 813
2941 875
2942 2942
2942 1153
2942 3584
2942 422
2942 1522
2942 2210
2942 3113
2942 3675
2942 4020
2942 128
2943 2943
2943 1769
2943 650
2943 991
2943 3325
2943 8
2943 294
2943 338
2943 387
2943 557
2944 2944
2944 3918
2944 3247
2944 81
2944 179
2944 529
2944 3178
2944 3920
2944 3937
2944 1179
2945 2945
2945 2762
2945 1006
2945 1777
2945 2496
2945 2958
2945 67
2945 580
2945 801
2945 989
2946 2946
2946 378
2946 1190
2946 2721
2946 3612
2946 8
2946 294
2946 335
2946 338
2946 387
2947 2947
2947 2152
2947 704
2947 2789
2947 3957
2947 4054
2947 2687
2947 2994
2947 3549
2947 131
2948 2948
2948 296
2948 529
2948 179
2948 248
2948 822
2948 3920
2948 62
2948 397
2948 533
2949 2949
2949 3085
2949 8
2949 186
2949 294
2949 338
2949 387
2949 520
2949 557
2949 571
2950 2950
2950 3366
2950 176
2950 3175
2950 436
2950 2862
2950 2077
2950 2071
2950 3140
2950 3625
2951 2951
2951 750
2951 2239
2951 976
2951 615
2951 28
2951 20
2951 949
2951 1350
2951 2238
2952 2952
2952 3975
2952 2887
2952 650
2952 991
2952 3674
2952 885
2952 8
2952 294
2952 338
2953 2953
2953 291
2953 319
2953 1128
2953 3258
2953 3303
2953 2560
2953 3683
2953 8
2953 240
2954 2954
2954 169
2954 650
2954 991
2954 1128
2954 1136
2954 1316
2954 1700
2954 2556
2954 3398
2955 2955
2955 721
2955 917
2955 404
2955 2641
2955 3745
2955 3062
2955 979
2955 2770
2955 2452
2956 2956
2956 253
2956 3621
2956 2989
2956 1305
2956 1007
2956 2765
2956 1160
2956 3013
2956 483
2957 2957
2957 3338
2957 761
2957 961
2957 2104
2957 3920
2957 4020
2957 691
2957 1352
2957 1136
2958 2496
2958 2958
2958 989
2958 2221
2958 8
2958 294
2958 338
2958 387
2958 557
2958 767
2959 2959
2959 3303
2959 8
2959 294
2959 338
2959 387
2959 557
2959 773
2959 920
2959 1180
2960 2960
2960 3131
2960 3226
2960 989
2960 2221
2960 3303
2960 3880
2960 2496
2960 2958
2960 8
2961 2961
2961 1956
2961 343
2961 2560
2961 3683
2961 319
2961 851
2961 1831
2961 1179
2961 8
2962 2962
2962 194
2962 3516
2962 1781
2962 3626
2962 1112
2962 996
2962 2601
2962 3556
2962 3769
2963 2963
2963 655
2963 914
2963 2845
2963 3258
2963 8
2963 294
2963 338
2963 387
2963 414
2964 2964
2964 775
2964 3021
2964 839
2964 3762
2964 1607
2964 3833
2964 179
2964 296
2964 1693
2965 2965
2965 2160
2965 3397
2965 303
2965 3635
2965 2870
2965 134
2965 3445
2965 3119
2965 1303
2966 2966
2966 3403
2966 1303
2966 3433
2966 3543
2966 378
2966 2721
2966 2825
2966 3445
2966 3556
2967 2967
2967 2901
2967 3006
2967 3242
2967 1753
2967 3929
2967 3677
2967 365
2967 3662
2967 2027
2968 2968
2968 1786
2968 2655
2968 875
2968 1299
2968 1353
2968 1404
2968 2154
2968 2190
2968 3649
2969 2969
2969 362
2969 1661
2969 2271
2969 2984
2969 3056
2969 3318
2969 1179
2969 8
2969 81
2970 2970
2970 1832
2970 1498
2970 2720
2970 437
2970 451
2970 1885
2970 2310
2970 3960
2970 2500
2971 2971
2971 8
2971 294
2971 338
2971 387
2971 557
2971 773
2971 920
2971 1180
2971 1278
2972 8
2972 294
2972 338
2972 387
2972 557
2972 773
2972 920
2972 1180
2972 1278
2972 1366
2973 2973
2973 1514
2973 2308
2973 2413
2973 2552
2973 2914
2973 2991
2973 3966
2973 8
2973 290
2974 2974
2974 2355
2974 3325
2974 8
2974 294
2974 338
2974 366
2974 387
2974 557
2974 773
2975 2975
2975 8
2975 294
2975 338
2975 387
2975 557
2975 773
2975 920
2975 1180
2975 1278
2976 2976
2976 2406
2976 8
2976 294
2976 338
2976 387
2976 557
2976 773
2976 920
2976 1180
2977 2977
2977 3847
2977 564
2977 109
2977 208
2977 1027
2977 1030
2977 1496
2977 1514
2977 2413
2978 2089
2978 2978
2978 650
2978 991
2978 3937
2978 8
2978 179
2978 294
2978 338
2978 387
2979 2979
2979 1598
2979 2036
2979 660
2979 2248
2979 179
2979 1191
2979 1443
2979 3193
2979 62
2980 2980
2980 3623
2980 3751
2980 3792
2980 3298
2980 2678
2980 1362
2980 1976
2980 1662
2980 3502
2981 2981
2981 1769
2981 3626
2981 8
2981 126
2981 294
2981 338
2981 387
2981 557
2981 592
2982 2192
2982 2982
2982 3937
2982 8
2982 179
2982 294
2982 338
2982 387
2982 557
2982 773
2983 2983
2983 2049
2983 888
2983 3229
2983 3637
2983 1310
2983 636
2983 2701
2983 1759
2983 555
2984 2984
2984 362
2984 2969
2984 1163
2984 92
2984 650
2984 991
2984 1017
2984 1307
2984 1393
2985 2985
2985 3285
2985 2143
2985 3885
2985 606
2985 1997
2985 2631
2985 3978
2985 8
2985 294
2986 2986
2986 2247
2986 1726
2986 1309
2986 1667
2986 1931
2986 3077
2986 3662
2986 1735
2986 2537
2987 2987
2987 1889
2987 8
2987 186
2987 294
2987 338
2987 387
2987 557
2987 638
2987 773
2988 2988
2988 2119
2988 468
2988 2629
2988 2631
2988 3178
2988 3642
2988 3975
2988 8
2988 294
2989 2989
2989 253
2989 3621
2989 2956
2989 1007
2989 1305
2989 2765
2989 1160
2989 104
2989 483
2990 2990
2990 3127
2990 1285
2990 733
2990 851
2990 995
2990 2483
2990 2810
2990 1179
2990 1849
2991 2914
2991 2991
2991 8
2991 294
2991 338
2991 387
2991 557
2991 773
2991 920
2991 1180
2992 2992
2992 3619
2992 1704
2992 2845
2992 3258
2992 1179
2992 3126
2992 3306
2992 2276
2992 8
2993 2993
2993 3937
2993 8
2993 179
2993 294
2993 338
2993 387
2993 557
2993 773
2993 920
2994 2687
2994 2994
2994 3549
2994 1511
2994 704
2994 1022
2994 2252
2994 2152
2994 3719
2994 3957
2995 2995
2995 1244
2995 593
2995 40
2995 1854
2995 537
2995 828
2995 2170
2995 575
2995 1211
2996 2996
2996 8
2996 294
2996 338
2996 387
2996 557
2996 773
2996 920
2996 1180
2996 1278
2997 2997
2997 3742
2997 821
2997 555
2997 2701
2997 1759
2997 3365
2997 3207
2997 392
2997 2274
2998 2998
2998 1861
2998 1168
2998 1047
2998 1393
2998 2846
2998 1179
2998 8
2998 248
2998 261
2999 2999
2999 1883
2999 144
2999 2825
2999 3444
2999 8
2999 294
2999 338
2999 387
2999 557
3000 505
3000 1224
3000 3000
3000 312
3000 2612
3000 3258
3000 8
3000 294
3000 338
3000 387
3001 3001
3001 1030
3001 1353
3001 1404
3001 2386
3001 2790
3001 2914
3001 2991
3001 3689
3001 8
3002 3002
3002 2835
3002 2217
3002 3367
3002 2475
3002 2731
3002 1674
3002 325
3002 732
3002 1022
3003 1103
3003 3003
3003 2560
3003 3364
3003 3683
3003 3122
3003 8
3003 294
3003 325
3003 338
3004 3004
3004 2601
3004 157
3004 538
3004 1025
3004 1321
3004 2779
3004 3318
3004 1179
3004 8
3005 866
3005 3005
3005 2823
3005 814
3005 646
3005 910
3005 2889
3005 3161
3005 3069
3005 704
3006 3006
3006 134
3006 771
3006 8
3006 294
3006 338
3006 378
3006 387
3006 557
3006 773
3007 3007
3007 2202
3007 4055
3007 1611
3007 3480
3007 2152
3007 245
3007 1286
3007 408
3007 729
3008 3008
3008 2016
3008 3626
3008 126
3008 875
3008 1299
3008 1634
3008 2190
3008 3069
3008 3085
3009 3009
3009 3084
3009 1017
3009 1688
3009 1952
3009 2272
3009 2858
3009 2914
3009 2991
3009 8
3010 3010
3010 990
3010 1251
3010 1678
3010 91
3010 361
3010 2796
3010 444
3010 3878
3010 726
3011 3011
3011 2154
3011 902
3011 961
3011 1920
3011 2655
3011 650
3011 875
3011 991
3011 1299
3012 3012
3012 3374
3012 3889
3012 3094
3012 48
3012 170
3012 876
3012 2074
3012 422
3012 1115
3013 3013
3013 41
3013 2005
3013 483
3013 1179
3013 8
3013 294
3013 338
3013 387
3013 557
3014 3014
3014 3477
3014 3764
3014 840
3014 1097
3014 1460
3014 2677
3014 2794
3014 3141
3014 248
3015 3015
3015 1547
3015 1220
3015 519
3015 875
3015 1299
3015 1786
3015 2190
3015 2248
3015 2434
3016 406
3016 3016
3016 1611
3016 3202
3016 3480
3016 3868
3016 1519
3016 2440
3016 3850
3016 319
3017 3017
3017 3085
3017 8
3017 294
3017 338
3017 387
3017 557
3017 773
3017 882
3017 920
3018 129
3018 3018
3018 3131
3018 2496
3018 2958
3018 618
3018 989
3018 2221
3018 2821
3018 3258
3019 3019
3019 270
3019 2287
3019 2921
3019 461
3019 2592
3019 428
3019 1134
3019 237
3019 455
3020 3020
3020 68
3020 3650
3020 3923
3020 2282
3020 2173
3020 2766
3020 2175
3020 220
3020 3460
3021 3021
3021 775
3021 839
3021 3762
3021 2964
3021 296
3021 179
3021 1541
3021 248
3021 3649
3022 3022
3022 1513
3022 2872
3022 3602
3022 48
3022 2050
3022 1232
3022 1626
3022 1667
3022 1974
3023 3023
3023 578
3023 109
3023 157
3023 468
3023 769
3023 847
3023 857
3023 959
3023 1289
3024 3024
3024 369
3024 820
3024 1746
3024 2491
3024 674
3024 3257
3024 3629
3024 2294
3024 104
3025 3025
3025 3887
3025 1544
3025 3532
3025 2203
3025 3118
3025 3562
3025 1792
3025 329
3025 2080
3026 3026
3026 933
3026 3937
3026 8
3026 179
3026 186
3026 294
3026 338
3026 387
3026 557
3027 3027
3027 3860
3027 8
3027 294
3027 338
3027 387
3027 557
3027 623
3027 773
3027 920
3028 3028
3028 881
3028 3733
3028 2701
3028 4003
3028 206
3028 1254
3028 3502
3028 3781
3028 2678
3029 155
3029 3029
3029 586
3029 2825
3029 3455
3029 8
3029 294
3029 338
3029 387
3029 557
3030 3030
3030 875
3030 1299
3030 2190
3030 3244
3030 8
3030 134
3030 179
3030 294
3030 338
3031 3031
3031 1262
3031 599
3031 408
3031 414
3031 1980
3031 2252
3031 3620
3031 3719
3031 618
3032 3032
3032 1746
3032 2491
3032 1576
3032 3024
3032 3257
3032 3809
3032 2152
3032 956
3032 1479
3033 3033
3033 3728
3033 2887
3033 1475
3033 1179
3033 2601
3033 8
3033 294
3033 338
3033 387
3034 3034
3034 3569
3034 3631
3034 344
3034 1022
3034 2550
3034 3077
3034 3188
3034 1190
3034 2152
3035 3035
3035 109
3035 208
3035 284
3035 593
3035 1185
3035 3220
3035 10
3035 354
3035 575
3036 3036
3036 2437
3036 3056
3036 3814
3036 81
3036 586
3036 650
3036 914
3036 991
3036 2156
3037 3037
3037 1531
3037 4051
3037 851
3037 2152
3037 3719
3037 1611
3037 3480
3037 131
3037 729
3038 3038
3038 650
3038 991
3038 3085
3038 3325
3038 8
3038 294
3038 338
3038 387
3038 557
3039 3039
3039 638
3039 10
3039 261
3039 438
3039 616
3039 801
3039 1289
3039 1292
3039 1392
3040 3040
3040 378
3040 2721
3040 3612
3040 1179
3040 8
3040 294
3040 335
3040 338
3040 387
3041 3041
3041 3182
3041 2188
3041 255
3041 1079
3041 1353
3041 1404
3041 1786
3041 1889
3041 1922
3042 3042
3042 2905
3042 282
3042 2394
3042 3
3042 3892
3042 3768
3042 2679
3042 1926
3042 1395
3043 3043
3043 1822
3043 8
3043 294
3043 338
3043 387
3043 557
3043 707
3043 773
3043 885
3044 3044
3044 1549
3044 984
3044 3124
3044 334
3044 2175
3044 441
3044 806
3044 2877
3044 2445
3045 3045
3045 3419
3045 2226
3045 96
3045 3661
3045 1616
3045 2449
3045 1450
3045 2575
3045 391
3046 3046
3046 1211
3046 2180
3046 3134
3046 8
3046 294
3046 338
3046 387
3046 557
3046 773
3047 3047
3047 3450
3047 2560
3047 3683
3047 3455
3047 8
3047 294
3047 338
3047 343
3047 387
3048 3048
3048 587
3048 874
3048 639
3048 2103
3048 1670
3048 1662
3048 832
3048 2863
3048 210
3049 3049
3049 3671
3049 8
3049 294
3049 338
3049 387
3049 557
3049 773
3049 920
3049 1180
3050 869
3050 3050
3050 3495
3050 2483
3050 7
3050 8
3050 294
3050 338
3050 387
3050 557
3051 3051
3051 3900
3051 111
3051 650
3051 875
3051 991
3051 1299
3051 1931
3051 2190
3051 2825
3052 3052
3052 318
3052 2164
3052 1252
3052 378
3052 593
3052 1303
3052 2210
3052 2721
3052 3040
3053 3053
3053 699
3053 2496
3053 2958
3053 989
3053 1047
3053 2221
3053 1179
3053 8
3053 294
3054 3054
3054 1353
3054 1404
3054 2386
3054 2790
3054 3178
3054 3588
3054 3689
3054 8
3054 294
3055 3055
3055 2820
3055 2708
3055 507
3055 3982
3055 1850
3055 356
3055 2535
3055 2118
3055 459
3056 3056
3056 650
3056 991
3056 8
3056 294
3056 338
3056 387
3056 557
3056 592
3056 773
3057 3057
3057 8
3057 294
3057 338
3057 387
3057 557
3057 773
3057 920
3057 1180
3057 1278
3058 3058
3058 2914
3058 2991
3058 8
3058 294
3058 338
3058 387
3058 557
3058 773
3058 920
3059 3059
3059 3536
3059 402
3059 1158
3059 2406
3059 3178
3059 1179
3059 0
3059 8
3059 294
3060 855
3060 3060
3060 1661
3060 8
3060 294
3060 338
3060 387
3060 557
3060 686
3060 773
3061 3061
3061 1909
3061 733
3061 875
3061 995
3061 1299
3061 1723
3061 2190
3061 2810
3061 3098
3062 3062
3062 3745
3062 917
3062 3901
3062 2203
3062 2701
3062 3439
3062 1544
3062 2584
3062 2080
3063 3063
3063 1619
3063 2204
3063 2927
3063 3274
3063 1982
3063 2485
3063 3040
3063 3053
3063 3119
3064 3064
3064 3392
3064 3815
3064 2959
3064 1321
3064 3303
3064 8
3064 294
3064 338
3064 366
3065 3065
3065 1389
3065 3040
3065 378
3065 1024
3065 1190
3065 1289
3065 1392
3065 1478
3065 2721
3066 3066
3066 548
3066 1006
3066 1211
3066 1496
3066 2180
3066 2454
3066 2883
3066 3134
3066 3320
3067 3067
3067 3415
3067 737
3067 1741
3067 3514
3067 3831
3067 3104
3067 168
3067 2920
3067 3106
3068 3068
3068 2567
3068 2837
3068 419
3068 2528
3068 3858
3068 3529
3068 231
3068 3457
3068 2814
3069 3069
3069 2016
3069 130
3069 1211
3069 2180
3069 3085
3069 3134
3069 8
3069 294
3069 310
3070 3070
3070 230
3070 2800
3070 179
3070 1967
3070 3476
3070 3937
3070 8
3070 62
3070 75
3071 3071
3071 2637
3071 2690
3071 291
3071 1474
3071 788
3071 2292
3071 2347
3071 2414
3071 81
3072 3072
3072 3325
3072 8
3072 294
3072 338
3072 387
3072 557
3072 773
3072 920
3072 1180
3073 3073
3073 358
3073 858
3073 657
3073 1983
3073 2722
3073 947
3073 3773
3073 3102
3073 2908
3074 3074
3074 168
3074 1489
3074 3152
3074 3246
3074 4045
3074 875
3074 1299
3074 2190
3074 2406
3075 3075
3075 264
3075 179
3075 2655
3075 519
3075 1541
3075 3805
3075 62
3075 296
3075 397
3076 3076
3076 3082
3076 730
3076 2339
3076 3719
3076 343
3076 1022
3076 1970
3076 2135
3076 2152
3077 3077
3077 650
3077 991
3077 1211
3077 2180
3077 3134
3077 8
3077 294
3077 338
3077 387
3078 3078
3078 3364
3078 343
3078 414
3078 1626
3078 2252
3078 130
3078 319
3078 618
3078 989
3079 2065
3079 3079
3079 2211
3079 731
3079 1321
3079 3064
3079 3392
3079 3815
3079 8
3079 294
3080 3080
3080 3896
3080 1136
3080 1316
3080 1700
3080 2556
3080 3398
3080 691
3080 8
3080 294
3081 3081
3081 3467
3081 2029
3081 3515
3081 323
3081 1394
3081 1545
3081 363
3081 2039
3081 3077
3082 3082
3082 730
3082 3076
3082 440
3082 2339
3082 3719
3082 370
3082 144
3082 2135
3082 2152
3083 2079
3083 3083
3083 2530
3083 230
3083 248
3083 296
3083 1889
3083 3937
3083 8
3083 179
3084 3084
3084 3009
3084 1952
3084 1017
3084 1661
3084 1688
3084 2272
3084 2858
3084 2913
3084 2914
3085 3085
3085 8
3085 294
3085 338
3085 387
3085 557
3085 773
3085 920
3085 1180
3085 1278
3086 3086
3086 731
3086 1211
3086 2180
3086 3134
3086 3178
3086 8
3086 294
3086 338
3086 387
3087 3087
3087 1008
3087 414
3087 650
3087 704
3087 991
3087 2437
3087 3077
3087 3122
3087 3258
3088 3088
3088 3122
3088 370
3088 650
3088 991
3088 2560
3088 3683
3088 8
3088 294
3088 338
3089 3089
3089 5
3089 652
3089 1255
3089 219
3089 2870
3089 2965
3089 3397
3089 3094
3089 303
3090 1595
3090 2711
3090 3090
3090 343
3090 2252
3090 3719
3090 1211
3090 1325
3090 1723
3090 1831
3091 3091
3091 2250
3091 669
3091 2306
3091 472
3091 1710
3091 312
3091 551
3091 1353
3091 1357
3092 3092
3092 1211
3092 1289
3092 1392
3092 1478
3092 2180
3092 3134
3092 3258
3092 8
3092 290
3093 3093
3093 2659
3093 1770
3093 1753
3093 1453
3093 1456
3093 1995
3093 2601
3093 2845
3093 3103
3094 3094
3094 1115
3094 1604
3094 2537
3094 3433
3094 3543
3094 111
3094 378
3094 629
3094 875
3095 3095
3095 1979
3095 559
3095 405
3095 3008
3095 3069
3095 3508
3095 170
3095 2016
3095 2844
3096 3096
3096 2808
3096 8
3096 294
3096 338
3096 387
3096 557
3096 773
3096 920
3096 1180
3097 3097
3097 827
3097 104
3097 2317
3097 2923
3097 3994
3097 92
3097 134
3097 650
3097 875
3098 3098
3098 733
3098 875
3098 995
3098 1299
3098 2190
3098 2810
3098 2918
3098 8
3098 134
3099 3099
3099 2211
3099 731
3099 1017
3099 1393
3099 1889
3099 2142
3099 2272
3099 2746
3099 2858
3100 3100
3100 2
3100 1047
3100 1626
3100 618
3100 989
3100 1211
3100 2180
3100 2221
3100 2496
3101 3101
3101 3490
3101 1818
3101 3705
3101 1062
3101 1710
3101 822
3101 312
3101 402
3101 733
3102 3102
3102 3073
3102 3169
3102 2703
3102 2900
3102 2282
3102 2813
3102 947
3102 3923
3102 358
3103 3103
3103 1831
3103 8
3103 294
3103 338
3103 343
3103 387
3103 557
3103 773
3103 920
3104 3104
3104 3246
3104 1744
3104 3415
3104 168
3104 737
3104 1552
3104 3074
3104 3831
3104 3514
3105 3105
3105 3122
3105 370
3105 650
3105 989
3105 991
3105 1483
3105 2191
3105 2221
3105 3455
3106 3106
3106 121
3106 173
3106 709
3106 1604
3106 3543
3106 1435
3106 335
3106 378
3106 609
3107 3107
3107 3775
3107 2308
3107 159
3107 3513
3107 1238
3107 1179
3107 8
3107 294
3107 338
3108 3108
3108 1319
3108 3150
3108 140
3108 2191
3108 92
3108 1240
3108 2429
3108 2780
3108 686
3109 3109
3109 170
3109 1211
3109 2180
3109 3069
3109 3134
3109 8
3109 294
3109 310
3109 338
3110 3110
3110 28
3110 2870
3110 3397
3110 750
3110 3442
3110 2925
3110 303
3110 3271
3110 2037
3111 1357
3111 3111
3111 1353
3111 1404
3111 8
3111 294
3111 338
3111 387
3111 551
3111 557
3112 3112
3112 1387
3112 42
3112 2930
3112 3258
3112 1179
3112 8
3112 294
3112 312
3112 338
3113 3113
3113 1289
3113 1392
3113 1478
3113 2789
3113 8
3113 294
3113 338
3113 387
3113 557
3114 3114
3114 733
3114 840
3114 995
3114 1353
3114 1404
3114 1889
3114 2810
3114 8
3114 290
3115 3115
3115 2819
3115 767
3115 4050
3115 1663
3115 1626
3115 2052
3115 2496
3115 2958
3115 272
3116 3116
3116 2861
3116 3715
3116 1323
3116 2732
3116 87
3116 3250
3116 3
3116 3768
3116 3892
3117 3117
3117 1993
3117 2132
3117 3543
3117 3556
3117 2074
3117 378
3117 875
3117 1299
3117 2190
3118 3118
3118 1792
3118 3562
3118 329
3118 3887
3118 3532
3118 2203
3118 2080
3118 702
3118 3294
3119 3119
3119 378
3119 2721
3119 3258
3119 3612
3119 8
3119 294
3119 335
3119 338
3119 387
3120 3120
3120 2090
3120 883
3120 4046
3120 1120
3120 2337
3120 3131
3120 4037
3120 468
3120 1496
3121 3121
3121 1473
3121 2154
3121 2725
3121 170
3121 3689
3121 686
3121 1786
3121 3920
3121 1211
3122 3122
3122 370
3122 650
3122 991
3122 2560
3122 3683
3122 8
3122 294
3122 338
3122 343
3123 3123
3123 3607
3123 1336
3123 2560
3123 3241
3123 3683
3123 310
3123 2252
3123 3122
3123 3133
3124 3124
3124 806
3124 441
3124 2877
3124 3162
3124 596
3124 1055
3124 2437
3124 3056
3124 3077
3125 3125
3125 416
3125 2260
3125 1179
3125 4028
3125 7
3125 8
3125 186
3125 294
3125 338
3126 3126
3126 3306
3126 8
3126 294
3126 338
3126 387
3126 557
3126 773
3126 920
3126 1180
3127 3127
3127 1285
3127 2990
3127 851
3127 343
3127 2601
3127 3863
3127 319
3127 731
3127 733
3128 3128
3128 2124
3128 1393
3128 1889
3128 319
3128 729
3128 851
3128 1128
3128 1179
3128 1460
3129 3129
3129 483
3129 296
3129 875
3129 1299
3129 1393
3129 1831
3129 1889
3129 2190
3129 3178
3130 3130
3130 768
3130 450
3130 1969
3130 646
3130 910
3130 2889
3130 704
3130 343
3130 3122
3131 3131
3131 989
3131 2221
3131 2496
3131 2958
3131 8
3131 294
3131 338
3131 387
3131 557
3132 3132
3132 2462
3132 1522
3132 1982
3132 1153
3132 1211
3132 1456
3132 2152
3132 2180
3132 2914
3133 3133
3133 3703
3133 3058
3133 2560
3133 3683
3133 2474
3133 2914
3133 2991
3133 8
3133 294
3134 1211
3134 2180
3134 3134
3134 8
3134 294
3134 338
3134 387
3134 557
3134 773
3134 920
3135 3135
3135 1179
3135 3040
3135 8
3135 294
3135 338
3135 387
3135 557
3135 773
3135 920
3136 1947
3136 3136
3136 875
3136 1299
3136 2190
3136 8
3136 134
3136 179
3136 294
3136 338
3137 3137
3137 959
3137 1353
3137 1404
3137 1030
3137 3220
3137 2914
3137 2991
3137 1179
3137 1786
3138 3138
3138 1331
3138 3077
3138 2437
3138 650
3138 991
3138 1211
3138 1889
3138 2180
3138 3134
3139 3139
3139 1667
3139 378
3139 1211
3139 1889
3139 2180
3139 2475
3139 2721
3139 3134
3139 3612
3140 3140
3140 3625
3140 2447
3140 2071
3140 3366
3140 850
3140 176
3140 3175
3140 436
3140 1159
3141 3141
3141 3843
3141 1179
3141 8
3141 294
3141 338
3141 387
3141 557
3141 773
3141 920
3142 3142
3142 3402
3142 2886
3142 2173
3142 466
3142 177
3142 3470
3142 1829
3142 3637
3142 636
3143 3143
3143 1932
3143 345
3143 1479
3143 62
3143 230
3143 1607
3143 1967
3143 2079
3143 2352
3144 3144
3144 1418
3144 92
3144 740
3144 650
3144 918
3144 935
3144 991
3144 1705
3144 1831
3145 3145
3145 312
3145 1723
3145 2612
3145 3188
3145 3753
3145 893
3145 3322
3145 8
3145 41
3146 3146
3146 2266
3146 875
3146 1299
3146 1705
3146 1831
3146 2190
3146 2228
3146 8
3146 134
3147 3147
3147 130
3147 1165
3147 1211
3147 2139
3147 2180
3147 3134
3147 3303
3147 8
3147 294
3148 3148
3148 2336
3148 145
3148 2116
3148 1268
3148 2292
3148 2537
3148 3094
3148 111
3148 173
3149 3149
3149 2938
3149 2856
3149 571
3149 2893
3149 1136
3149 1316
3149 1700
3149 2556
3149 3398
3150 3150
3150 3108
3150 1319
3150 92
3150 551
3150 686
3150 1353
3150 1357
3150 1404
3150 1460
3151 3151
3151 2309
3151 785
3151 1808
3151 3206
3151 8
3151 294
3151 338
3151 387
3151 557
3152 1489
3152 3152
3152 168
3152 3074
3152 3433
3152 1604
3152 3094
3152 422
3152 2210
3152 2966
3153 8
3153 294
3153 338
3153 387
3153 557
3153 773
3153 920
3153 1180
3153 1278
3153 1366
3154 3154
3154 45
3154 126
3154 586
3154 875
3154 1017
3154 1299
3154 2190
3154 2272
3154 2858
3155 3155
3155 2791
3155 1452
3155 3056
3155 41
3155 92
3155 650
3155 991
3155 2005
3155 1179
3156 3156
3156 2661
3156 527
3156 875
3156 1299
3156 2190
3156 2845
3156 3965
3156 2560
3156 3683
3157 3157
3157 2318
3157 312
3157 2355
3157 2612
3157 8
3157 294
3157 338
3157 366
3157 387
3158 3158
3158 1939
3158 875
3158 1299
3158 2190
3158 3178
3158 3920
3158 179
3158 459
3158 822
3159 3159
3159 875
3159 1299
3159 2190
3159 2537
3159 3626
3159 8
3159 134
3159 179
3159 294
3160 3160
3160 2089
3160 2978
3160 2211
3160 3056
3160 92
3160 650
3160 731
3160 991
3160 3085
3161 3161
3161 646
3161 910
3161 2889
3161 1022
3161 2252
3161 2785
3161 2687
3161 2994
3161 3549
3162 3162
3162 806
3162 441
3162 3124
3162 2877
3162 179
3162 596
3162 3517
3162 3518
3162 2601
3163 3163
3163 856
3163 2850
3163 330
3163 2637
3163 3216
3163 3836
3163 1978
3163 170
3163 1047
3164 3164
3164 2153
3164 822
3164 161
3164 875
3164 1299
3164 2190
3164 2292
3164 809
3164 1204
3165 3165
3165 2000
3165 1797
3165 1692
3165 1634
3165 1786
3165 1804
3165 455
3165 1540
3165 2189
3166 233
3166 1151
3166 3166
3166 319
3166 2707
3166 3198
3166 3258
3166 3303
3166 1179
3166 8
3167 3167
3167 3808
3167 161
3167 875
3167 1299
3167 2190
3167 3258
3167 170
3167 1211
3167 2180
3168 3168
3168 252
3168 3738
3168 3216
3168 788
3168 2292
3168 2537
3168 3920
3168 111
3168 161
3169 3169
3169 1882
3169 2578
3169 3208
3169 3102
3169 1336
3169 4024
3169 1800
3169 2703
3169 2443
3170 3170
3170 2347
3170 3431
3170 325
3170 1688
3170 1889
3170 2171
3170 2386
3170 2623
3170 2746
3171 3171
3171 1872
3171 2906
3171 1005
3171 1265
3171 716
3171 3265
3171 2153
3171 3047
3171 3450
3172 3172
3172 593
3172 3662
3172 378
3172 575
3172 2721
3172 3612
3172 537
3172 828
3172 2170
3173 3173
3173 3828
3173 301
3173 1391
3173 2791
3173 1060
3173 650
3173 991
3173 1163
3173 1307
3174 1288
3174 3174
3174 1211
3174 2180
3174 3134
3174 8
3174 294
3174 338
3174 387
3174 557
3175 3175
3175 3366
3175 176
3175 436
3175 2862
3175 2077
3175 2950
3175 2071
3175 3140
3175 2447
3176 3176
3176 1667
3176 2210
3176 3040
3176 157
3176 378
3176 1211
3176 2152
3176 2180
3176 2475
3177 3177
3177 1211
3177 2180
3177 2914
3177 2991
3177 3134
3177 8
3177 294
3177 338
3177 387
3178 3178
3178 8
3178 294
3178 338
3178 387
3178 557
3178 773
3178 822
3178 920
3178 1180
3179 3179
3179 41
3179 527
3179 1889
3179 2005
3179 3541
3179 3965
3179 8
3179 294
3179 338
3180 3180
3180 2481
3180 3205
3180 788
3180 1920
3180 104
3180 154
3180 1165
3180 1169
3180 1456
3181 3181
3181 3363
3181 3464
3181 1232
3181 1781
3181 1786
3181 7
3181 380
3181 875
3181 1299
3182 3182
3182 3041
3182 255
3182 1786
3182 1922
3182 875
3182 1204
3182 1299
3182 1353
3182 1404
3183 3183
3183 638
3183 731
3183 959
3183 1393
3183 1496
3183 1889
3183 2454
3183 2631
3183 3320
3184 3184
3184 1303
3184 1900
3184 2966
3184 3094
3184 3119
3184 3403
3184 3433
3184 3543
3184 3990
3185 3185
3185 2888
3185 1614
3185 1712
3185 729
3185 2252
3185 569
3185 851
3185 1752
3185 2152
3186 3186
3186 2187
3186 1215
3186 2332
3186 1197
3186 1604
3186 1777
3186 1970
3186 2525
3186 2644
3187 3187
3187 693
3187 255
3187 1134
3187 1922
3187 7
3187 65
3187 169
3187 179
3187 248
3188 3188
3188 1353
3188 1404
3188 1723
3188 8
3188 294
3188 338
3188 387
3188 551
3188 557
3189 3189
3189 2068
3189 2416
3189 1907
3189 1515
3189 3439
3189 417
3189 2584
3189 917
3189 979
3190 3190
3190 3551
3190 3959
3190 3277
3190 3585
3190 1153
3190 3559
3190 2330
3190 3649
3190 382
3191 3191
3191 1481
3191 1898
3191 2937
3191 3778
3191 179
3191 2767
3191 3056
3191 2406
3191 3937
3192 3192
3192 1353
3192 1404
3192 2386
3192 2437
3192 2790
3192 3325
3192 3689
3192 8
3192 294
3193 1443
3193 3193
3193 179
3193 62
3193 296
3193 397
3193 533
3193 580
3193 813
3193 875
3194 3194
3194 1432
3194 3126
3194 3306
3194 305
3194 875
3194 1299
3194 2190
3194 8
3194 134
3195 3195
3195 3845
3195 2953
3195 1128
3195 240
3195 319
3195 325
3195 2171
3195 514
3195 691
3196 3196
3196 501
3196 1321
3196 2913
3196 3258
3196 1179
3196 8
3196 294
3196 338
3196 366
3197 3197
3197 3706
3197 2675
3197 753
3197 1824
3197 646
3197 910
3197 2889
3197 3161
3197 3520
3198 3198
3198 2707
3198 3303
3198 3937
3198 8
3198 179
3198 294
3198 338
3198 387
3198 557
3199 3199
3199 877
3199 3775
3199 402
3199 8
3199 186
3199 294
3199 338
3199 387
3199 557
3200 3200
3200 1063
3200 2560
3200 3683
3200 154
3200 319
3200 1456
3200 1723
3200 2643
3200 3303
3201 3201
3201 3335
3201 1798
3201 2363
3201 1044
3201 1676
3201 1917
3201 2462
3201 3132
3201 3863
3202 3202
3202 3868
3202 2252
3202 732
3202 2560
3202 3292
3202 3683
3202 1211
3202 1325
3202 1889
3203 3203
3203 2010
3203 570
3203 92
3203 623
3203 659
3203 902
3203 1097
3203 1204
3203 186
3204 3204
3204 2561
3204 696
3204 3586
3204 593
3204 525
3204 1289
3204 1392
3204 1478
3204 1822
3205 3205
3205 3180
3205 2481
3205 551
3205 1113
3205 1165
3205 1353
3205 1404
3205 1688
3205 1786
3206 1808
3206 3206
3206 8
3206 294
3206 338
3206 387
3206 557
3206 773
3206 920
3206 1180
3207 3207
3207 1587
3207 1023
3207 263
3207 2248
3207 2652
3207 4003
3207 62
3207 459
3207 3920
3208 3208
3208 2578
3208 1882
3208 2283
3208 650
3208 991
3208 3455
3208 1808
3208 2241
3208 3056
3209 3209
3209 1190
3209 3753
3209 8
3209 294
3209 338
3209 387
3209 557
3209 593
3209 760
3210 3210
3210 618
3210 989
3210 1889
3210 2021
3210 2221
3210 3258
3210 3303
3210 3880
3210 2496
3211 3211
3211 3737
3211 3626
3211 126
3211 296
3211 624
3211 875
3211 1299
3211 1634
3211 1889
3212 3212
3212 1211
3212 2180
3212 3134
3212 3559
3212 3937
3212 8
3212 179
3212 294
3212 338
3213 3213
3213 733
3213 851
3213 989
3213 995
3213 1047
3213 2221
3213 2406
3213 2810
3213 3325
3214 3214
3214 3444
3214 1006
3214 144
3214 1496
3214 2454
3214 3320
3214 8
3214 294
3214 338
3215 3215
3215 8
3215 294
3215 338
3215 387
3215 557
3215 773
3215 920
3215 1180
3215 1278
3216 3216
3216 2537
3216 111
3216 170
3216 761
3216 875
3216 1299
3216 2190
3216 2292
3216 2846
3217 3217
3217 1966
3217 8
3217 294
3217 338
3217 387
3217 557
3217 686
3217 707
3217 773
3218 3218
3218 56
3218 1625
3218 3679
3218 3399
3218 275
3218 464
3218 1494
3218 4016
3218 1893
3219 3219
3219 8
3219 179
3219 294
3219 296
3219 312
3219 338
3219 378
3219 387
3219 557
3220 3220
3220 2914
3220 2991
3220 8
3220 294
3220 338
3220 387
3220 557
3220 773
3220 920
3221 3221
3221 343
3221 1917
3221 3057
3221 81
3221 370
3221 1831
3221 2339
3221 2914
3221 2991
3222 3222
3222 3077
3222 170
3222 490
3222 650
3222 875
3222 918
3222 989
3222 991
3222 1211
3223 3223
3223 3030
3223 875
3223 1299
3223 2190
3223 2406
3223 8
3223 134
3223 179
3223 294
3224 3224
3224 16
3224 236
3224 414
3224 3719
3224 2252
3224 1980
3224 1211
3224 1325
3224 2180
3225 3225
3225 613
3225 1562
3225 1006
3225 2883
3225 2913
3225 642
3225 1211
3225 1496
3225 1889
3226 3226
3226 2960
3226 3131
3226 989
3226 2221
3226 2914
3226 2991
3226 3303
3226 3880
3226 2496
3227 3227
3227 796
3227 3872
3227 650
3227 991
3227 2552
3227 2791
3227 2914
3227 2991
3227 3925
3228 3228
3228 2574
3228 2536
3228 130
3228 1693
3228 2821
3228 593
3228 1055
3228 1891
3228 2437
3229 3229
3229 888
3229 2049
3229 2983
3229 3637
3229 636
3229 1310
3229 1759
3229 3972
3229 555
3230 3230
3230 2846
3230 8
3230 188
3230 294
3230 338
3230 387
3230 422
3230 557
3230 773
3231 3231
3231 3837
3231 2271
3231 1692
3231 650
3231 991
3231 1723
3231 2483
3231 519
3231 1909
3232 3232
3232 3976
3232 925
3232 3851
3232 75
3232 81
3232 822
3232 1541
3232 2317
3232 2923
3233 3233
3233 986
3233 1519
3233 2440
3233 3850
3233 3893
3233 2001
3233 2685
3233 48
3233 92
3234 3234
3234 455
3234 704
3234 3077
3234 3113
3234 650
3234 801
3234 991
3234 1195
3234 1211
3235 3235
3235 3540
3235 3442
3235 20
3235 3660
3235 28
3235 2932
3235 2239
3235 750
3235 2916
3236 3236
3236 1604
3236 3119
3236 3543
3236 378
3236 609
3236 629
3236 2721
3236 2846
3236 3258
3237 3237
3237 81
3237 989
3237 1047
3237 2221
3237 2386
3237 2492
3237 2790
3237 3178
3237 1179
3238 3238
3238 1179
3238 8
3238 294
3238 338
3238 387
3238 557
3238 773
3238 822
3238 920
3239 3239
3239 981
3239 2530
3239 230
3239 2079
3239 3083
3239 198
3239 248
3239 1357
3239 2104
3240 3240
3240 1144
3240 3077
3240 650
3240 704
3240 991
3240 1211
3240 2180
3240 3134
3240 3674
3241 3241
3241 8
3241 294
3241 338
3241 387
3241 557
3241 773
3241 920
3241 1180
3241 1278
3242 3242
3242 952
3242 1753
3242 3929
3242 2901
3242 3006
3242 3662
3242 2027
3242 822
3242 1303
3243 1992
3243 3243
3243 650
3243 991
3243 2975
3243 3548
3243 8
3243 294
3243 338
3243 387
3244 3244
3244 8
3244 294
3244 338
3244 387
3244 557
3244 773
3244 920
3244 1180
3244 1278
3245 3245
3245 572
3245 2252
3245 2713
3245 527
3245 1211
3245 1321
3245 1325
3245 2180
3245 2305
3246 3246
3246 1552
3246 1744
3246 168
3246 3074
3246 1489
3246 3152
3246 3104
3246 4045
3246 3219
3247 3247
3247 179
3247 62
3247 296
3247 397
3247 533
3247 813
3247 875
3247 1299
3247 2190
3248 3248
3248 1186
3248 2177
3248 2189
3248 3774
3248 8
3248 294
3248 338
3248 387
3248 557
3249 3249
3249 322
3249 947
3249 4011
3249 2908
3249 358
3249 858
3249 3594
3249 1983
3249 2297
3250 3250
3250 87
3250 1323
3250 2732
3250 3
3250 3768
3250 3892
3250 2861
3250 2679
3250 989
3251 3251
3251 593
3251 575
3251 1211
3251 2180
3251 3134
3251 3753
3251 537
3251 828
3251 2170
3252 3252
3252 1017
3252 2272
3252 2858
3252 8
3252 294
3252 338
3252 387
3252 557
3252 773
3253 3253
3253 394
3253 3816
3253 877
3253 739
3253 3199
3253 3775
3253 3381
3253 2911
3253 3056
3254 3254
3254 997
3254 784
3254 2085
3254 2456
3254 3087
3254 706
3254 3285
3254 50
3254 121
3255 3255
3255 3309
3255 1136
3255 1316
3255 1700
3255 2556
3255 3398
3255 961
3255 1163
3255 3455
3256 3256
3256 3167
3256 3808
3256 3379
3256 770
3256 1099
3256 542
3256 3497
3256 1150
3256 4033
3257 3257
3257 3739
3257 1406
3257 3295
3257 2462
3257 2210
3257 1567
3257 2927
3257 3662
3257 104
3258 3258
3258 8
3258 294
3258 338
3258 387
3258 557
3258 773
3258 920
3258 1180
3258 1278
3259 3259
3259 4035
3259 1634
3259 2189
3259 2433
3259 3294
3259 310
3259 1304
3259 3245
3259 3626
3260 3260
3260 955
3260 3626
3260 126
3260 875
3260 1035
3260 1299
3260 1634
3260 2190
3260 8
3261 3261
3261 2845
3261 2887
3261 8
3261 294
3261 338
3261 387
3261 520
3261 557
3261 720
3262 3262
3262 810
3262 2723
3262 646
3262 910
3262 2889
3262 3161
3262 980
3262 3631
3262 1824
3263 3263
3263 2730
3263 79
3263 1793
3263 756
3263 1350
3263 595
3263 3489
3263 2246
3263 949
3264 3264
3264 1082
3264 3743
3264 533
3264 875
3264 1190
3264 1232
3264 1299
3264 2190
3264 2292
3265 3265
3265 260
3265 1265
3265 3920
3265 822
3265 609
3265 2317
3265 2923
3265 3994
3265 170
3266 3266
3266 3826
3266 2658
3266 3462
3266 3802
3266 650
3266 991
3266 1353
3266 1404
3266 2791
3267 3267
3267 961
3267 296
3267 875
3267 989
3267 1047
3267 1299
3267 1393
3267 1889
3267 2190
3268 3268
3268 8
3268 294
3268 338
3268 387
3268 557
3268 773
3268 920
3268 1180
3268 1278
3269 3269
3269 408
3269 414
3269 2252
3269 3202
3269 3868
3269 989
3269 1211
3269 1325
3269 1661
3270 8
3270 294
3270 338
3270 387
3270 557
3270 773
3270 920
3270 1180
3270 1278
3270 1366
3271 3271
3271 2870
3271 3397
3271 2541
3271 303
3271 750
3271 2845
3271 2914
3271 2991
3271 137
3272 3272
3272 793
3272 1165
3272 1393
3272 1723
3272 2139
3272 1179
3272 8
3272 294
3272 338
3273 3273
3273 179
3273 1786
3273 62
3273 296
3273 397
3273 533
3273 813
3273 875
3273 1299
3274 3274
3274 1982
3274 2485
3274 3543
3274 378
3274 800
3274 1456
3274 2204
3274 2462
3274 2472
3275 3275
3275 3563
3275 2493
3275 2780
3275 3049
3275 378
3275 640
3275 989
3275 1831
3275 2221
3276 3276
3276 1035
3276 1211
3276 1215
3276 2180
3276 2332
3276 2825
3276 2914
3276 2991
3276 3134
3277 3277
3277 3551
3277 3190
3277 998
3277 2883
3277 3649
3277 170
3277 822
3277 1211
3277 2046
3278 3278
3278 2634
3278 319
3278 851
3278 2152
3278 3719
3278 310
3278 704
3278 729
3278 1766
3279 3279
3279 8
3279 179
3279 230
3279 294
3279 338
3279 387
3279 557
3279 650
3279 773
3280 3280
3280 3755
3280 1136
3280 1316
3280 1700
3280 2556
3280 3398
3280 1179
3280 8
3280 22
3281 3281
3281 1197
3281 481
3281 1066
3281 1289
3281 1392
3281 1478
3281 1810
3281 2769
3281 3843
3282 3282
3282 3710
3282 94
3282 1831
3282 3413
3282 343
3282 8
3282 294
3282 338
3282 387
3283 3283
3283 1370
3283 1781
3283 111
3283 126
3283 170
3283 296
3283 586
3283 875
3283 1169
3284 968
3284 1734
3284 3284
3284 2159
3284 2912
3284 3512
3284 1781
3284 2073
3284 2714
3284 111
3285 3285
3285 3885
3285 1997
3285 2985
3285 2631
3285 1179
3285 3978
3285 8
3285 294
3285 338
3286 3286
3286 593
3286 628
3286 1197
3286 2314
3286 3141
3286 3849
3286 3964
3286 40
3286 1854
3287 3287
3287 3966
3287 8
3287 294
3287 335
3287 338
3287 387
3287 557
3287 773
3287 920
3288 386
3288 3288
3288 2887
3288 592
3288 3056
3288 8
3288 294
3288 338
3288 387
3288 557
3289 3289
3289 73
3289 156
3289 378
3289 510
3289 650
3289 991
3289 1321
3289 2707
3289 2721
3290 3290
3290 2016
3290 130
3290 1190
3290 1723
3290 2825
3290 3069
3290 3085
3290 3303
3290 3880
3291 3291
3291 3886
3291 1716
3291 1738
3291 3094
3291 2152
3291 21
3291 3841
3291 2074
3291 3405
3292 732
3292 3292
3292 2252
3292 2560
3292 3202
3292 3683
3292 3868
3292 1211
3292 1325
3292 1353
3293 3293
3293 3739
3293 3447
3293 3909
3293 1196
3293 3672
3293 638
3293 822
3293 3294
3293 875
3294 3294
3294 875
3294 1299
3294 2190
3294 3178
3294 3555
3294 8
3294 134
3294 179
3294 188
3295 3295
3295 2462
3295 1522
3295 1982
3295 2210
3295 2485
3295 365
3295 378
3295 800
3295 1153
3296 3296
3296 371
3296 3615
3296 3959
3296 3103
3296 740
3296 1956
3296 2961
3296 48
3296 104
3297 3297
3297 2009
3297 104
3297 2210
3297 2788
3297 3040
3297 41
3297 378
3297 468
3297 513
3298 3298
3298 3623
3298 2980
3298 3751
3298 3792
3298 1976
3298 2678
3298 1362
3298 1662
3298 3502
3299 3299
3299 3765
3299 2914
3299 2991
3299 3085
3299 1179
3299 8
3299 294
3299 338
3299 387
3300 3300
3300 3420
3300 58
3300 3531
3300 2240
3300 2402
3300 3711
3300 2645
3300 3813
3300 299
3301 3301
3301 890
3301 618
3301 1163
3301 3916
3301 81
3301 161
3301 822
3301 1607
3301 3122
3302 3302
3302 3701
3302 136
3302 2847
3302 78
3302 662
3302 1266
3302 1877
3302 3210
3302 3501
3303 3303
3303 8
3303 294
3303 338
3303 387
3303 557
3303 773
3303 920
3303 1180
3303 1278
3304 3304
3304 57
3304 527
3304 1713
3304 2451
3304 2655
3304 2851
3304 3965
3304 1179
3304 8
3305 3305
3305 2028
3305 364
3305 365
3305 2210
3305 2001
3305 2685
3305 324
3305 378
3305 714
3306 3126
3306 3306
3306 8
3306 294
3306 338
3306 387
3306 557
3306 773
3306 920
3306 1180
3307 2580
3307 3307
3307 1503
3307 1174
3307 1157
3307 3542
3307 2457
3307 3923
3307 430
3307 634
3308 3308
3308 343
3308 1767
3308 1980
3308 2252
3308 2295
3308 2883
3308 3834
3308 325
3308 370
3309 3309
3309 3255
3309 2662
3309 62
3309 1060
3309 3763
3309 179
3309 961
3309 1479
3309 3920
3310 3310
3310 2284
3310 217
3310 538
3310 3588
3310 3916
3310 1179
3310 8
3310 294
3310 338
3311 3311
3311 1017
3311 2272
3311 2825
3311 2858
3311 8
3311 294
3311 338
3311 387
3311 557
3312 3312
3312 3846
3312 2204
3312 2927
3312 1982
3312 296
3312 875
3312 1299
3312 1456
3312 1889
3313 3313
3313 3507
3313 2560
3313 3683
3313 310
3313 325
3313 851
3313 1634
3313 1980
3313 2205
3314 3314
3314 1035
3314 2914
3314 2991
3314 8
3314 186
3314 294
3314 338
3314 387
3314 557
3315 3315
3315 3069
3315 1931
3315 2016
3315 2537
3315 2854
3315 2883
3315 3077
3315 3626
3315 3990
3316 3316
3316 731
3316 875
3316 1299
3316 2190
3316 8
3316 134
3316 179
3316 294
3316 338
3317 3317
3317 1312
3317 2560
3317 3683
3317 343
3317 370
3317 1767
3317 1980
3317 2252
3317 2295
3318 3318
3318 157
3318 1179
3318 8
3318 188
3318 294
3318 338
3318 387
3318 557
3318 771
3319 3319
3319 1847
3319 2252
3319 732
3319 2560
3319 3202
3319 3292
3319 3683
3319 3868
3319 170
3320 1496
3320 2454
3320 3320
3320 8
3320 294
3320 338
3320 387
3320 557
3320 638
3320 720
3321 3321
3321 993
3321 2283
3321 1091
3321 3518
3321 179
3321 1117
3321 1829
3321 296
3321 459
3322 893
3322 3322
3322 1723
3322 698
3322 8
3322 294
3322 338
3322 387
3322 557
3322 773
3323 1606
3323 2338
3323 3323
3323 170
3323 731
3323 733
3323 761
3323 995
3323 1211
3323 2180
3324 3324
3324 3560
3324 875
3324 1299
3324 2190
3324 8
3324 134
3324 179
3324 294
3324 338
3325 3325
3325 8
3325 294
3325 338
3325 387
3325 557
3325 773
3325 920
3325 1180
3325 1278
3326 3326
3326 1472
3326 1781
3326 3626
3326 126
3326 875
3326 1232
3326 1299
3326 1634
3326 1688
3327 3327
3327 2770
3327 2161
3327 2802
3327 912
3327 3344
3327 2494
3327 2423
3327 3583
3327 3346
3328 3328
3328 880
3328 1128
3328 514
3328 2560
3328 3683
3328 3824
3328 1019
3328 2903
3328 1136
3329 3329
3329 164
3329 179
3329 3443
3329 3920
3329 1443
3329 3193
3329 62
3329 296
3329 397
3330 3330
3330 3958
3330 527
3330 1661
3330 3965
3330 8
3330 294
3330 338
3330 387
3330 408
3331 3331
3331 3056
3331 468
3331 650
3331 991
3331 8
3331 294
3331 338
3331 387
3331 557
3332 3332
3332 3303
3332 8
3332 294
3332 335
3332 338
3332 387
3332 557
3332 773
3332 920
3333 3333
3333 8
3333 294
3333 338
3333 387
3333 557
3333 773
3333 920
3333 1180
3333 1234
3334 3334
3334 562
3334 815
3334 1723
3334 2021
3334 2953
3334 3258
3334 3303
3334 3325
3334 3568
3335 3335
3335 1798
3335 3201
3335 2363
3335 822
3335 3836
3335 954
3335 1781
3335 2661
3335 3920
3336 3336
3336 2424
3336 214
3336 1106
3336 428
3336 3056
3336 223
3336 551
3336 650
3336 902
3337 3337
3337 4044
3337 255
3337 1922
3337 179
3337 1443
3337 3193
3337 62
3337 296
3337 397
3338 3338
3338 2957
3338 1967
3338 3920
3338 179
3338 230
3338 248
3338 761
3338 956
3338 961
3339 3339
3339 619
3339 2004
3339 3122
3339 3513
3339 4014
3339 2560
3339 3683
3339 1019
3339 2903
3340 3340
3340 2428
3340 525
3340 2040
3340 696
3340 3281
3340 801
3340 3747
3340 3214
3340 1777
3341 3341
3341 1570
3341 62
3341 179
3341 397
3341 875
3341 1289
3341 1299
3341 1392
3341 1478
3342 3342
3342 170
3342 788
3342 875
3342 1025
3342 1204
3342 1211
3342 1299
3342 1723
3342 2180
3343 3343
3343 1677
3343 2726
3343 575
3343 854
3343 2537
3343 111
3343 593
3343 731
3343 875
3344 3344
3344 3583
3344 2022
3344 3327
3344 2802
3344 2770
3344 2423
3344 1741
3344 3500
3344 4013
3345 8
3345 294
3345 338
3345 387
3345 557
3345 773
3345 920
3345 1180
3345 1278
3345 1366
3346 3346
3346 2914
3346 2991
3346 3258
3346 8
3346 294
3346 338
3346 387
3346 557
3346 773
3347 3347
3347 1604
3347 1667
3347 1841
3347 2883
3347 3094
3347 3433
3347 3543
3347 378
3347 629
3348 3348
3348 2027
3348 3119
3348 3258
3348 8
3348 294
3348 338
3348 378
3348 387
3348 557
3349 2505
3349 2604
3349 3349
3349 2560
3349 3683
3349 8
3349 294
3349 335
3349 338
3349 387
3350 3350
3350 2105
3350 2702
3350 248
3350 2623
3350 2075
3350 2959
3350 296
3350 1543
3350 1705
3351 3351
3351 2552
3351 2887
3351 2914
3351 2991
3351 3409
3351 8
3351 294
3351 338
3351 387
3352 3352
3352 2095
3352 128
3352 2916
3352 28
3352 1600
3352 3119
3352 1024
3352 48
3352 1308
3353 3353
3353 1289
3353 1392
3353 1478
3353 8
3353 294
3353 338
3353 387
3353 557
3353 593
3354 3354
3354 3455
3354 8
3354 294
3354 338
3354 387
3354 520
3354 557
3354 571
3354 773
3355 3355
3355 304
3355 1149
3355 1471
3355 2519
3355 1657
3355 1196
3355 305
3355 2276
3355 2453
3356 1765
3356 3356
3356 3372
3356 3981
3356 2601
3356 3057
3356 319
3356 851
3356 1395
3356 316
3357 3357
3357 302
3357 1900
3357 3501
3357 3709
3357 370
3357 1379
3357 1767
3357 1822
3357 2295
3358 3358
3358 1314
3358 4034
3358 2669
3358 1929
3358 173
3358 462
3358 2575
3358 893
3358 3322
3359 3359
3359 3840
3359 740
3359 3835
3359 3975
3359 296
3359 363
3359 365
3359 624
3359 650
3360 3360
3360 1400
3360 2831
3360 1686
3360 2401
3360 1257
3360 785
3360 1625
3360 82
3360 2627
3361 3361
3361 609
3361 733
3361 995
3361 2810
3361 8
3361 290
3361 294
3361 338
3361 387
3362 3362
3362 2811
3362 1187
3362 3652
3362 2881
3362 3411
3362 1999
3362 1983
3362 657
3362 3073
3363 3363
3363 3181
3363 992
3363 3464
3363 3987
3363 1786
3363 7
3363 1460
3363 3658
3363 515
3364 3364
3364 2252
3364 1211
3364 1325
3364 2180
3364 2305
3364 2475
3364 2860
3364 3134
3364 3620
3365 3365
3365 1177
3365 1662
3365 2997
3365 1904
3365 3699
3365 2701
3365 1376
3365 2274
3365 555
3366 3366
3366 176
3366 3175
3366 436
3366 2862
3366 2077
3366 2950
3366 2071
3366 3140
3366 2447
3367 2217
3367 3367
3367 378
3367 2406
3367 2468
3367 2721
3367 3612
3367 1667
3367 1674
3367 1815
3368 3368
3368 2366
3368 718
3368 202
3368 2665
3368 3856
3368 801
3368 1038
3368 3747
3368 92
3369 3369
3369 1239
3369 1493
3369 1195
3369 837
3369 3077
3369 1121
3369 1667
3369 3040
3369 3825
3370 3370
3370 1439
3370 2070
3370 2257
3370 2252
3370 3620
3370 3719
3370 1211
3370 1325
3370 2180
3371 2478
3371 3371
3371 1688
3371 2825
3371 8
3371 294
3371 338
3371 387
3371 557
3371 773
3372 3372
3372 1528
3372 2601
3372 948
3372 1769
3372 2305
3372 319
3372 851
3372 1802
3372 3318
3373 3373
3373 2098
3373 2642
3373 511
3373 4043
3373 2456
3373 1055
3373 1115
3373 1982
3373 2485
3374 3374
3374 3012
3374 1689
3374 714
3374 1974
3374 2210
3374 2736
3374 3119
3374 3675
3374 48
3375 3375
3375 242
3375 393
3375 788
3375 208
3375 1215
3375 109
3375 111
3375 1006
3375 1496
3376 3376
3376 481
3376 3991
3376 202
3376 718
3376 1604
3376 1777
3376 1838
3376 1906
3376 2525
3377 3377
3377 1179
3377 8
3377 294
3377 338
3377 387
3377 557
3377 773
3377 920
3377 1180
3378 3378
3378 2825
3378 8
3378 294
3378 338
3378 387
3378 557
3378 773
3378 920
3378 1180
3379 3379
3379 1327
3379 1394
3379 2689
3379 2534
3379 1364
3379 2292
3379 2550
3379 3220
3379 875
3380 3380
3380 2427
3380 490
3380 822
3380 2845
3380 3178
3380 3258
3380 8
3380 294
3380 338
3381 3381
3381 2911
3381 3852
3381 739
3381 877
3381 3253
3381 3199
3381 1393
3381 2188
3381 2372
3382 3382
3382 1301
3382 3670
3382 167
3382 497
3382 2836
3382 468
3382 2241
3382 3056
3382 2601
3383 3383
3383 926
3383 2804
3383 1514
3383 2413
3383 638
3383 2631
3383 3642
3383 109
3383 208
3384 3384
3384 1667
3384 378
3384 510
3384 609
3384 1211
3384 2180
3384 2230
3384 2330
3384 2475
3385 3385
3385 1211
3385 1688
3385 2180
3385 3134
3385 1179
3385 8
3385 294
3385 338
3385 387
3386 3386
3386 477
3386 2490
3386 1108
3386 3878
3386 726
3386 173
3386 111
3386 126
3386 586
3387 3387
3387 3087
3387 1008
3387 2533
3387 2494
3387 414
3387 704
3387 1227
3387 3077
3387 2437
3388 3388
3388 650
3388 918
3388 991
3388 1353
3388 1404
3388 2845
3388 3178
3388 3937
3388 8
3389 3389
3389 41
3389 2005
3389 8
3389 294
3389 338
3389 387
3389 557
3389 773
3389 920
3390 3390
3390 1137
3390 2782
3390 2661
3390 8
3390 173
3390 294
3390 338
3390 378
3390 387
3391 3391
3391 1769
3391 468
3391 1289
3391 1392
3391 1478
3391 1810
3391 2769
3391 2876
3391 8
3392 3064
3392 3392
3392 3815
3392 2959
3392 1321
3392 3303
3392 8
3392 294
3392 338
3392 366
3393 3393
3393 3756
3393 1353
3393 1404
3393 2406
3393 3178
3393 0
3393 8
3393 294
3393 338
3394 3394
3394 2447
3394 555
3394 849
3394 3716
3394 1039
3394 850
3394 3742
3394 1759
3394 1046
3395 3395
3395 593
3395 760
3395 951
3395 1022
3395 2883
3395 144
3395 575
3395 733
3395 854
3396 3396
3396 1963
3396 596
3396 2748
3396 989
3396 2221
3396 2496
3396 2899
3396 2958
3396 3178
3397 3397
3397 303
3397 2160
3397 2965
3397 2870
3397 257
3397 3271
3397 134
3397 900
3397 750
3398 1136
3398 1316
3398 1700
3398 2556
3398 3398
3398 8
3398 294
3398 338
3398 387
3398 557
3399 3399
3399 275
3399 464
3399 317
3399 1331
3399 569
3399 1211
3399 2180
3399 2821
3399 3134
3400 3400
3400 1211
3400 2180
3400 2189
3400 3134
3400 3325
3400 1179
3400 8
3400 186
3400 294
3401 3401
3401 989
3401 1321
3401 2221
3401 2496
3401 2958
3401 3568
3401 3946
3401 8
3401 294
3402 3402
3402 177
3402 3470
3402 2795
3402 634
3402 3142
3402 1184
3402 2173
3402 334
3402 2282
3403 2966
3403 3403
3403 1303
3403 3433
3403 3543
3403 378
3403 2721
3403 2825
3403 3445
3403 3556
3404 3404
3404 1281
3404 8
3404 188
3404 294
3404 338
3404 387
3404 557
3404 593
3404 707
3405 3405
3405 263
3405 8
3405 294
3405 338
3405 387
3405 557
3405 773
3405 779
3405 870
3406 3406
3406 871
3406 3524
3406 3670
3406 3631
3406 843
3406 2551
3406 3077
3406 2035
3406 3038
3407 3407
3407 296
3407 179
3407 2497
3407 62
3407 397
3407 533
3407 813
3407 875
3407 1299
3408 3408
3408 8
3408 294
3408 338
3408 387
3408 557
3408 773
3408 920
3408 1180
3408 1278
3409 3409
3409 1070
3409 2887
3409 3085
3409 3351
3409 8
3409 294
3409 338
3409 387
3409 557
3410 3410
3410 4005
3410 588
3410 36
3410 1107
3410 1711
3410 1095
3410 2469
3410 1270
3410 1721
3411 3411
3411 2811
3411 3652
3411 1187
3411 2881
3411 3362
3411 1999
3411 657
3411 1983
3411 358
3412 3412
3412 2353
3412 575
3412 593
3412 2241
3412 2306
3412 2437
3412 2726
3412 3825
3412 3849
3413 3413
3413 8
3413 294
3413 338
3413 387
3413 557
3413 773
3413 920
3413 1180
3413 1278
3414 3414
3414 650
3414 761
3414 875
3414 991
3414 1299
3414 2190
3414 8
3414 134
3414 179
3415 3415
3415 737
3415 3514
3415 2920
3415 1622
3415 3831
3415 3104
3415 1741
3415 2050
3415 3790
3416 3416
3416 2328
3416 123
3416 2271
3416 2350
3416 3492
3416 179
3416 1692
3416 3588
3416 517
3417 3417
3417 650
3417 991
3417 8
3417 294
3417 338
3417 387
3417 557
3417 707
3417 773
3418 3418
3418 1996
3418 1353
3418 1404
3418 2033
3418 2779
3418 951
3418 1195
3418 1211
3418 2180
3419 3419
3419 1974
3419 2210
3419 3119
3419 365
3419 324
3419 378
3419 1509
3419 2721
3419 2914
3420 3420
3420 691
3420 1136
3420 1316
3420 1700
3420 2556
3420 3398
3420 319
3420 1128
3420 2845
3421 3421
3421 1072
3421 1919
3421 593
3421 575
3421 537
3421 828
3421 2104
3421 2170
3421 3198
3422 3422
3422 2620
3422 8
3422 294
3422 338
3422 387
3422 557
3422 773
3422 920
3422 1180
3423 3423
3423 593
3423 40
3423 1854
3423 291
3423 575
3423 854
3423 2386
3423 2790
3423 2914
3424 2327
3424 3424
3424 1917
3424 514
3424 2560
3424 3133
3424 3683
3424 3703
3424 3824
3424 1128
3425 3425
3425 8
3425 294
3425 338
3425 387
3425 557
3425 773
3425 920
3425 1180
3425 1278
3426 3426
3426 1949
3426 1145
3426 276
3426 363
3426 586
3426 914
3426 1353
3426 1404
3426 2156
3427 3427
3427 1237
3427 819
3427 291
3427 2953
3427 3785
3427 1654
3427 906
3427 1693
3427 3364
3428 3428
3428 1272
3428 2099
3428 1526
3428 90
3428 731
3428 1353
3428 1404
3428 1482
3428 2361
3429 3429
3429 1289
3429 1392
3429 1478
3429 2495
3429 8
3429 294
3429 338
3429 387
3429 520
3430 3430
3430 813
3430 875
3430 1017
3430 1299
3430 2190
3430 2272
3430 2858
3430 2914
3430 2991
3431 3431
3431 2347
3431 325
3431 2386
3431 2623
3431 2790
3431 1136
3431 1316
3431 1700
3431 2556
3432 3432
3432 1017
3432 1496
3432 2272
3432 2454
3432 2858
3432 3320
3432 8
3432 294
3432 338
3433 3433
3433 689
3433 1303
3433 1604
3433 2966
3433 3094
3433 3403
3433 3543
3433 111
3433 378
3434 3434
3434 2933
3434 355
3434 2568
3434 3069
3434 1096
3434 1535
3434 2016
3434 3038
3434 3077
3435 3435
3435 317
3435 2646
3435 464
3435 1331
3435 8
3435 294
3435 338
3435 387
3435 557
3436 3436
3436 614
3436 2518
3436 1535
3436 3056
3436 81
3436 650
3436 714
3436 991
3436 1321
3437 3437
3437 8
3437 294
3437 312
3437 338
3437 387
3437 557
3437 755
3437 773
3437 920
3438 1442
3438 3438
3438 650
3438 991
3438 8
3438 294
3438 338
3438 387
3438 557
3438 773
3439 3439
3439 3189
3439 1515
3439 1983
3439 2701
3439 3887
3439 917
3439 1907
3439 2628
3439 2080
3440 3440
3440 325
3440 1128
3440 2386
3440 2790
3440 3689
3440 3863
3440 2560
3440 3683
3440 8
3441 3441
3441 979
3441 2194
3441 277
3441 917
3441 2942
3441 2041
3441 2575
3441 912
3441 3419
3442 3442
3442 3110
3442 28
3442 20
3442 1990
3442 48
3442 1204
3442 305
3442 731
3442 875
3443 3443
3443 624
3443 875
3443 1299
3443 2190
3443 8
3443 134
3443 179
3443 186
3443 294
3444 3444
3444 1006
3444 3214
3444 144
3444 1496
3444 2454
3444 3320
3444 8
3444 294
3444 338
3445 3445
3445 1303
3445 378
3445 2721
3445 2825
3445 3612
3445 8
3445 294
3445 335
3445 338
3446 3446
3446 1563
3446 1710
3446 312
3446 822
3446 1424
3446 2355
3446 2612
3446 3178
3446 8
3447 3447
3447 3909
3447 3258
3447 8
3447 294
3447 338
3447 387
3447 468
3447 520
3447 557
3448 3448
3448 1273
3448 3525
3448 2292
3448 3769
3448 319
3448 609
3448 2074
3448 2210
3448 2537
3449 3449
3449 8
3449 294
3449 338
3449 387
3449 557
3449 773
3449 920
3449 1180
3449 1278
3450 3047
3450 3450
3450 2560
3450 3683
3450 3455
3450 8
3450 294
3450 338
3450 343
3450 387
3451 3451
3451 956
3451 92
3451 650
3451 991
3451 2434
3451 1179
3451 8
3451 230
3451 248
3452 3452
3452 2535
3452 2655
3452 533
3452 296
3452 179
3452 519
3452 609
3452 2661
3452 3919
3453 3453
3453 400
3453 2110
3453 989
3453 1047
3453 2221
3453 2496
3453 2958
3453 81
3453 1179
3454 3454
3454 3873
3454 3061
3454 2485
3454 2529
3454 122
3454 998
3454 1522
3454 2204
3454 2462
3455 3455
3455 8
3455 294
3455 338
3455 387
3455 557
3455 773
3455 920
3455 1180
3455 1278
3456 3456
3456 2673
3456 278
3456 1010
3456 319
3456 1128
3456 2953
3456 1136
3456 1316
3456 1700
3457 3457
3457 2837
3457 2567
3457 3858
3457 3529
3457 231
3457 2528
3457 419
3457 3068
3457 2814
3458 3458
3458 65
3458 1786
3458 1838
3458 2400
3458 170
3458 296
3458 312
3458 569
3458 875
3459 3459
3459 312
3459 586
3459 2355
3459 2612
3459 2914
3459 2991
3459 3493
3459 1179
3459 1519
3460 3460
3460 2282
3460 2173
3460 634
3460 2766
3460 1829
3460 3576
3460 3923
3460 68
3460 177
3461 3461
3461 953
3461 707
3461 2883
3461 3543
3461 8
3461 188
3461 294
3461 338
3461 370
3462 3462
3462 650
3462 991
3462 1353
3462 1404
3462 2406
3462 2976
3462 8
3462 294
3462 338
3463 3463
3463 3693
3463 2562
3463 1136
3463 1316
3463 1700
3463 2556
3463 3398
3463 527
3463 650
3464 3464
3464 3363
3464 3181
3464 428
3464 515
3464 535
3464 707
3464 3056
3464 3990
3464 992
3465 723
3465 3465
3465 2772
3465 3569
3465 3568
3465 3946
3465 50
3465 1190
3465 1889
3465 2914
3466 3466
3466 2478
3466 3371
3466 3126
3466 3306
3466 1169
3466 1688
3466 2825
3466 8
3466 111
3467 3467
3467 363
3467 2039
3467 586
3467 1545
3467 2746
3467 8
3467 126
3467 294
3467 338
3468 3468
3468 3973
3468 1720
3468 2036
3468 660
3468 296
3468 2248
3468 1843
3468 179
3468 643
3469 3469
3469 527
3469 1292
3469 3258
3469 3641
3469 3965
3469 8
3469 294
3469 338
3469 387
3470 177
3470 3470
3470 634
3470 2795
3470 1829
3470 2173
3470 2282
3470 3576
3470 3460
3470 334
3471 3471
3471 1055
3471 2437
3471 3119
3471 378
3471 609
3471 629
3471 650
3471 914
3471 991
3472 3472
3472 2023
3472 2616
3472 2960
3472 1010
3472 2191
3472 3057
3472 291
3472 767
3472 989
3473 3473
3473 1822
3473 2601
3473 3043
3473 70
3473 92
3473 157
3473 261
3473 650
3473 991
3474 3474
3474 459
3474 2652
3474 62
3474 533
3474 179
3474 296
3474 2712
3474 2777
3474 2236
3475 3475
3475 447
3475 4026
3475 2194
3475 3745
3475 1040
3475 530
3475 917
3475 2628
3475 912
3476 3476
3476 8
3476 230
3476 294
3476 338
3476 387
3476 557
3476 773
3476 920
3476 956
3477 3477
3477 3764
3477 1211
3477 2180
3477 3134
3477 1179
3477 3014
3477 8
3477 294
3477 338
3478 3478
3478 2209
3478 262
3478 2822
3478 1181
3478 1987
3478 1516
3478 2496
3478 2958
3478 989
3479 3479
3479 1786
3479 2712
3479 875
3479 1299
3479 1353
3479 1404
3479 2190
3479 8
3479 65
3480 1611
3480 3480
3480 2152
3480 729
3480 1022
3480 2252
3480 3777
3480 732
3480 2560
3480 3133
3481 3481
3481 217
3481 1010
3481 2284
3481 319
3481 1393
3481 1831
3481 1889
3481 3303
3481 1179
3482 3482
3482 1706
3482 170
3482 3658
3482 1369
3482 130
3482 319
3482 875
3482 1211
3482 1299
3483 3483
3483 2818
3483 510
3483 2629
3483 378
3483 527
3483 714
3483 904
3483 1321
3483 1456
3484 3484
3484 405
3484 1921
3484 559
3484 1846
3484 3508
3484 497
3484 703
3484 468
3484 731
3485 3485
3485 793
3485 571
3485 638
3485 10
3485 538
3485 1393
3485 1496
3485 1723
3485 2179
3486 3486
3486 2710
3486 3834
3486 2687
3486 2994
3486 3549
3486 4054
3486 212
3486 1511
3486 310
3487 3487
3487 1575
3487 1351
3487 257
3487 104
3487 3017
3487 3397
3487 2153
3487 111
3487 134
3488 3488
3488 312
3488 1889
3488 2612
3488 8
3488 294
3488 338
3488 387
3488 557
3488 773
3489 3489
3489 1350
3489 595
3489 2246
3489 2730
3489 3263
3489 949
3489 2239
3489 79
3489 2951
3490 3490
3490 3101
3490 3705
3490 1818
3490 1062
3490 1710
3490 505
3490 822
3490 1224
3490 3000
3491 3491
3491 4043
3491 60
3491 1211
3491 2180
3491 2611
3491 2914
3491 2991
3491 3134
3491 8
3492 3492
3492 3588
3492 533
3492 3916
3492 3416
3492 179
3492 2328
3492 2497
3492 62
3492 296
3493 3493
3493 2914
3493 2991
3493 1179
3493 1519
3493 2440
3493 3850
3493 8
3493 104
3493 109
3494 3494
3494 1826
3494 2961
3494 851
3494 3719
3494 1956
3494 2634
3494 3202
3494 3868
3494 310
3495 869
3495 3050
3495 3495
3495 2483
3495 7
3495 8
3495 294
3495 338
3495 387
3495 557
3496 3496
3496 1807
3496 2210
3496 378
3496 1667
3496 2475
3496 2721
3496 2914
3496 2991
3496 3612
3497 3497
3497 573
3497 375
3497 3877
3497 4033
3497 2537
3497 2292
3497 111
3497 170
3497 875
3498 3498
3498 2813
3498 1141
3498 1647
3498 1193
3498 1417
3498 1609
3498 1016
3498 1903
3498 385
3499 3499
3499 8
3499 294
3499 338
3499 387
3499 557
3499 755
3499 773
3499 920
3499 1180
3500 3500
3500 650
3500 918
3500 991
3500 2276
3500 2845
3500 8
3500 188
3500 294
3500 338
3501 3501
3501 3709
3501 104
3501 1454
3501 2159
3501 2705
3501 3512
3501 1519
3501 2440
3501 3850
3502 3502
3502 1277
3502 3781
3502 788
3502 1362
3502 2914
3502 2991
3502 2210
3502 3346
3502 3769
3503 3503
3503 1290
3503 966
3503 3418
3503 1126
3503 65
3503 117
3503 520
3503 1709
3503 1786
3504 3504
3504 229
3504 1248
3504 2241
3504 2306
3504 438
3504 650
3504 801
3504 991
3504 1292
3505 3505
3505 2319
3505 1085
3505 296
3505 2777
3505 3900
3505 62
3505 179
3505 1931
3505 2927
3506 3506
3506 1271
3506 3735
3506 944
3506 3885
3506 3285
3506 1997
3506 2495
3506 2631
3506 593
3507 3507
3507 3313
3507 3486
3507 3834
3507 1980
3507 2152
3507 4054
3507 2205
3507 2710
3507 4051
3508 3508
3508 1740
3508 2771
3508 1846
3508 405
3508 559
3508 2326
3508 3484
3508 2959
3508 1118
3509 3509
3509 581
3509 1393
3509 497
3509 2473
3509 2913
3509 3978
3509 2919
3509 538
3509 718
3510 3510
3510 2558
3510 3823
3510 468
3510 1084
3510 1190
3510 1292
3510 1496
3510 1831
3510 2035
3511 3511
3511 813
3511 179
3511 692
3511 1954
3511 2497
3511 62
3511 125
3511 296
3511 378
3512 2159
3512 3512
3512 2073
3512 384
3512 624
3512 854
3512 875
3512 938
3512 1299
3512 2190
3513 3513
3513 8
3513 294
3513 338
3513 387
3513 557
3513 773
3513 920
3513 951
3513 1180
3514 3514
3514 737
3514 2920
3514 3415
3514 1622
3514 3831
3514 3104
3514 2006
3514 1741
3514 2050
3515 3515
3515 2029
3515 126
3515 1769
3515 586
3515 2707
3515 3220
3515 363
3515 2537
3515 2846
3516 194
3516 3516
3516 1303
3516 2966
3516 3403
3516 378
3516 1321
3516 1841
3516 2721
3516 2825
3517 3517
3517 650
3517 875
3517 991
3517 1299
3517 2190
3517 8
3517 134
3517 179
3517 294
3518 3518
3518 179
3518 62
3518 296
3518 397
3518 533
3518 650
3518 813
3518 875
3518 991
3519 3519
3519 1140
3519 3898
3519 1669
3519 3763
3519 179
3519 455
3519 954
3519 1786
3519 62
3520 3520
3520 3711
3520 2333
3520 2645
3520 3031
3520 1262
3520 3092
3520 1447
3520 509
3520 3197
3521 3521
3521 1982
3521 2485
3521 378
3521 800
3521 1456
3521 2462
3521 2721
3521 2740
3521 3274
3522 3522
3522 2306
3522 1017
3522 1353
3522 1404
3522 2272
3522 2406
3522 2858
3522 954
3522 1179
3523 3523
3523 2547
3523 3874
3523 344
3523 1530
3523 3569
3523 515
3523 788
3523 81
3523 117
3524 3524
3524 871
3524 3406
3524 2127
3524 307
3524 2791
3524 3056
3524 142
3524 2496
3524 2958
3525 3525
3525 1273
3525 3448
3525 2210
3525 3769
3525 378
3525 2475
3525 2560
3525 2721
3525 2914
3526 3526
3526 1112
3526 194
3526 3516
3526 377
3526 315
3526 2465
3526 2962
3526 335
3526 1050
3527 3527
3527 2423
3527 912
3527 335
3527 3649
3527 378
3527 1190
3527 1667
3527 1781
3527 1867
3528 3528
3528 2306
3528 1909
3528 1970
3528 3188
3528 733
3528 995
3528 1030
3528 1215
3528 1353
3529 3529
3529 2567
3529 2837
3529 3858
3529 231
3529 419
3529 2528
3529 3457
3529 3068
3529 2814
3530 3530
3530 118
3530 62
3530 384
3530 875
3530 1122
3530 1292
3530 1299
3530 2189
3530 2190
3531 3531
3531 3813
3531 58
3531 2240
3531 299
3531 1415
3531 3906
3531 2402
3531 3711
3531 2253
3532 3532
3532 3562
3532 329
3532 3887
3532 2203
3532 2080
3532 3118
3532 1792
3532 3492
3532 3916
3533 3533
3533 1039
3533 2279
3533 1736
3533 969
3533 3716
3533 1759
3533 263
3533 2447
3533 555
3534 3534
3534 1517
3534 1602
3534 1981
3534 515
3534 3802
3534 3056
3534 428
3534 2601
3534 4017
3535 3535
3535 343
3535 1614
3535 2252
3535 732
3535 3292
3535 1211
3535 1325
3535 1353
3535 1404
3536 3536
3536 3059
3536 402
3536 1158
3536 2406
3536 3178
3536 1179
3536 0
3536 8
3536 294
3537 3537
3537 218
3537 1540
3537 3817
3537 1786
3537 2780
3537 3626
3537 2191
3537 2357
3537 2601
3538 3538
3538 65
3538 1017
3538 1353
3538 1404
3538 1661
3538 2271
3538 2272
3538 2858
3538 1136
3539 3539
3539 201
3539 3601
3539 2579
3539 1764
3539 104
3539 807
3539 3094
3539 1115
3539 3040
3540 3540
3540 3235
3540 3442
3540 3256
3540 20
3540 28
3540 2239
3540 3110
3540 3660
3540 976
3541 3541
3541 41
3541 2005
3541 3931
3541 8
3541 294
3541 338
3541 387
3541 557
3541 593
3542 3542
3542 3547
3542 1503
3542 2457
3542 1174
3542 1157
3542 3923
3542 430
3542 2753
3542 806
3543 3543
3543 378
3543 2721
3543 3556
3543 3612
3543 8
3543 294
3543 335
3543 338
3543 387
3544 3544
3544 2152
3544 3077
3544 4040
3544 132
3544 704
3544 961
3544 1022
3544 1128
3544 2252
3545 83
3545 3545
3545 1723
3545 2472
3545 893
3545 3322
3545 8
3545 294
3545 338
3545 387
3546 3546
3546 1823
3546 784
3546 398
3546 1135
3546 3321
3546 1306
3546 1736
3546 821
3546 1750
3547 3547
3547 729
3547 319
3547 3786
3547 132
3547 572
3547 1693
3547 2252
3547 2959
3547 3202
3548 3548
3548 1992
3548 3243
3548 1136
3548 1316
3548 1700
3548 2556
3548 3398
3548 650
3548 991
3549 2687
3549 2994
3549 3549
3549 1511
3549 704
3549 1022
3549 2252
3549 2152
3549 3719
3549 3957
3550 3550
3550 2933
3550 2011
3550 959
3550 1017
3550 1889
3550 2272
3550 2361
3550 2808
3550 2858
3551 3551
3551 3190
3551 3585
3551 3277
3551 3920
3551 170
3551 384
3551 624
3551 761
3551 875
3552 3552
3552 580
3552 8
3552 294
3552 332
3552 338
3552 387
3552 557
3552 707
3552 773
3553 3553
3553 335
3553 527
3553 3178
3553 3965
3553 8
3553 294
3553 338
3553 378
3553 387
3554 3554
3554 1214
3554 310
3554 732
3554 3202
3554 3292
3554 3868
3554 414
3554 2252
3554 2560
3555 3555
3555 305
3555 875
3555 1299
3555 2190
3555 3294
3555 3774
3555 8
3555 134
3555 179
3556 3556
3556 3543
3556 378
3556 758
3556 2721
3556 3612
3556 8
3556 294
3556 335
3556 338
3557 3557
3557 8
3557 294
3557 338
3557 355
3557 387
3557 557
3557 773
3557 920
3557 1180
3558 3558
3558 3588
3558 3916
3558 8
3558 294
3558 338
3558 387
3558 557
3558 773
3558 920
3559 3559
3559 1688
3559 8
3559 294
3559 338
3559 387
3559 557
3559 773
3559 920
3559 1180
3560 3560
3560 875
3560 1299
3560 2190
3560 8
3560 134
3560 179
3560 294
3560 338
3560 387
3561 3561
3561 671
3561 172
3561 2601
3561 3626
3561 92
3561 332
3561 483
3561 650
3561 991
3562 3562
3562 329
3562 3532
3562 3887
3562 3118
3562 1792
3562 2203
3562 779
3562 870
3562 1975
3563 3563
3563 3275
3563 2493
3563 2663
3563 3103
3563 957
3563 1831
3563 2230
3563 2308
3563 2845
3564 3564
3564 2754
3564 111
3564 2537
3564 3626
3564 126
3564 875
3564 961
3564 1128
3564 1153
3565 3565
3565 2122
3565 3657
3565 1680
3565 2932
3565 2952
3565 382
3565 2104
3565 2767
3565 1519
3566 3566
3566 565
3566 161
3566 2751
3566 50
3566 62
3566 296
3566 533
3566 1047
3566 1122
3567 3567
3567 1777
3567 527
3567 1289
3567 1392
3567 1478
3567 1810
3567 2406
3567 2769
3567 2914
3568 3568
3568 3946
3568 8
3568 294
3568 338
3568 387
3568 557
3568 773
3568 920
3568 1180
3569 3569
3569 1190
3569 2914
3569 2991
3569 8
3569 294
3569 338
3569 387
3569 557
3569 773
3570 1550
3570 3570
3570 2825
3570 8
3570 294
3570 338
3570 387
3570 557
3570 773
3570 920
3571 3571
3571 325
3571 370
3571 1312
3571 2386
3571 2472
3571 2790
3571 3085
3571 2560
3571 3683
3572 3572
3572 2189
3572 3897
3572 92
3572 1179
3572 1519
3572 2440
3572 3850
3572 8
3572 223
3573 3573
3573 1289
3573 1392
3573 1478
3573 8
3573 294
3573 338
3573 387
3573 557
3573 773
3574 3574
3574 816
3574 1523
3574 1656
3574 1439
3574 2070
3574 2257
3574 487
3574 3370
3574 414
3575 3575
3575 852
3575 2130
3575 2564
3575 2761
3575 3708
3575 2789
3575 2910
3575 2831
3575 939
3576 3576
3576 1829
3576 634
3576 2173
3576 2282
3576 3460
3576 2775
3576 2766
3576 179
3576 961
3577 3577
3577 632
3577 27
3577 1123
3577 1516
3577 179
3577 255
3577 397
3577 517
3577 1607
3578 3578
3578 247
3578 1052
3578 989
3578 1831
3578 2221
3578 343
3578 2386
3578 2790
3578 2496
3579 3579
3579 296
3579 179
3579 692
3579 2145
3579 3058
3579 3920
3579 62
3579 125
3579 397
3580 3580
3580 593
3580 457
3580 575
3580 1504
3580 537
3580 828
3580 2170
3580 8
3580 294
3581 3581
3581 1110
3581 489
3581 1357
3581 3111
3581 179
3581 255
3581 1786
3581 1922
3581 62
3582 3582
3582 1456
3582 1775
3582 2913
3582 8
3582 294
3582 338
3582 387
3582 557
3582 707
3583 3583
3583 3344
3583 2022
3583 2802
3583 3327
3583 2770
3583 918
3583 2992
3583 3346
3583 761
3584 3584
3584 2846
3584 8
3584 294
3584 338
3584 387
3584 422
3584 557
3584 773
3584 920
3585 3585
3585 624
3585 875
3585 1299
3585 2190
3585 2918
3585 3098
3585 3178
3585 8
3585 45
3586 3586
3586 760
3586 1289
3586 1392
3586 1478
3586 1810
3586 2769
3586 202
3586 1287
3586 1292
3587 3587
3587 1780
3587 310
3587 1118
3587 1973
3587 2004
3587 2152
3587 3069
3587 4014
3587 704
3588 3588
3588 3916
3588 8
3588 294
3588 338
3588 387
3588 557
3588 773
3588 920
3588 1180
3589 3589
3589 8
3589 294
3589 338
3589 387
3589 557
3589 773
3589 920
3589 1180
3589 1278
3590 3590
3590 3215
3590 8
3590 294
3590 338
3590 387
3590 557
3590 773
3590 920
3590 1180
3591 3591
3591 2613
3591 1030
3591 1289
3591 1353
3591 1392
3591 1404
3591 1478
3591 2914
3591 2991
3592 3592
3592 1289
3592 1392
3592 1478
3592 3085
3592 8
3592 186
3592 294
3592 338
3592 387
3593 3593
3593 1289
3593 1392
3593 1478
3593 8
3593 294
3593 338
3593 387
3593 557
3593 707
3594 3594
3594 947
3594 358
3594 1418
3594 268
3594 858
3594 2900
3594 2376
3594 2908
3594 209
3595 3595
3595 8
3595 294
3595 338
3595 387
3595 557
3595 773
3595 920
3595 1180
3595 1278
3596 3596
3596 397
3596 1211
3596 2180
3596 2821
3596 2975
3596 3134
3596 3215
3596 3937
3596 8
3597 3597
3597 1166
3597 4048
3597 2672
3597 710
3597 3077
3597 350
3597 81
3597 92
3597 223
3598 2682
3598 3598
3598 695
3598 2406
3598 2914
3598 2991
3598 3325
3598 8
3598 294
3598 338
3599 3599
3599 2508
3599 3131
3599 618
3599 989
3599 2221
3599 2496
3599 2899
3599 2958
3599 3258
3600 3600
3600 916
3600 1667
3600 2210
3600 2537
3600 3675
3600 3819
3600 50
3600 111
3600 130
3601 3601
3601 3040
3601 609
3601 1667
3601 365
3601 378
3601 2721
3601 3612
3601 3539
3601 1035
3602 3602
3602 1974
3602 2210
3602 3119
3602 365
3602 378
3602 624
3602 695
3602 875
3602 1188
3603 3603
3603 1349
3603 2248
3603 179
3603 3872
3603 3925
3603 62
3603 296
3603 397
3603 533
3604 3604
3604 644
3604 61
3604 401
3604 1964
3604 374
3604 625
3604 804
3604 44
3604 1230
3605 3605
3605 422
3605 788
3605 1079
3605 1889
3605 2846
3605 8
3605 188
3605 294
3605 338
3606 3606
3606 2698
3606 1608
3606 1837
3606 1557
3606 1503
3606 430
3606 1174
3606 1157
3606 2753
3607 3123
3607 3607
3607 1336
3607 2560
3607 3241
3607 3683
3607 310
3607 2252
3607 3122
3607 3133
3608 8
3608 294
3608 338
3608 387
3608 557
3608 773
3608 920
3608 1180
3608 1278
3608 1366
3609 3609
3609 2914
3609 2991
3609 8
3609 109
3609 294
3609 338
3609 387
3609 557
3609 773
3610 3610
3610 1775
3610 8
3610 294
3610 338
3610 387
3610 557
3610 686
3610 707
3610 773
3611 3611
3611 1344
3611 505
3611 1224
3611 3000
3611 312
3611 2483
3611 2612
3611 3937
3611 7
3612 378
3612 2721
3612 3612
3612 8
3612 294
3612 335
3612 338
3612 387
3612 557
3612 773
3613 3613
3613 1179
3613 8
3613 294
3613 338
3613 387
3613 557
3613 755
3613 773
3613 920
3614 3614
3614 1610
3614 37
3614 801
3614 3747
3614 2437
3614 650
3614 991
3614 1496
3614 2454
3615 3615
3615 371
3615 3296
3615 3959
3615 475
3615 3781
3615 742
3615 542
3615 2579
3615 3256
3616 3616
3616 3975
3616 650
3616 918
3616 991
3616 2845
3616 3966
3616 1723
3616 3674
3616 2661
3617 3617
3617 4029
3617 767
3617 4050
3617 2496
3617 2958
3617 3126
3617 3306
3617 989
3617 1723
3618 3618
3618 314
3618 92
3618 1017
3618 2272
3618 2788
3618 2858
3618 3056
3618 3331
3618 1179
3619 3619
3619 2992
3619 3126
3619 3306
3619 1704
3619 1179
3619 8
3619 294
3619 338
3619 387
3620 3620
3620 2252
3620 1211
3620 1325
3620 2180
3620 2305
3620 2475
3620 2860
3620 3134
3620 3364
3621 3621
3621 253
3621 2956
3621 2989
3621 1007
3621 1305
3621 2765
3621 3013
3621 1030
3621 1353
3622 3622
3622 3557
3622 312
3622 1353
3622 1404
3622 2308
3622 2612
3622 2890
3622 3802
3622 8
3623 3623
3623 2980
3623 3751
3623 3792
3623 3298
3623 2678
3623 1362
3623 1976
3623 1662
3623 3502
3624 3624
3624 1892
3624 989
3624 2221
3624 2496
3624 2958
3624 8
3624 294
3624 338
3624 387
3625 3625
3625 3140
3625 2233
3625 3688
3625 849
3625 2447
3625 2071
3625 850
3625 597
3625 3716
3626 3626
3626 126
3626 875
3626 1299
3626 1634
3626 2190
3626 8
3626 134
3626 179
3626 294
3627 3627
3627 2362
3627 1987
3627 1153
3627 1374
3627 3626
3627 1522
3627 2537
3627 2661
3627 3326
3628 3628
3628 2883
3628 1211
3628 2180
3628 2825
3628 3134
3628 8
3628 294
3628 338
3628 387
3629 3629
3629 3938
3629 3049
3629 2046
3629 3671
3629 8
3629 48
3629 294
3629 338
3629 387
3630 3630
3630 2744
3630 305
3630 1604
3630 3543
3630 2404
3630 144
3630 378
3630 624
3630 733
3631 3631
3631 2550
3631 650
3631 991
3631 1030
3631 1353
3631 1404
3631 1514
3631 2413
3631 2552
3632 3632
3632 2981
3632 42
3632 875
3632 1299
3632 2190
3632 1289
3632 1392
3632 1478
3632 2216
3633 3633
3633 8
3633 294
3633 338
3633 387
3633 557
3633 773
3633 920
3633 1180
3633 1278
3634 3634
3634 2447
3634 2279
3634 750
3634 3688
3634 555
3634 3716
3634 850
3634 1736
3634 821
3635 3635
3635 1974
3635 2210
3635 134
3635 378
3635 624
3635 875
3635 1299
3635 2190
3635 2462
3636 3636
3636 3541
3636 3931
3636 8
3636 294
3636 338
3636 387
3636 557
3636 593
3636 773
3637 3637
3637 636
3637 888
3637 1310
3637 2049
3637 1759
3637 3229
3637 2983
3637 2857
3637 2701
3638 3638
3638 4022
3638 778
3638 2879
3638 2795
3638 3682
3638 1829
3638 3576
3638 634
3638 65
3639 3639
3639 2926
3639 561
3639 2284
3639 272
3639 733
3639 995
3639 1211
3639 1353
3639 1404
3640 3640
3640 2885
3640 1974
3640 2083
3640 2210
3640 2159
3640 3126
3640 3306
3640 3512
3640 324
3641 1292
3641 3641
3641 8
3641 294
3641 338
3641 387
3641 557
3641 760
3641 773
3641 920
3642 3642
3642 2914
3642 2991
3642 8
3642 294
3642 338
3642 387
3642 557
3642 773
3642 920
3643 3643
3643 1211
3643 2180
3643 3134
3643 1136
3643 1316
3643 1700
3643 2556
3643 3398
3643 8
3644 3644
3644 1627
3644 426
3644 2286
3644 1829
3644 634
3644 3576
3644 3113
3644 130
3644 1849
3645 3645
3645 804
3645 3898
3645 179
3645 345
3645 2767
3645 3518
3645 62
3645 296
3645 324
3646 3646
3646 3943
3646 883
3646 602
3646 1393
3646 2191
3646 3131
3646 2015
3646 2601
3646 1877
3647 1249
3647 3647
3647 685
3647 170
3647 1211
3647 1289
3647 1392
3647 1478
3647 2180
3647 2914
3648 3648
3648 601
3648 1456
3648 1179
3648 8
3648 294
3648 338
3648 387
3648 557
3648 623
3649 3649
3649 875
3649 1299
3649 2190
3649 8
3649 134
3649 179
3649 294
3649 335
3649 338
3650 3650
3650 68
3650 2282
3650 3020
3650 2766
3650 2173
3650 3923
3650 3460
3650 1174
3650 2175
3651 3651
3651 1095
3651 1137
3651 2782
3651 3928
3651 1711
3651 588
3651 9
3651 36
3651 3326
3652 3652
3652 2811
3652 1187
3652 3411
3652 2881
3652 3362
3652 1999
3652 657
3652 1983
3652 358
3653 3653
3653 2601
3653 959
3653 989
3653 1047
3653 2221
3653 1179
3653 2496
3653 2958
3653 8
3654 3654
3654 4047
3654 1893
3654 3679
3654 2378
3654 1494
3654 1470
3654 3218
3654 259
3654 3130
3655 3655
3655 2469
3655 368
3655 1721
3655 72
3655 588
3655 3410
3655 4005
3655 36
3655 1107
3656 3656
3656 2276
3656 2845
3656 8
3656 186
3656 294
3656 338
3656 387
3656 557
3656 773
3657 3657
3657 2122
3657 3565
3657 2932
3657 2952
3657 1680
3657 2767
3657 2104
3657 811
3657 1519
3658 3658
3658 875
3658 1299
3658 2190
3658 8
3658 134
3658 179
3658 294
3658 338
3658 387
3659 3659
3659 1260
3659 300
3659 776
3659 2529
3659 1841
3659 3769
3659 996
3659 1781
3659 2016
3660 3660
3660 2916
3660 28
3660 3110
3660 3442
3660 4033
3660 542
3660 20
3660 2796
3660 1435
3661 3661
3661 1567
3661 2870
3661 3045
3661 3419
3661 2925
3661 444
3661 3271
3661 2041
3661 96
3662 3662
3662 378
3662 2721
3662 3612
3662 8
3662 294
3662 335
3662 338
3662 387
3662 557
3663 3663
3663 913
3663 378
3663 2406
3663 2468
3663 2721
3663 3543
3663 3612
3663 3662
3663 8
3664 85
3664 3664
3664 2960
3664 3131
3664 3226
3664 2496
3664 2958
3664 650
3664 989
3664 991
3665 3665
3665 976
3665 2548
3665 378
3665 885
3665 1190
3665 1353
3665 1404
3665 1786
3665 2027
3666 3666
3666 1986
3666 1708
3666 320
3666 192
3666 2228
3666 2326
3666 3
3666 3768
3666 3970
3667 3667
3667 50
3667 2821
3667 3085
3667 8
3667 294
3667 338
3667 387
3667 557
3667 773
3668 3668
3668 3990
3668 370
3668 650
3668 991
3668 1889
3668 2406
3668 2887
3668 1777
3668 2883
3669 3669
3669 1179
3669 8
3669 294
3669 338
3669 387
3669 557
3669 755
3669 773
3669 920
3670 3670
3670 2127
3670 1301
3670 2241
3670 843
3670 468
3670 650
3670 989
3670 991
3670 1539
3671 3671
3671 3049
3671 8
3671 294
3671 338
3671 387
3671 557
3671 773
3671 920
3671 1180
3672 3672
3672 609
3672 2317
3672 2923
3672 3870
3672 3994
3672 468
3672 875
3672 1299
3672 2074
3673 2304
3673 3673
3673 1035
3673 8
3673 294
3673 338
3673 387
3673 557
3673 773
3673 920
3674 3674
3674 3975
3674 650
3674 991
3674 8
3674 294
3674 338
3674 387
3674 557
3674 677
3675 3675
3675 2210
3675 378
3675 629
3675 1153
3675 1215
3675 2721
3675 2846
3675 2914
3675 2991
3676 3676
3676 225
3676 2654
3676 1171
3676 2352
3676 3202
3676 3868
3676 408
3676 729
3676 732
3677 3677
3677 3006
3677 2901
3677 134
3677 3178
3677 378
3677 875
3677 882
3677 989
3677 1299
3678 333
3678 3678
3678 3543
3678 378
3678 2721
3678 3556
3678 3612
3678 8
3678 294
3678 335
3679 3679
3679 1494
3679 1893
3679 2378
3679 3654
3679 2953
3679 1625
3679 291
3679 4047
3679 3218
3680 3680
3680 499
3680 4001
3680 1097
3680 2394
3680 3970
3680 1204
3680 1331
3680 3624
3680 989
3681 3681
3681 2857
3681 888
3681 2049
3681 973
3681 3229
3681 2983
3681 1759
3681 2694
3681 3637
3682 3682
3682 634
3682 2795
3682 177
3682 3470
3682 1829
3682 2282
3682 3460
3682 334
3682 2173
3683 2560
3683 3683
3683 8
3683 294
3683 338
3683 343
3683 387
3683 557
3683 773
3683 920
3684 3684
3684 2196
3684 954
3684 335
3684 378
3684 1017
3684 1360
3684 2272
3684 2721
3684 2858
3685 3685
3685 1274
3685 1212
3685 882
3685 1393
3685 1815
3685 3188
3685 243
3685 104
3685 117
3686 3686
3686 8
3686 294
3686 338
3686 387
3686 557
3686 686
3686 773
3686 920
3686 1180
3687 3687
3687 1463
3687 335
3687 1192
3687 3040
3687 3119
3687 365
3687 378
3687 538
3687 586
3688 3688
3688 849
3688 2071
3688 2447
3688 1039
3688 3716
3688 1270
3688 1759
3688 821
3688 2279
3689 3689
3689 1353
3689 1404
3689 2386
3689 2790
3689 8
3689 294
3689 338
3689 387
3689 551
3690 3690
3690 442
3690 731
3690 875
3690 1299
3690 1634
3690 2190
3690 2914
3690 2991
3690 3944
3691 3691
3691 2132
3691 3117
3691 391
3691 1556
3691 98
3691 1426
3691 867
3691 1993
3691 1728
3692 3692
3692 3694
3692 3948
3692 80
3692 1179
3692 8
3692 179
3692 294
3692 338
3692 378
3693 3463
3693 3693
3693 2562
3693 1136
3693 1316
3693 1700
3693 2556
3693 3398
3693 527
3693 650
3694 3694
3694 3692
3694 3948
3694 179
3694 3040
3694 3920
3694 1443
3694 3193
3694 62
3694 248
3695 3695
3695 378
3695 733
3695 995
3695 2707
3695 2721
3695 2810
3695 3612
3695 8
3695 290
3696 3696
3696 533
3696 179
3696 583
3696 3920
3696 62
3696 81
3696 296
3696 397
3696 650
3697 3697
3697 3252
3697 402
3697 635
3697 959
3697 1017
3697 1456
3697 1830
3697 1889
3697 2272
3698 3698
3698 2605
3698 2489
3698 1786
3698 650
3698 875
3698 991
3698 1299
3698 1353
3698 1404
3699 3699
3699 2816
3699 2701
3699 1745
3699 1306
3699 2580
3699 3307
3699 1533
3699 303
3699 445
3700 3700
3700 1136
3700 1316
3700 1700
3700 2556
3700 3398
3700 8
3700 294
3700 335
3700 338
3701 3701
3701 136
3701 2847
3701 3302
3701 2104
3701 3299
3701 3518
3701 1638
3701 1519
3701 2440
3702 3702
3702 3807
3702 1178
3702 589
3702 343
3702 1980
3702 2252
3702 2883
3702 1767
3702 2295
3703 3133
3703 3703
3703 3058
3703 2560
3703 3683
3703 2474
3703 2914
3703 2991
3703 8
3703 294
3704 3704
3704 650
3704 991
3704 1091
3704 2386
3704 2790
3704 8
3704 186
3704 294
3704 338
3705 3705
3705 3101
3705 3490
3705 1818
3705 3556
3705 3543
3705 904
3705 501
3705 3966
3705 758
3706 3706
3706 3197
3706 767
3706 4050
3706 618
3706 753
3706 2496
3706 2958
3706 989
3706 2221
3707 3707
3707 2271
3707 2463
3707 1128
3707 1353
3707 1404
3707 1692
3707 3755
3707 1136
3707 1316
3708 3708
3708 2695
3708 248
3708 2483
3708 2601
3708 2479
3708 1179
3708 779
3708 870
3708 1975
3709 3501
3709 3709
3709 104
3709 1454
3709 2159
3709 2705
3709 3512
3709 1519
3709 2440
3709 3850
3710 3282
3710 3710
3710 94
3710 1831
3710 3413
3710 343
3710 8
3710 294
3710 338
3710 387
3711 3711
3711 3520
3711 3031
3711 2402
3711 2645
3711 1262
3711 2253
3711 3
3711 518
3711 988
3712 3712
3712 230
3712 345
3712 956
3712 2530
3712 62
3712 650
3712 959
3712 991
3712 1705
3713 3713
3713 2464
3713 1013
3713 2342
3713 1754
3713 370
3713 3988
3713 704
3713 414
3713 1980
3714 3714
3714 104
3714 2357
3714 169
3714 2152
3714 3237
3714 65
3714 718
3714 1781
3714 1786
3715 3715
3715 2861
3715 3116
3715 3250
3715 87
3715 1323
3715 2732
3715 3768
3715 3
3715 3892
3716 3716
3716 1039
3716 3533
3716 2447
3716 1759
3716 1046
3716 3394
3716 2279
3716 555
3716 1736
3717 3717
3717 8
3717 294
3717 338
3717 387
3717 557
3717 773
3717 920
3717 1180
3717 1278
3718 3718
3718 1519
3718 2440
3718 3850
3718 3897
3718 130
3718 217
3718 319
3718 2104
3718 2296
3719 3719
3719 2252
3719 733
3719 851
3719 995
3719 1211
3719 1325
3719 2180
3719 2305
3719 2475
3720 3720
3720 354
3720 2808
3720 8
3720 294
3720 338
3720 387
3720 557
3720 594
3720 773
3721 1430
3721 3721
3721 1035
3721 1190
3721 8
3721 294
3721 338
3721 387
3721 557
3721 773
3722 3722
3722 273
3722 637
3722 893
3722 3322
3722 1115
3722 1393
3722 1661
3722 1723
3722 3330
3723 3723
3723 127
3723 533
3723 2152
3723 2687
3723 2994
3723 3549
3723 2767
3723 704
3723 2252
3724 3724
3724 3779
3724 1279
3724 1342
3724 1849
3724 1786
3724 65
3724 1353
3724 1404
3724 92
3725 3725
3725 2121
3725 389
3725 2412
3725 1908
3725 150
3725 3282
3725 3413
3725 3710
3725 1179
3726 3726
3726 875
3726 1299
3726 1321
3726 2190
3726 8
3726 134
3726 179
3726 294
3726 338
3727 3727
3727 1321
3727 1661
3727 2189
3727 8
3727 294
3727 338
3727 366
3727 387
3727 557
3728 3728
3728 3033
3728 2887
3728 1475
3728 1211
3728 2180
3728 2601
3728 2975
3728 3134
3728 1179
3729 3729
3729 2707
3729 8
3729 134
3729 294
3729 338
3729 387
3729 557
3729 755
3729 771
3730 3730
3730 2514
3730 1377
3730 2504
3730 3245
3730 3643
3730 691
3730 1956
3730 2961
3730 1136
3731 3731
3731 1843
3731 2767
3731 179
3731 62
3731 170
3731 296
3731 397
3731 533
3731 813
3732 3732
3732 2560
3732 3683
3732 1136
3732 1316
3732 1700
3732 2556
3732 3398
3732 319
3732 325
3733 3733
3733 881
3733 3028
3733 965
3733 248
3733 704
3733 729
3733 781
3733 1693
3733 1705
3734 3734
3734 2918
3734 41
3734 875
3734 1204
3734 1299
3734 2005
3734 2190
3734 3098
3734 8
3735 3735
3735 944
3735 1271
3735 2380
3735 3285
3735 3885
3735 1997
3735 193
3735 1729
3735 2437
3736 3736
3736 81
3736 875
3736 1299
3736 1474
3736 2190
3736 3178
3736 8
3736 134
3736 179
3737 3737
3737 3626
3737 126
3737 875
3737 1299
3737 1634
3737 2190
3737 2918
3737 3098
3737 8
3738 3738
3738 3168
3738 252
3738 1060
3738 161
3738 286
3738 335
3738 365
3738 378
3738 609
3739 3739
3739 1889
3739 2845
3739 1196
3739 48
3739 520
3739 3103
3739 3139
3739 3257
3739 8
3740 3740
3740 1294
3740 2658
3740 248
3740 296
3740 882
3740 902
3740 2347
3740 3975
3740 1519
3741 3741
3741 1465
3741 348
3741 1496
3741 2306
3741 2454
3741 3320
3741 3325
3741 1179
3741 8
3742 3742
3742 2447
3742 2997
3742 849
3742 3394
3742 1039
3742 3688
3742 3533
3742 821
3742 1736
3743 3743
3743 3264
3743 130
3743 1232
3743 3332
3743 1082
3743 319
3743 533
3743 875
3743 1190
3744 3744
3744 2919
3744 2281
3744 1165
3744 2139
3744 8
3744 294
3744 338
3744 387
3744 520
3745 3745
3745 2194
3745 447
3745 3475
3745 4026
3745 1040
3745 3062
3745 917
3745 1570
3745 979
3746 3746
3746 1353
3746 1404
3746 1831
3746 1880
3746 2001
3746 2685
3746 8
3746 34
3746 294
3747 801
3747 3747
3747 650
3747 991
3747 1289
3747 1392
3747 1478
3747 1496
3747 2454
3747 2893
3748 3748
3748 3848
3748 138
3748 1276
3748 2232
3748 1031
3748 135
3748 3121
3748 2791
3748 538
3749 3749
3749 1012
3749 1556
3749 288
3749 44
3749 248
3749 1964
3749 175
3749 296
3749 1393
3750 3750
3750 8
3750 294
3750 338
3750 387
3750 557
3750 773
3750 920
3750 1180
3750 1278
3751 3751
3751 3623
3751 2980
3751 3792
3751 3298
3751 1662
3751 2678
3751 1976
3751 1362
3751 1904
3752 3752
3752 8
3752 294
3752 338
3752 387
3752 557
3752 773
3752 920
3752 1180
3752 1278
3753 3753
3753 8
3753 294
3753 338
3753 387
3753 557
3753 773
3753 920
3753 1180
3753 1278
3754 3754
3754 731
3754 1153
3754 1215
3754 1688
3754 1889
3754 2846
3754 2914
3754 2991
3754 8
3755 3755
3755 1831
3755 1136
3755 1316
3755 1700
3755 2556
3755 3398
3755 8
3755 294
3755 338
3756 3756
3756 3393
3756 1353
3756 1404
3756 8
3756 294
3756 338
3756 387
3756 428
3756 551
3757 3757
3757 3802
3757 156
3757 1332
3757 1353
3757 1404
3757 1786
3757 2658
3757 2897
3757 3094
3758 3758
3758 2907
3758 3058
3758 3569
3758 3133
3758 3703
3758 1190
3758 2210
3758 2914
3758 2991
3759 3759
3759 312
3759 1496
3759 2454
3759 2612
3759 2914
3759 2991
3759 3178
3759 3320
3759 8
3760 3760
3760 956
3760 1725
3760 2968
3760 1474
3760 134
3760 179
3760 230
3760 1287
3760 1541
3761 3761
3761 1496
3761 2308
3761 2454
3761 3320
3761 8
3761 294
3761 338
3761 387
3761 557
3762 839
3762 3762
3762 775
3762 179
3762 3021
3762 296
3762 62
3762 397
3762 533
3762 813
3763 3763
3763 179
3763 62
3763 296
3763 397
3763 533
3763 813
3763 875
3763 1299
3763 2190
3764 3764
3764 3477
3764 3014
3764 280
3764 2601
3764 2627
3764 733
3764 851
3764 995
3764 1211
3765 3765
3765 3299
3765 92
3765 2914
3765 2991
3765 3085
3765 3178
3765 1519
3765 2440
3765 3850
3766 3766
3766 2671
3766 2123
3766 2104
3766 2623
3766 230
3766 248
3766 2530
3766 2601
3766 3226
3767 3767
3767 3908
3767 169
3767 1443
3767 2385
3767 3193
3767 533
3767 767
3767 4050
3767 1060
3768 3768
3768 3
3768 3892
3768 2679
3768 343
3768 2252
3768 732
3768 3202
3768 3292
3768 3868
3769 3769
3769 2210
3769 378
3769 2721
3769 2914
3769 2991
3769 3612
3769 8
3769 294
3769 335
3770 3770
3770 2601
3770 1787
3770 1179
3770 7
3770 8
3770 294
3770 338
3770 387
3770 557
3771 3771
3771 1871
3771 3732
3771 1136
3771 1316
3771 1700
3771 2556
3771 3398
3771 1128
3771 2104
3772 3772
3772 2650
3772 296
3772 1889
3772 2887
3772 3763
3772 3937
3772 8
3772 179
3772 248
3773 3773
3773 358
3773 858
3773 657
3773 1983
3773 2900
3773 2722
3773 3073
3773 947
3773 1779
3774 3774
3774 8
3774 294
3774 338
3774 387
3774 557
3774 773
3774 920
3774 1180
3774 1278
3775 3775
3775 3199
3775 877
3775 3107
3775 402
3775 1097
3775 8
3775 186
3775 294
3775 338
3776 3776
3776 3178
3776 8
3776 294
3776 338
3776 387
3776 557
3776 720
3776 773
3776 822
3777 3777
3777 2152
3777 729
3777 1022
3777 2252
3777 319
3777 851
3777 1195
3777 1211
3777 1325
3778 1898
3778 2937
3778 3778
3778 2406
3778 3937
3778 179
3778 3056
3778 8
3778 230
3778 294
3779 3779
3779 3724
3779 65
3779 92
3779 186
3779 650
3779 991
3779 1353
3779 1404
3779 1456
3780 3780
3780 1422
3780 3951
3780 2772
3780 3053
3780 699
3780 1179
3780 8
3780 109
3780 111
3781 3781
3781 3502
3781 1277
3781 742
3781 788
3781 3769
3781 2210
3781 3119
3781 3346
3781 1974
3782 3782
3782 1970
3782 733
3782 851
3782 995
3782 1128
3782 2135
3782 2810
3782 3719
3782 4040
3783 3783
3783 829
3783 3980
3783 2953
3783 414
3783 1128
3783 704
3783 1626
3783 2252
3783 2357
3784 3784
3784 8
3784 294
3784 338
3784 387
3784 557
3784 773
3784 920
3784 1180
3784 1278
3785 3785
3785 819
3785 1654
3785 906
3785 3396
3785 1237
3785 319
3785 2953
3785 343
3785 618
3786 3786
3786 2305
3786 132
3786 572
3786 729
3786 2252
3786 157
3786 319
3786 851
3786 1211
3787 3787
3787 2537
3787 111
3787 875
3787 1299
3787 1321
3787 2190
3787 2292
3787 2846
3787 8
3788 3788
3788 1128
3788 2171
3788 2601
3788 286
3788 319
3788 325
3788 851
3788 1353
3788 1404
3789 3789
3789 2238
3789 497
3789 702
3789 468
3789 1393
3789 1889
3789 2643
3789 2845
3789 3178
3790 3790
3790 181
3790 1152
3790 1499
3790 243
3790 213
3790 1970
3790 1179
3790 8
3790 104
3791 3791
3791 1615
3791 1889
3791 2914
3791 2991
3791 8
3791 294
3791 338
3791 387
3791 557
3792 3792
3792 3623
3792 2980
3792 3751
3792 3298
3792 2678
3792 1362
3792 1976
3792 1662
3792 1756
3793 3793
3793 92
3793 157
3793 964
3793 3049
3793 3318
3793 3671
3793 1179
3793 8
3793 188
3794 3794
3794 2695
3794 428
3794 1353
3794 1357
3794 1404
3794 1786
3794 2188
3794 2386
3794 2483
3795 3795
3795 2661
3795 62
3795 92
3795 642
3795 650
3795 875
3795 991
3795 1299
3795 2190
3796 3796
3796 468
3796 1889
3796 8
3796 294
3796 338
3796 387
3796 497
3796 557
3796 773
3797 3797
3797 312
3797 1688
3797 2612
3797 8
3797 294
3797 338
3797 387
3797 557
3797 593
3798 3798
3798 1334
3798 8
3798 294
3798 338
3798 387
3798 557
3798 773
3798 920
3798 1180
3799 3799
3799 239
3799 164
3799 3279
3799 230
3799 618
3799 956
3799 2615
3799 2800
3799 8
3800 116
3800 3800
3800 3934
3800 3056
3800 650
3800 991
3800 1307
3800 2483
3800 7
3800 8
3801 3801
3801 414
3801 729
3801 2252
3801 2713
3801 4051
3801 111
3801 157
3801 170
3801 319
3802 3802
3802 1353
3802 1404
3802 8
3802 294
3802 338
3802 387
3802 551
3802 557
3802 773
3803 3803
3803 3784
3803 2444
3803 2347
3803 2075
3803 1136
3803 1316
3803 1700
3803 2556
3803 3398
3804 3804
3804 1289
3804 1392
3804 1478
3804 3863
3804 1179
3804 8
3804 294
3804 338
3804 387
3805 3805
3805 2655
3805 875
3805 1299
3805 2154
3805 2190
3805 3649
3805 8
3805 134
3805 179
3806 3806
3806 2909
3806 1936
3806 620
3806 161
3806 2537
3806 104
3806 111
3806 875
3806 1047
3807 3807
3807 1178
3807 3702
3807 589
3807 1209
3807 1980
3807 2883
3807 343
3807 2252
3807 3364
3808 3808
3808 3167
3808 2845
3808 875
3808 1299
3808 2190
3808 1931
3808 2537
3808 3560
3808 161
3809 3809
3809 813
3809 104
3809 179
3809 248
3809 62
3809 296
3809 397
3809 533
3809 875
3810 1455
3810 3810
3810 420
3810 2075
3810 3422
3810 8
3810 294
3810 338
3810 387
3810 557
3811 3811
3811 1335
3811 157
3811 104
3811 208
3811 284
3811 692
3811 1524
3811 2241
3811 2691
3812 3812
3812 1581
3812 1393
3812 1661
3812 1723
3812 1889
3812 3188
3812 80
3812 1179
3812 893
3813 3813
3813 3531
3813 58
3813 299
3813 2240
3813 3906
3813 2402
3813 1415
3813 2253
3813 3711
3814 3814
3814 3258
3814 8
3814 294
3814 338
3814 387
3814 557
3814 592
3814 773
3814 920
3815 3815
3815 3064
3815 3392
3815 2959
3815 1321
3815 3303
3815 8
3815 294
3815 338
3815 366
3816 3816
3816 394
3816 3253
3816 877
3816 3199
3816 739
3816 1688
3816 2911
3816 3178
3816 8
3817 3817
3817 3537
3817 218
3817 1540
3817 281
3817 801
3817 2191
3817 3747
3817 699
3817 159
3818 3818
3818 3212
3818 230
3818 248
3818 561
3818 2800
3818 2883
3818 3476
3818 75
3818 705
3819 3819
3819 1667
3819 378
3819 569
3819 1211
3819 2180
3819 2475
3819 2721
3819 3134
3819 3139
3820 3820
3820 325
3820 2347
3820 691
3820 2832
3820 1136
3820 1316
3820 1700
3820 2556
3820 3398
3821 3821
3821 1202
3821 1516
3821 2188
3821 381
3821 517
3821 733
3821 840
3821 995
3821 1030
3822 3822
3822 1586
3822 2112
3822 3574
3822 583
3822 1784
3822 2601
3822 3057
3822 3626
3822 414
3823 3823
3823 1496
3823 2454
3823 2893
3823 3320
3823 8
3823 294
3823 338
3823 387
3823 557
3824 514
3824 3824
3824 2560
3824 3683
3824 1128
3824 8
3824 240
3824 294
3824 338
3824 343
3825 3825
3825 580
3825 650
3825 991
3825 8
3825 294
3825 338
3825 387
3825 557
3825 773
3826 3826
3826 3266
3826 2658
3826 92
3826 568
3826 650
3826 991
3826 2808
3826 2601
3826 2791
3827 3827
3827 2234
3827 92
3827 402
3827 568
3827 650
3827 918
3827 991
3827 2887
3827 1179
3828 3828
3828 3173
3828 301
3828 3857
3828 1016
3828 2578
3828 3208
3828 1333
3828 626
3828 2592
3829 8
3829 294
3829 338
3829 387
3829 557
3829 773
3829 920
3829 1180
3829 1278
3829 1366
3830 3830
3830 171
3830 8
3830 294
3830 338
3830 387
3830 557
3830 593
3830 650
3830 773
3831 3831
3831 3415
3831 737
3831 3514
3831 2920
3831 1622
3831 3104
3831 2006
3831 1744
3831 1741
3832 3832
3832 381
3832 989
3832 1030
3832 1831
3832 2221
3832 2914
3832 2991
3832 2496
3832 2958
3833 1607
3833 3833
3833 179
3833 1443
3833 3193
3833 62
3833 296
3833 397
3833 533
3833 813
3834 3834
3834 2710
3834 3308
3834 4054
3834 310
3834 1022
3834 1767
3834 1980
3834 2252
3834 2295
3835 3835
3835 740
3835 875
3835 1299
3835 1831
3835 2190
3835 2326
3835 3178
3835 3294
3835 8
3836 3836
3836 1017
3836 2272
3836 2845
3836 2858
3836 3178
3836 8
3836 294
3836 338
3836 387
3837 3837
3837 2483
3837 3231
3837 7
3837 8
3837 294
3837 338
3837 387
3837 520
3837 557
3838 3838
3838 1477
3838 1587
3838 1382
3838 2453
3838 3354
3838 4003
3838 443
3838 3285
3838 2230
3839 3839
3839 8
3839 294
3839 338
3839 387
3839 557
3839 773
3839 920
3839 1180
3839 1278
3840 3840
3840 3359
3840 740
3840 3835
3840 3975
3840 363
3840 650
3840 700
3840 918
3840 991
3841 3841
3841 1698
3841 2585
3841 3971
3841 1303
3841 3543
3841 378
3841 2083
3841 2721
3841 3612
3842 3842
3842 3716
3842 2447
3842 2279
3842 1039
3842 3533
3842 1736
3842 1759
3842 385
3842 1174
3843 3843
3843 8
3843 294
3843 338
3843 387
3843 557
3843 773
3843 920
3843 1180
3843 1197
3844 3844
3844 875
3844 1299
3844 1634
3844 1786
3844 2190
3844 8
3844 134
3844 179
3844 294
3845 3845
3845 3195
3845 2667
3845 341
3845 325
3845 1128
3845 2171
3845 1877
3845 2953
3845 3280
3846 3846
3846 2927
3846 3312
3846 1456
3846 1982
3846 2204
3846 2230
3846 2330
3846 1179
3846 8
3847 3847
3847 2977
3847 564
3847 2719
3847 1030
3847 208
3847 109
3847 22
3847 551
3847 593
3848 3848
3848 3748
3848 1276
3848 138
3848 2232
3848 1031
3848 135
3848 3121
3848 65
3848 1354
3849 3849
3849 593
3849 3113
3849 40
3849 1854
3849 575
3849 854
3849 1289
3849 1392
3849 1478
3850 1519
3850 2440
3850 3850
3850 2914
3850 2991
3850 1179
3850 8
3850 104
3850 109
3850 208
3851 925
3851 3851
3851 81
3851 8
3851 294
3851 338
3851 387
3851 557
3851 592
3851 720
3852 3852
3852 2911
3852 3381
3852 739
3852 707
3852 1006
3852 1353
3852 1393
3852 1404
3852 1889
3853 3853
3853 65
3853 204
3853 2248
3853 3273
3853 179
3853 188
3853 255
3853 954
3853 1786
3854 3854
3854 1466
3854 443
3854 1382
3854 1587
3854 4003
3854 1703
3854 3207
3854 736
3854 148
3855 3855
3855 2408
3855 2884
3855 1103
3855 3003
3855 414
3855 2475
3855 3354
3855 3364
3855 245
3856 2665
3856 3856
3856 527
3856 663
3856 1289
3856 1392
3856 1478
3856 1810
3856 1875
3856 2769
3857 3857
3857 301
3857 550
3857 65
3857 1782
3857 1786
3857 1849
3857 2793
3857 3173
3857 3517
3858 3858
3858 2567
3858 231
3858 2837
3858 3529
3858 419
3858 2528
3858 3457
3858 3068
3858 2814
3859 3859
3859 1495
3859 2572
3859 2150
3859 2089
3859 2978
3859 248
3859 650
3859 991
3859 3937
3860 3027
3860 3860
3860 8
3860 294
3860 338
3860 387
3860 557
3860 623
3860 773
3860 920
3861 3861
3861 325
3861 1128
3861 2104
3861 2171
3861 2914
3861 2991
3861 1136
3861 1316
3861 1700
3862 3862
3862 8
3862 294
3862 338
3862 343
3862 387
3862 557
3862 773
3862 920
3862 1180
3863 3863
3863 319
3863 851
3863 1128
3863 3804
3863 1179
3863 2560
3863 3683
3863 8
3863 186
3864 8
3864 294
3864 338
3864 387
3864 557
3864 773
3864 920
3864 1180
3864 1278
3864 1366
3865 3865
3865 1126
3865 1353
3865 1404
3865 2631
3865 3178
3865 1179
3865 8
3865 294
3865 338
3866 3866
3866 422
3866 563
3866 3220
3866 3675
3866 173
3866 1153
3866 1215
3866 2846
3866 2914
3867 3867
3867 500
3867 3620
3867 2560
3867 3683
3867 1614
3867 2252
3867 3364
3867 8
3867 294
3868 3202
3868 3868
3868 2252
3868 732
3868 2560
3868 3292
3868 3683
3868 1211
3868 1325
3868 1889
3869 3869
3869 100
3869 1256
3869 109
3869 339
3869 1460
3869 2601
3869 104
3869 1391
3869 1902
3870 3870
3870 3672
3870 161
3870 126
3870 363
3870 586
3870 609
3870 731
3870 875
3870 1115
3871 3871
3871 402
3871 650
3871 731
3871 991
3871 8
3871 294
3871 335
3871 338
3871 387
3872 3872
3872 3925
3872 3966
3872 8
3872 294
3872 338
3872 387
3872 557
3872 773
3872 920
3873 3873
3873 3061
3873 3454
3873 1522
3873 2485
3873 3132
3873 418
3873 1153
3873 1215
3873 1646
3874 3874
3874 2547
3874 3523
3874 344
3874 1530
3874 3188
3874 3569
3874 788
3874 0
3874 857
3875 3875
3875 1496
3875 2454
3875 3320
3875 8
3875 294
3875 338
3875 387
3875 557
3875 638
3876 3876
3876 2587
3876 170
3876 761
3876 875
3876 1232
3876 1299
3876 2190
3876 2779
3876 8
3877 3877
3877 375
3877 573
3877 3497
3877 4033
3877 363
3877 378
3877 586
3877 1545
3877 2721
3878 3878
3878 726
3878 2796
3878 91
3878 444
3878 93
3878 361
3878 2575
3878 2041
3878 2449
3879 3879
3879 947
3879 358
3879 2704
3879 858
3879 1718
3879 1983
3879 2908
3879 3878
3879 657
3880 3880
3880 989
3880 2221
3880 3303
3880 2496
3880 2958
3880 8
3880 294
3880 338
3880 387
3881 3881
3881 160
3881 3208
3881 2578
3881 1882
3881 1800
3881 2283
3881 3169
3881 3828
3881 3923
3882 3882
3882 3968
3882 2452
3882 624
3882 1989
3882 957
3882 1028
3882 1982
3882 2073
3882 2169
3883 3883
3883 3927
3883 2961
3883 1956
3883 1019
3883 2903
3883 319
3883 343
3883 1460
3883 162
3884 3884
3884 2270
3884 2483
3884 7
3884 8
3884 294
3884 338
3884 387
3884 557
3884 773
3885 3885
3885 3285
3885 2133
3885 2985
3885 3978
3885 2631
3885 2483
3885 1997
3885 2745
3885 2949
3886 3886
3886 1716
3886 2152
3886 1519
3886 2440
3886 3850
3886 319
3886 1153
3886 2475
3886 414
3887 3887
3887 3562
3887 329
3887 3532
3887 2203
3887 3118
3887 1792
3887 2080
3887 1515
3887 1983
3888 3888
3888 1685
3888 546
3888 447
3888 3475
3888 4026
3888 2628
3888 3745
3888 2194
3888 1904
3889 3889
3889 48
3889 1567
3889 1153
3889 2210
3889 2537
3889 3893
3889 1667
3889 422
3889 875
3890 3890
3890 1411
3890 2284
3890 157
3890 1179
3890 8
3890 188
3890 217
3890 294
3890 312
3891 3891
3891 179
3891 62
3891 296
3891 397
3891 533
3891 813
3891 875
3891 1299
3891 1688
3892 3892
3892 2679
3892 3
3892 3768
3892 343
3892 2252
3892 3282
3892 3710
3892 1980
3892 94
3893 3893
3893 2914
3893 2991
3893 3085
3893 3258
3893 8
3893 294
3893 338
3893 387
3893 557
3894 3894
3894 335
3894 1970
3894 378
3894 510
3894 586
3894 609
3894 733
3894 851
3894 995
3895 3895
3895 1935
3895 844
3895 1064
3895 884
3895 1467
3895 2091
3895 2792
3895 2565
3895 1126
3896 3080
3896 3896
3896 1136
3896 1316
3896 1700
3896 2556
3896 3398
3896 691
3896 8
3896 294
3897 3897
3897 1179
3897 8
3897 294
3897 338
3897 387
3897 557
3897 773
3897 920
3897 1180
3898 3898
3898 324
3898 650
3898 801
3898 991
3898 1289
3898 1392
3898 1478
3898 2914
3898 2991
3899 3899
3899 3119
3899 378
3899 1024
3899 2046
3899 2721
3899 3258
3899 3612
3899 8
3899 294
3900 3900
3900 1085
3900 1931
3900 3051
3900 650
3900 801
3900 875
3900 908
3900 991
3900 1289
3901 3901
3901 1223
3901 1136
3901 1316
3901 1700
3901 2556
3901 3398
3901 335
3901 961
3901 2104
3902 3902
3902 2763
3902 551
3902 1165
3902 1211
3902 1460
3902 1667
3902 1894
3902 1931
3902 2139
3903 3903
3903 827
3903 163
3903 3893
3903 2152
3903 2713
3903 3097
3903 1567
3903 48
3903 1259
3904 3904
3904 379
3904 3040
3904 3500
3904 335
3904 445
3904 2845
3904 490
3904 650
3904 918
3905 3905
3905 1634
3905 286
3905 961
3905 1786
3905 3499
3905 3626
3905 126
3905 533
3905 875
3906 3906
3906 58
3906 2240
3906 3531
3906 299
3906 1415
3906 3813
3906 2402
3906 3858
3906 231
3907 3907
3907 114
3907 3763
3907 179
3907 1097
3907 3920
3907 62
3907 296
3907 397
3907 533
3908 3908
3908 3767
3908 169
3908 767
3908 4050
3908 1443
3908 3193
3908 179
3908 284
3908 533
3909 3909
3909 3447
3909 3672
3909 3346
3909 2992
3909 1906
3909 707
3909 875
3909 1006
3909 1299
3910 963
3910 3910
3910 81
3910 875
3910 1299
3910 2190
3910 3178
3910 3258
3910 8
3910 134
3911 3911
3911 3382
3911 1064
3911 2836
3911 1301
3911 1628
3911 843
3911 2352
3911 3670
3911 801
3912 3912
3912 1250
3912 328
3912 833
3912 169
3912 186
3912 261
3912 686
3912 718
3912 1027
3913 3913
3913 1353
3913 1404
3913 8
3913 294
3913 338
3913 387
3913 551
3913 557
3913 773
3914 3914
3914 378
3914 402
3914 2721
3914 3612
3914 8
3914 294
3914 335
3914 338
3914 387
3915 3915
3915 2892
3915 3103
3915 1831
3915 8
3915 294
3915 338
3915 343
3915 378
3915 387
3916 3916
3916 3588
3916 8
3916 294
3916 338
3916 387
3916 557
3916 773
3916 920
3916 1180
3917 3917
3917 3668
3917 520
3917 3990
3917 370
3917 650
3917 991
3917 1705
3917 1775
3917 1831
3918 3918
3918 3247
3918 2944
3918 179
3918 529
3918 3920
3918 3658
3918 3937
3918 62
3918 296
3919 3919
3919 50
3919 266
3919 989
3919 2221
3919 2496
3919 2958
3919 8
3919 294
3919 338
3920 3920
3920 179
3920 62
3920 170
3920 296
3920 397
3920 533
3920 761
3920 813
3920 875
3921 3921
3921 1289
3921 1392
3921 1478
3921 1889
3921 3085
3921 8
3921 294
3921 338
3921 387
3922 3922
3922 2252
3922 1211
3922 1325
3922 2180
3922 2305
3922 2475
3922 2860
3922 3134
3922 3364
3923 3923
3923 220
3923 2282
3923 2457
3923 2175
3923 1503
3923 1174
3923 2766
3923 3542
3923 1157
3924 3924
3924 1226
3924 2086
3924 3803
3924 2329
3924 2601
3924 2959
3924 3897
3924 646
3924 910
3925 3925
3925 3872
3925 1353
3925 1404
3925 3966
3925 8
3925 294
3925 338
3925 387
3925 551
3926 3926
3926 92
3926 538
3926 650
3926 875
3926 918
3926 991
3926 1299
3926 2190
3926 3085
3927 3927
3927 3883
3927 2755
3927 319
3927 104
3927 583
3927 2152
3927 343
3927 1460
3927 2339
3928 3928
3928 3651
3928 1095
3928 588
3928 4005
3928 3637
3928 2701
3928 36
3928 3410
3928 2274
3929 3929
3929 1061
3929 3242
3929 3178
3929 3662
3929 586
3929 2027
3929 3455
3929 2230
3929 8
3930 3930
3930 412
3930 727
3930 1630
3930 3266
3930 3826
3930 366
3930 442
3930 1321
3930 2433
3931 3931
3931 3541
3931 8
3931 294
3931 338
3931 387
3931 557
3931 593
3931 773
3931 920
3932 3932
3932 1210
3932 1767
3932 2004
3932 2295
3932 3308
3932 4014
3932 186
3932 343
3932 704
3933 3933
3933 2188
3933 989
3933 1353
3933 1404
3933 1889
3933 2221
3933 2306
3933 2496
3933 2958
3934 116
3934 3800
3934 3934
3934 3056
3934 650
3934 991
3934 1307
3934 2483
3934 7
3934 8
3935 3935
3935 2360
3935 2215
3935 3675
3935 188
3935 876
3935 1115
3935 2537
3935 2644
3935 3094
3936 3936
3936 8
3936 294
3936 338
3936 387
3936 557
3936 686
3936 773
3936 920
3936 1180
3937 3937
3937 8
3937 179
3937 294
3937 338
3937 387
3937 557
3937 773
3937 920
3937 1180
3938 3938
3938 2046
3938 3049
3938 3671
3938 8
3938 294
3938 338
3938 387
3938 557
3938 773
3939 3939
3939 1003
3939 119
3939 345
3939 1479
3939 230
3939 1073
3939 1541
3939 2581
3939 517
3940 3940
3940 2001
3940 2685
3940 8
3940 294
3940 338
3940 387
3940 557
3940 773
3940 920
3941 3941
3941 1972
3941 2601
3941 3872
3941 157
3941 1393
3941 1889
3941 2683
3941 2843
3941 3318
3942 3942
3942 1393
3942 1889
3942 1179
3942 8
3942 175
3942 248
3942 294
3942 338
3942 387
3943 3943
3943 602
3943 3646
3943 414
3943 1393
3943 2191
3943 2152
3943 2437
3943 2601
3943 3131
3944 3944
3944 875
3944 1299
3944 2190
3944 2914
3944 2991
3944 8
3944 104
3944 134
3944 179
3945 3945
3945 428
3945 9
3945 568
3945 650
3945 991
3945 1353
3945 1404
3945 1456
3945 1688
3946 3568
3946 3946
3946 8
3946 294
3946 338
3946 387
3946 557
3946 773
3946 920
3946 1180
3947 3947
3947 8
3947 294
3947 338
3947 387
3947 557
3947 638
3947 773
3947 920
3947 1180
3948 3948
3948 3692
3948 3694
3948 3920
3948 3040
3948 179
3948 248
3948 378
3948 813
3948 875
3949 3949
3949 2601
3949 312
3949 468
3949 989
3949 1047
3949 1799
3949 2221
3949 2612
3949 2843
3950 3950
3950 205
3950 2013
3950 3126
3950 3306
3950 638
3950 801
3950 1006
3950 1496
3950 2437
3951 3951
3951 3780
3951 1422
3951 109
3951 111
3951 1047
3951 1126
3951 1215
3951 1786
3951 699
3952 3952
3952 442
3952 1030
3952 1353
3952 1404
3952 1634
3952 1661
3952 2433
3952 2860
3952 2914
3953 3953
3953 8
3953 294
3953 338
3953 387
3953 557
3953 773
3953 920
3953 1180
3953 1278
3954 2229
3954 3954
3954 733
3954 995
3954 2810
3954 3215
3954 8
3954 290
3954 294
3954 338
3955 3955
3955 1601
3955 1227
3955 3069
3955 2844
3955 3962
3955 1118
3955 3077
3955 310
3955 2016
3956 3956
3956 106
3956 3385
3956 490
3956 538
3956 788
3956 1025
3956 1971
3956 2237
3956 2779
3957 3957
3957 704
3957 1197
3957 2252
3957 325
3957 1211
3957 1289
3957 1325
3957 1392
3957 1478
3958 3958
3958 1661
3958 8
3958 294
3958 338
3958 387
3958 557
3958 773
3958 920
3958 1180
3959 3959
3959 475
3959 1153
3959 1456
3959 2927
3959 2772
3959 3346
3959 3559
3959 1179
3959 3190
3960 3960
3960 1313
3960 260
3960 2292
3960 3294
3960 161
3960 2537
3960 451
3960 1567
3960 875
3961 3961
3961 2097
3961 3188
3961 438
3961 847
3961 1292
3961 1353
3961 1404
3961 1723
3961 2241
3962 3962
3962 2252
3962 1211
3962 1325
3962 2180
3962 2305
3962 2475
3962 2860
3962 3134
3962 3364
3963 3963
3963 2316
3963 744
3963 3137
3963 3775
3963 1918
3963 2601
3963 909
3963 1828
3963 959
3964 3964
3964 593
3964 575
3964 959
3964 1393
3964 1889
3964 537
3964 828
3964 2170
3964 1179
3965 527
3965 3965
3965 8
3965 294
3965 338
3965 387
3965 557
3965 773
3965 920
3965 1180
3966 3966
3966 8
3966 294
3966 338
3966 387
3966 557
3966 773
3966 920
3966 1180
3966 1278
3967 3967
3967 3056
3967 3113
3967 402
3967 650
3967 801
3967 991
3967 1289
3967 1392
3967 1478
3968 3968
3968 3348
3968 2027
3968 3119
3968 3258
3968 3543
3968 378
3968 586
3968 1190
3968 2721
3969 3969
3969 974
3969 625
3969 374
3969 1988
3969 1682
3969 1541
3969 296
3969 2968
3969 179
3970 3970
3970 8
3970 294
3970 338
3970 343
3970 387
3970 557
3970 773
3970 779
3970 870
3971 3971
3971 2442
3971 1698
3971 1303
3971 882
3971 378
3971 2386
3971 2721
3971 2779
3971 2790
3972 3972
3972 3637
3972 888
3972 3229
3972 636
3972 2049
3972 3502
3972 1362
3972 2983
3972 1662
3973 3973
3973 3468
3973 1720
3973 296
3973 2248
3973 1843
3973 2767
3973 179
3973 643
3973 660
3974 3974
3974 497
3974 125
3974 468
3974 527
3974 1785
3974 3178
3974 3937
3974 3965
3974 1179
3975 3975
3975 650
3975 991
3975 3674
3975 8
3975 294
3975 338
3975 387
3975 557
3975 677
3976 3976
3976 3232
3976 925
3976 3851
3976 81
3976 822
3976 1541
3976 2601
3976 3626
3976 3736
3977 3977
3977 731
3977 8
3977 294
3977 338
3977 387
3977 557
3977 707
3977 773
3977 822
3978 3978
3978 8
3978 294
3978 338
3978 387
3978 520
3978 557
3978 571
3978 773
3978 920
3979 3979
3979 1006
3979 1952
3979 769
3979 1456
3979 1496
3979 1688
3979 1889
3979 2454
3979 2746
3980 3980
3980 3783
3980 414
3980 2953
3980 576
3980 1752
3980 704
3980 1626
3980 1869
3980 2252
3981 3981
3981 2601
3981 2627
3981 3057
3981 319
3981 851
3981 2975
3981 1179
3981 2560
3981 3683
3982 3982
3982 507
3982 3055
3982 2820
3982 2708
3982 1850
3982 2681
3982 2703
3982 1466
3982 356
3983 3983
3983 244
3983 267
3983 65
3983 179
3983 875
3983 1017
3983 1299
3983 1786
3983 2190
3984 3984
3984 8
3984 134
3984 294
3984 338
3984 387
3984 557
3984 755
3984 771
3984 773
3985 3985
3985 2186
3985 1772
3985 2499
3985 3898
3985 2135
3985 2437
3985 1289
3985 1392
3985 1478
3986 3986
3986 2824
3986 1223
3986 961
3986 281
3986 1122
3986 2189
3986 1136
3986 1316
3986 1700
3987 3987
3987 992
3987 3363
3987 92
3987 1460
3987 1786
3987 3658
3987 428
3987 2601
3987 3056
3988 3988
3988 2305
3988 1980
3988 2252
3988 2883
3988 370
3988 1211
3988 1325
3988 2180
3988 2475
3989 3989
3989 2142
3989 248
3989 428
3989 954
3989 2414
3989 2658
3989 3077
3989 3188
3989 3431
3990 3990
3990 370
3990 650
3990 991
3990 8
3990 294
3990 338
3990 387
3990 557
3990 707
3991 3991
3991 2864
3991 1970
3991 202
3991 733
3991 995
3991 1289
3991 1392
3991 1478
3991 1810
3992 3992
3992 2688
3992 2446
3992 1222
3992 157
3992 3462
3992 551
3992 1113
3992 1115
3992 1353
3993 3993
3993 2544
3993 3763
3993 3937
3993 8
3993 179
3993 188
3993 294
3993 338
3993 387
3994 2317
3994 2923
3994 3994
3994 609
3994 875
3994 1299
3994 2190
3994 8
3994 134
3994 179
3995 3995
3995 931
3995 2674
3995 493
3995 1040
3995 28
3995 2467
3995 917
3995 1886
3995 912
3996 3996
3996 2897
3996 1353
3996 1404
3996 3178
3996 3674
3996 8
3996 294
3996 338
3996 387
3997 3997
3997 170
3997 1211
3997 1289
3997 1392
3997 1478
3997 2180
3997 3134
3997 8
3997 188
3998 3998
3998 81
3998 1571
3998 3763
3998 179
3998 230
3998 248
3998 956
3998 1115
3998 1541
3999 3999
3999 1421
3999 132
3999 2252
3999 1211
3999 1325
3999 1496
3999 1580
3999 1760
3999 2180
4000 4000
4000 175
4000 3049
4000 248
4000 689
4000 924
4000 929
4000 1303
4000 1604
4000 2172
4001 4001
4001 3680
4001 71
4001 3162
4001 2115
4001 92
4001 468
4001 497
4001 729
4001 1331
4002 4002
4002 356
4002 1466
4002 736
4002 392
4002 2820
4002 3055
4002 2681
4002 2118
4002 3982
4003 4003
4003 2494
4003 179
4003 1635
4003 3645
4003 62
4003 296
4003 533
4003 2248
4003 2767
4004 4004
4004 1289
4004 1392
4004 1478
4004 2777
4004 8
4004 294
4004 338
4004 387
4004 557
4005 4005
4005 3410
4005 588
4005 36
4005 1107
4005 1711
4005 1095
4005 2469
4005 1721
4005 1270
4006 4006
4006 130
4006 4033
4006 1667
4006 1435
4006 2292
4006 378
4006 876
4006 904
4006 2475
4007 4007
4007 1380
4007 1871
4007 2067
4007 230
4007 248
4007 3643
4007 1597
4007 397
4007 2530
4008 4008
4008 3135
4008 1303
4008 1472
4008 1733
4008 3040
4008 111
4008 157
4008 296
4008 378
4009 4009
4009 3247
4009 179
4009 296
4009 692
4009 397
4009 3937
4009 62
4009 533
4009 813
4010 4010
4010 875
4010 1299
4010 2190
4010 3455
4010 8
4010 134
4010 179
4010 294
4010 338
4011 4011
4011 322
4011 687
4011 2330
4011 565
4011 3521
4011 414
4011 1989
4011 2927
4011 1055
4012 4012
4012 2369
4012 1153
4012 3295
4012 1522
4012 2210
4012 3675
4012 324
4012 365
4012 378
4013 4013
4013 405
4013 3346
4013 3602
4013 2210
4013 3119
4013 3626
4013 3211
4013 3662
4013 3737
4014 2004
4014 4014
4014 704
4014 2252
4014 3077
4014 3122
4014 732
4014 2560
4014 3202
4014 3292
4015 4015
4015 332
4015 261
4015 378
4015 580
4015 758
4015 2721
4015 3445
4015 3552
4015 3556
4016 4016
4016 1625
4016 3217
4016 1966
4016 3925
4016 1289
4016 1392
4016 1478
4016 1136
4016 1316
4017 4017
4017 2361
4017 2601
4017 92
4017 650
4017 991
4017 1353
4017 1404
4017 1461
4017 3802
4018 4018
4018 3113
4018 3825
4018 580
4018 650
4018 801
4018 991
4018 1289
4018 1392
4018 1478
4019 4019
4019 2496
4019 2958
4019 989
4019 2221
4019 3131
4019 8
4019 62
4019 179
4019 291
4020 4020
4020 1289
4020 1392
4020 1478
4020 2876
4020 8
4020 294
4020 338
4020 387
4020 557
4021 4021
4021 3517
4021 281
4021 568
4021 650
4021 801
4021 875
4021 991
4021 1299
4021 1496
4022 4022
4022 778
4022 2879
4022 3638
4022 62
4022 179
4022 1443
4022 3193
4022 65
4022 255
4023 4023
4023 527
4023 2544
4023 2779
4023 3965
4023 8
4023 188
4023 294
4023 338
4023 387
4024 4024
4024 1583
4024 1501
4024 223
4024 2189
4024 658
4024 1336
4024 3643
4024 3986
4024 961
4025 4025
4025 851
4025 2152
4025 3719
4025 704
4025 729
4025 1614
4025 2252
4025 3077
4025 3122
4026 4026
4026 447
4026 3475
4026 2194
4026 3745
4026 1040
4026 917
4026 912
4026 2161
4026 3327
4027 4027
4027 953
4027 3461
4027 1337
4027 689
4027 3156
4027 3433
4027 609
4027 1948
4027 3245
4028 4028
4028 1238
4028 551
4028 1165
4028 2139
4028 1179
4028 8
4028 186
4028 294
4028 338
4029 4029
4029 3617
4029 767
4029 4050
4029 2496
4029 2958
4029 3126
4029 3306
4029 989
4029 2221
4030 4030
4030 2129
4030 715
4030 1584
4030 422
4030 1215
4030 1153
4030 1211
4030 1667
4030 1688
4031 4031
4031 3731
4031 1843
4031 179
4031 230
4031 954
4031 2767
4031 2800
4031 3920
4031 1443
4032 4032
4032 3056
4032 650
4032 991
4032 2846
4032 8
4032 294
4032 338
4032 387
4032 557
4033 4033
4033 3497
4033 1435
4033 573
4033 375
4033 3877
4033 1667
4033 2883
4033 3543
4033 3077
4034 4034
4034 1314
4034 3358
4034 2669
4034 1929
4034 2575
4034 12
4034 2363
4034 3739
4034 2930
4035 4035
4035 3259
4035 1304
4035 1372
4035 1786
4035 3268
4035 3294
4035 3750
4035 483
4035 92
4036 4036
4036 1289
4036 1392
4036 1478
4036 2631
4036 8
4036 294
4036 338
4036 387
4036 520
4037 4037
4037 1496
4037 2454
4037 3320
4037 3753
4037 8
4037 294
4037 338
4037 387
4037 557
4038 4038
4038 8
4038 294
4038 338
4038 387
4038 557
4038 773
4038 920
4038 1180
4038 1278
4039 4039
4039 208
4039 987
4039 157
4039 1496
4039 2352
4039 2454
4039 3318
4039 3320
4039 1179
4040 4040
4040 1917
4040 3122
4040 370
4040 650
4040 991
4040 1128
4040 1514
4040 2152
4040 2339
4041 4041
4041 642
4041 1496
4041 2454
4041 3320
4041 8
4041 294
4041 338
4041 387
4041 520
4042 4042
4042 2866
4042 748
4042 509
4042 1395
4042 1766
4042 343
4042 520
4042 2075
4042 2437
4043 4043
4043 3491
4043 1839
4043 3893
4043 60
4043 569
4043 1211
4043 2180
4043 2611
4043 2914
4044 3337
4044 4044
4044 255
4044 1922
4044 179
4044 1443
4044 3193
4044 62
4044 296
4044 397
4045 4045
4045 3159
4045 2389
4045 168
4045 3074
4045 875
4045 1299
4045 2190
4045 2779
4045 3258
4046 4046
4046 2090
4046 883
4046 468
4046 1179
4046 2355
4046 8
4046 294
4046 338
4046 387
4047 4047
4047 1893
4047 2378
4047 3654
4047 3679
4047 414
4047 1292
4047 1834
4047 2953
4047 3103
4048 4048
4048 1166
4048 1786
4048 3925
4048 65
4048 624
4048 761
4048 875
4048 1299
4048 1353
4049 2867
4049 4049
4049 1197
4049 1289
4049 1392
4049 1478
4049 1889
4049 3843
4049 8
4049 294
4050 767
4050 4050
4050 2496
4050 2958
4050 989
4050 2221
4050 4029
4050 3617
4050 8
4050 294
4051 4051
4051 2252
4051 1211
4051 1325
4051 2180
4051 2305
4051 2475
4051 2825
4051 2860
4051 3134
4052 4052
4052 801
4052 3747
4052 650
4052 991
4052 1289
4052 1392
4052 1478
4052 1496
4052 2454
4053 4053
4053 276
4053 402
4053 1353
4053 1404
4053 2406
4053 3215
4053 8
4053 294
4053 338
4054 4054
4054 310
4054 1022
4054 2252
4054 2710
4054 1211
4054 1325
4054 2152
4054 2180
4054 2305
4055 4055
4055 2202
4055 245
4055 1286
4055 3007
4055 2152
4055 3364
4055 704
4055 1611
4055 2171
4056 4056
4056 2914
4056 2991
4056 8
4056 294
4056 338
4056 387
4056 557
4056 686
4056 773
