0 0
0 2406
0 3178
1 1
1 1833
1 1315
2 2
2 3100
2 1047
3 3
3 3768
3 3892
4 4
4 3624
4 1892
5 5
5 3089
5 1255
6 6
6 1908
6 2412
7 7
7 2483
7 8
8 8
8 294
8 338
9 9
9 650
9 991
10 10
10 8
10 294
11 11
11 975
11 609
12 12
12 490
12 1456
13 13
13 3556
13 3543
14 14
14 1727
14 538
15 15
15 1777
15 3113
16 16
16 3224
16 236
17 17
17 1524
17 900
18 18
18 312
18 1165
19 19
19 3056
19 169
20 20
20 3419
20 28
21 21
21 3405
21 2025
22 22
22 538
22 801
23 23
23 2422
23 744
24 24
24 2354
24 1482
25 25
25 3354
25 33
26 26
26 989
26 2221
27 27
27 3577
27 632
28 28
28 2916
28 3110
29 29
29 166
29 1984
30 30
30 1819
30 2652
31 31
31 2825
31 8
32 32
32 875
32 1299
33 33
33 650
33 991
34 34
34 312
34 1353
35 35
35 1877
35 2960
36 36
36 588
36 4005
37 37
37 1610
37 3614
38 38
38 115
38 567
39 39
39 2056
39 1522
40 40
40 1854
40 593
41 41
41 2005
41 8
42 42
42 3632
42 875
43 43
43 2483
43 7
44 44
44 1556
44 347
45 45
45 3154
45 126
46 46
46 188
46 1035
47 47
47 216
47 700
48 48
48 2914
48 2991
49 49
49 179
49 62
50 50
50 3085
50 8
51 51
51 312
51 875
52 52
52 1701
52 2834
53 53
53 1374
53 2140
54 54
54 696
54 3849
55 55
55 208
55 1460
56 56
56 3218
56 1625
57 57
57 3304
57 179
58 58
58 2240
58 3531
59 59
59 1915
59 142
60 60
60 2914
60 2991
61 61
61 401
61 3135
62 62
62 179
62 296
63 63
63 2560
63 3683
64 64
64 3122
64 41
65 65
65 1786
65 875
66 66
66 631
66 310
67 67
67 580
67 2391
68 68
68 3020
68 3650
69 69
69 1490
69 930
70 70
70 2601
70 157
71 71
71 2115
71 2222
72 72
72 2469
72 368
73 73
73 3289
73 156
74 74
74 2168
74 185
75 75
75 3476
75 3178
76 76
76 319
76 2959
77 77
77 2431
77 2091
78 78
78 650
78 875
79 79
79 3263
79 2730
80 80
80 8
80 294
81 81
81 3178
81 8
82 82
82 8
82 294
83 83
83 3545
83 1723
84 84
84 2639
84 1928
85 85
85 3664
85 2960
86 86
86 1190
86 8
87 87
87 3250
87 1323
88 88
88 361
88 3219
89 89
89 516
89 702
90 90
90 2699
90 2099
91 91
91 2041
91 93
92 92
92 650
92 991
93 93
93 2449
93 444
94 94
94 3282
94 3710
95 95
95 2027
95 378
96 96
96 3419
96 391
97 97
97 2
97 3100
98 98
98 867
98 1162
99 99
99 2092
99 2152
100 100
100 3869
100 339
101 101
101 3920
101 170
102 102
102 144
102 3444
103 103
103 2505
103 2604
104 104
104 875
104 1299
105 105
105 1027
105 1017
106 106
106 2587
106 538
107 107
107 2020
107 1834
108 108
108 2323
108 2459
109 109
109 208
109 1496
110 110
110 1605
110 1188
111 111
111 2537
111 875
112 112
112 1017
112 2272
113 113
113 635
113 1353
114 114
114 3920
114 170
115 115
115 38
115 567
116 116
116 3800
116 3934
117 117
117 1723
117 8
118 118
118 3530
118 62
119 119
119 3939
119 1003
120 120
120 1213
120 381
121 121
121 1281
121 3543
122 122
122 1982
122 1145
123 123
123 2328
123 3900
124 124
124 772
124 8
125 125
125 527
125 3965
126 126
126 3626
126 586
127 127
127 1767
127 1980
128 128
128 3049
128 1289
129 129
129 3018
129 3131
130 130
130 1211
130 2180
131 131
131 1022
131 1537
132 132
132 2252
132 1211
133 133
133 1568
133 2601
134 134
134 875
134 1299
135 135
135 1031
135 2232
136 136
136 3701
136 3302
137 137
137 421
137 3103
138 138
138 3748
138 3848
139 139
139 2355
139 8
140 140
140 3077
140 2893
141 141
141 854
141 575
142 142
142 1915
142 59
143 143
143 3925
143 3872
144 144
144 733
144 995
145 145
145 3070
145 179
146 146
146 2163
146 967
147 147
147 2554
147 162
148 148
148 1382
148 443
149 149
149 989
149 1292
150 150
150 650
150 991
151 151
151 1441
151 2293
152 152
152 1414
152 1620
153 153
153 1617
153 1938
154 154
154 1456
154 8
155 155
155 3029
155 586
156 156
156 3543
156 286
157 157
157 3318
157 1179
158 158
158 585
158 492
159 159
159 989
159 1353
160 160
160 954
160 3479
161 161
161 2537
161 111
162 162
162 836
162 2205
163 163
163 1732
163 1071
164 164
164 3329
164 3799
165 165
165 795
165 624
166 166
166 29
166 1984
167 167
167 2700
167 2406
168 168
168 3074
168 1489
169 169
169 2658
169 650
170 170
170 761
170 875
171 171
171 3830
171 593
172 172
172 1355
172 3561
173 173
173 2482
173 2846
174 174
174 2471
174 169
175 175
175 1190
175 1393
176 176
176 3366
176 3175
177 177
177 3470
177 634
178 178
178 2975
178 2560
179 179
179 62
179 296
180 180
180 1297
180 686
181 181
181 3790
181 1152
182 182
182 2728
182 1353
183 183
183 1688
183 3552
184 184
184 1590
184 2182
185 185
185 2168
185 74
186 186
186 8
186 294
187 187
187 2265
187 549
188 188
188 8
188 294
189 189
189 2128
189 1074
190 190
190 2340
190 2293
191 191
191 1456
191 1831
192 192
192 320
192 1293
193 193
193 2380
193 2355
194 194
194 3516
194 1303
195 195
195 2319
195 1339
196 196
196 2601
196 869
197 197
197 8
197 294
198 198
198 650
198 991
199 199
199 1761
199 2560
200 200
200 2432
200 1228
201 201
201 3539
201 1131
202 202
202 718
202 1289
203 203
203 704
203 3122
204 204
204 179
204 62
205 205
205 3950
205 2013
206 206
206 3327
206 2494
207 207
207 2550
207 2601
208 208
208 109
208 987
209 209
209 3601
209 2322
210 210
210 962
210 879
211 211
211 3990
211 144
212 212
212 2832
212 1128
213 213
213 2360
213 1499
214 214
214 1106
214 92
215 215
215 1055
215 3119
216 216
216 47
216 2767
217 217
217 2284
217 1179
218 218
218 3537
218 157
219 219
219 485
219 3295
220 220
220 3923
220 2175
221 221
221 2931
221 2706
222 222
222 1714
222 284
223 223
223 3077
223 650
224 224
224 2373
224 1599
225 225
225 3676
225 2654
226 226
226 3128
226 2235
227 227
227 539
227 2506
228 228
228 2773
228 111
229 229
229 3504
229 1248
230 230
230 2406
230 3937
231 231
231 3858
231 2567
232 232
232 2927
232 1393
233 233
233 1151
233 3166
234 234
234 3258
234 8
235 235
235 2883
235 67
236 236
236 16
236 3224
237 237
237 378
237 1353
238 238
238 650
238 918
239 239
239 3799
239 164
240 240
240 1128
240 2560
241 241
241 2436
241 81
242 242
242 3375
242 393
243 243
243 3790
243 1499
244 244
244 267
244 3983
245 245
245 1286
245 2202
246 246
246 479
246 3508
247 247
247 2496
247 2958
248 248
248 296
248 1393
249 249
249 1097
249 659
250 250
250 261
250 296
251 251
251 3138
251 2777
252 252
252 3168
252 3738
253 253
253 3621
253 2956
254 254
254 1564
254 767
255 255
255 1922
255 179
256 256
256 414
256 2252
257 257
257 303
257 3397
258 258
258 1522
258 1153
259 259
259 903
259 1711
260 260
260 609
260 2317
261 261
261 1496
261 2454
262 262
262 3478
262 2209
263 263
263 3405
263 3212
264 264
264 3075
264 179
265 265
265 378
265 527
266 266
266 989
266 2221
267 267
267 244
267 179
268 268
268 1651
268 3594
269 269
269 8
269 294
270 270
270 3019
270 2287
271 271
271 2093
271 2210
272 272
272 733
272 995
273 273
273 637
273 378
274 274
274 654
274 2549
275 275
275 3399
275 464
276 276
276 402
276 1353
277 277
277 1426
277 3117
278 278
278 2673
278 3456
279 279
279 1751
279 527
280 280
280 3764
280 1919
281 281
281 650
281 875
282 282
282 1926
282 1601
283 283
283 2657
283 2016
284 284
284 8
284 294
285 285
285 800
285 296
286 286
286 378
286 2721
287 287
287 1480
287 2433
288 288
288 3749
288 1012
289 289
289 792
289 1006
290 290
290 733
290 995
291 291
291 2386
291 2790
292 292
292 1333
292 82
293 293
293 8
293 294
294 8
294 294
294 338
295 295
295 1994
295 3898
296 296
296 179
296 62
297 297
297 343
297 733
298 298
298 2019
298 2188
299 299
299 2240
299 58
300 300
300 1260
300 3659
301 301
301 1527
301 3462
302 302
302 3357
302 522
303 303
303 3397
303 2160
304 304
304 1471
304 2519
305 305
305 875
305 1299
306 306
306 1083
306 2927
307 307
307 8
307 294
308 308
308 2323
308 2459
309 309
309 2630
309 1967
310 310
310 2252
310 1211
311 311
311 3155
311 533
312 312
312 2612
312 8
313 313
313 1059
313 2807
314 314
314 3618
314 92
315 315
315 2962
315 1112
316 316
316 1109
316 1765
317 317
317 2646
317 3435
318 318
318 3052
318 2164
319 319
319 851
319 3303
320 320
320 192
320 1293
321 321
321 1724
321 221
322 322
322 4011
322 957
323 323
323 2029
323 3467
324 324
324 2210
324 378
325 325
325 2347
325 1128
326 326
326 2381
326 3139
327 327
327 3522
327 697
328 328
328 1250
328 833
329 329
329 3562
329 3532
330 330
330 2850
330 2637
331 331
331 1548
331 1205
332 332
332 580
332 3552
333 333
333 3678
333 3543
334 334
334 634
334 1549
335 335
335 378
335 2721
336 336
336 618
336 875
337 337
337 3705
337 1818
338 8
338 294
338 338
339 339
339 100
339 1902
340 340
340 2825
340 8
341 341
341 2667
341 3202
342 342
342 3178
342 665
343 343
343 1831
343 2560
344 344
344 1530
344 2547
345 345
345 650
345 991
346 346
346 1588
346 1027
347 347
347 1964
347 44
348 348
348 2306
348 8
349 349
349 3113
349 4020
350 350
350 2658
350 3077
351 351
351 2523
351 741
352 352
352 2312
352 575
353 353
353 3056
353 650
354 354
354 2386
354 2790
355 355
355 3557
355 8
356 356
356 2820
356 3055
357 357
357 2610
357 1675
358 358
358 858
358 947
359 359
359 1831
359 2975
360 360
360 802
360 2271
361 361
361 88
361 444
362 362
362 2969
362 2984
363 363
363 586
363 8
364 364
364 2028
364 3040
365 365
365 1974
365 2210
366 366
366 1321
366 2355
367 367
367 981
367 3239
368 368
368 2469
368 1721
369 369
369 820
369 3024
370 370
370 3122
370 3990
371 371
371 3296
371 3615
372 372
372 1982
372 1456
373 373
373 3893
373 2406
374 374
374 625
374 1988
375 375
375 3877
375 573
376 376
376 1739
376 2601
377 377
377 2465
377 3526
378 378
378 2721
378 3612
379 379
379 2520
379 3294
380 380
380 1126
380 1353
381 381
381 989
381 1831
382 382
382 624
382 875
383 383
383 1895
383 1684
384 384
384 2073
384 624
385 385
385 2813
385 1647
386 386
386 3288
386 2887
387 8
387 294
387 338
388 388
388 1789
388 755
389 389
389 3725
389 2412
390 390
390 1467
390 2091
391 391
391 96
391 3117
392 392
392 736
392 4002
393 393
393 683
393 2913
394 394
394 3816
394 3253
395 395
395 3841
395 534
396 396
396 2762
396 67
397 397
397 179
397 62
398 398
398 784
398 1135
399 399
399 801
399 3747
400 400
400 2110
400 3453
401 401
401 61
401 366
402 402
402 8
402 294
403 403
403 1184
403 751
404 404
404 701
404 3897
405 405
405 1846
405 3484
406 406
406 3016
406 1611
407 407
407 1321
407 8
408 408
408 2252
408 1211
409 409
409 8
409 294
410 410
410 414
410 1909
411 411
411 8
411 294
412 412
412 3930
412 727
413 413
413 553
413 3925
414 414
414 2252
414 914
415 415
415 1623
415 987
416 416
416 3125
416 2260
417 417
417 1515
417 2416
418 418
418 1303
418 1667
419 419
419 2837
419 2567
420 420
420 2066
420 1455
421 421
421 2829
421 137
422 422
422 876
422 1153
423 423
423 3823
423 571
424 424
424 1017
424 2272
425 425
425 743
425 381
426 426
426 2286
426 1627
427 427
427 1738
427 3500
428 428
428 650
428 991
429 429
429 1032
429 707
430 430
430 1503
430 1174
431 431
431 894
431 2284
432 432
432 1456
432 8
433 433
433 1977
433 170
434 434
434 559
434 2936
435 435
435 3759
435 4020
436 436
436 3366
436 176
437 437
437 2720
437 1832
438 438
438 1292
438 1353
439 439
439 1092
439 2912
440 440
440 3702
440 3082
441 441
441 3124
441 806
442 442
442 2914
442 2991
443 443
443 1382
443 1703
444 444
444 2796
444 93
445 445
445 459
445 2845
446 446
446 1341
446 1768
447 447
447 4026
447 3475
448 448
448 111
448 1215
449 449
449 580
449 8
450 450
450 768
450 2560
451 451
451 2310
451 2720
452 452
452 451
452 2720
453 453
453 527
453 3965
454 454
454 2037
454 652
455 455
455 650
455 801
456 456
456 729
456 1767
457 457
457 593
457 575
458 458
458 8
458 294
459 459
459 2652
459 1819
460 460
460 468
460 490
461 461
461 270
461 3019
462 462
462 586
462 609
463 463
463 8
463 294
464 464
464 317
464 2646
465 465
465 1203
465 2693
466 466
466 1193
466 3644
467 467
467 989
467 1047
468 468
468 8
468 294
469 469
469 2131
469 40
470 470
470 1184
470 751
471 471
471 1321
471 8
472 472
472 2250
472 1120
473 473
473 370
473 624
474 474
474 1409
474 2033
475 475
475 3959
475 3190
476 476
476 3873
476 3061
477 477
477 3386
477 2490
478 478
478 2779
478 3258
479 479
479 246
479 3508
480 480
480 378
480 1667
481 481
481 3281
481 3991
482 482
482 1856
482 707
483 483
483 3013
483 875
484 484
484 593
484 2882
485 485
485 1136
485 1316
486 486
486 527
486 1035
487 487
487 1778
487 552
488 488
488 529
488 3178
489 489
489 1110
489 3581
490 490
490 2845
490 8
491 491
491 663
491 1875
492 492
492 158
492 585
493 493
493 1886
493 1990
494 494
494 2880
494 3422
495 495
495 2597
495 315
496 496
496 1936
496 620
497 497
497 468
497 1393
498 498
498 92
498 319
499 499
499 1070
499 1097
500 500
500 3867
500 3364
501 501
501 8
501 294
502 502
502 1990
502 681
503 503
503 1353
503 1404
504 504
504 875
504 1299
505 505
505 1224
505 3000
506 506
506 959
506 8
507 507
507 2708
507 3982
508 508
508 875
508 1299
509 509
509 1766
509 704
510 510
510 378
510 2721
511 511
511 3373
511 2642
512 512
512 2073
512 2159
513 513
513 179
513 1479
514 514
514 3824
514 2560
515 515
515 2779
515 8
516 516
516 89
516 3836
517 517
517 1516
517 1123
518 518
518 988
518 1298
519 519
519 875
519 1299
520 520
520 8
520 294
521 521
521 2151
521 604
522 522
522 302
522 1738
523 523
523 3131
523 41
524 524
524 2083
524 286
525 525
525 696
525 1777
526 526
526 875
526 1299
527 527
527 3965
527 8
528 528
528 2054
528 2159
529 529
529 3178
529 3937
530 530
530 2451
530 2601
531 531
531 1363
531 1353
532 532
532 781
532 1403
533 533
533 179
533 62
534 534
534 2201
534 2326
535 535
535 1353
535 1404
536 536
536 8
536 294
537 537
537 828
537 2170
538 538
538 1179
538 8
539 539
539 2506
539 540
540 540
540 2869
540 539
541 541
541 1620
541 2737
542 542
542 3915
542 2892
543 543
543 3103
543 296
544 544
544 580
544 959
545 545
545 2287
545 2921
546 546
546 3888
546 1685
547 547
547 1643
547 3880
548 548
548 3066
548 763
549 549
549 2265
549 187
550 550
550 2236
550 65
551 551
551 1165
551 1353
552 552
552 487
552 1778
553 553
553 413
553 3925
554 554
554 1497
554 3719
555 555
555 2274
555 2701
556 556
556 551
556 3188
557 8
557 294
557 338
558 558
558 1123
558 989
559 559
559 3437
559 1456
560 560
560 2587
560 2779
561 561
561 989
561 1211
562 562
562 3334
562 815
563 563
563 2470
563 3866
564 564
564 2977
564 3847
565 565
565 296
565 3626
566 566
566 2425
566 2306
567 567
567 38
567 115
568 568
568 650
568 991
569 569
569 1211
569 2180
570 570
570 2010
570 3203
571 571
571 8
571 294
572 572
572 2305
572 3786
573 573
573 3497
573 375
574 574
574 3351
574 261
575 575
575 593
575 2726
576 576
576 618
576 650
577 577
577 1183
577 918
578 578
578 3023
578 3642
579 579
579 1456
579 1889
580 580
580 8
580 294
581 581
581 3509
581 2658
582 582
582 1963
582 2078
583 583
583 875
583 1299
584 584
584 1357
584 3111
585 585
585 158
585 492
586 586
586 8
586 294
587 587
587 3048
587 1814
588 588
588 1107
588 36
589 589
589 3807
589 3702
590 590
590 2622
590 179
591 591
591 2381
591 326
592 592
592 8
592 294
593 593
593 575
593 537
594 594
594 527
594 3965
595 595
595 1350
595 2246
596 596
596 989
596 2221
597 597
597 2233
597 3688
598 598
598 2802
598 2022
599 599
599 3031
599 1419
600 600
600 438
600 1030
601 601
601 2683
601 8
602 602
602 3943
602 414
603 603
603 2387
603 760
604 604
604 1412
604 1136
605 605
605 989
605 2221
606 606
606 2985
606 1857
607 607
607 1051
607 1136
608 608
608 2073
608 2537
609 609
609 378
609 2721
610 610
610 3122
610 4040
611 611
611 428
611 2032
612 612
612 2018
612 846
613 613
613 1562
613 3225
614 614
614 2518
614 3436
615 615
615 2239
615 2951
616 616
616 8
616 294
617 617
617 1559
617 982
618 618
618 989
618 2221
619 619
619 3339
619 3122
620 620
620 1936
620 2909
621 621
621 2101
621 1134
622 622
622 1027
622 2241
623 623
623 8
623 294
624 624
624 1028
624 2073
625 625
625 374
625 1988
626 626
626 1786
626 483
627 627
627 1479
627 296
628 628
628 1197
628 569
629 629
629 41
629 378
630 630
630 1336
630 2004
631 631
631 66
631 310
632 632
632 3577
632 27
633 633
633 2210
633 365
634 634
634 1829
634 3576
635 635
635 2483
635 7
636 636
636 3637
636 888
637 273
637 637
637 378
638 638
638 1496
638 2454
639 639
639 874
639 1939
640 640
640 1165
640 2139
641 641
641 1693
641 2292
642 642
642 8
642 294
643 643
643 296
643 179
644 644
644 3604
644 61
645 645
645 480
645 2210
646 646
646 910
646 2889
647 647
647 658
647 402
648 648
648 2213
648 666
649 649
649 3077
649 92
650 650
650 991
650 8
651 651
651 1553
651 551
652 652
652 2037
652 454
653 653
653 170
653 468
654 654
654 8
654 294
655 655
655 2963
655 1777
656 656
656 2410
656 2545
657 657
657 358
657 858
658 658
658 1163
658 2929
659 659
659 354
659 650
660 660
660 2036
660 2248
661 661
661 1475
661 3033
662 662
662 989
662 1889
663 663
663 491
663 1875
664 664
664 593
664 575
665 665
665 8
665 294
666 666
666 2213
666 648
667 667
667 537
667 828
668 668
668 614
668 170
669 669
669 2250
669 3091
670 670
670 1460
670 1456
671 671
671 3056
671 568
672 672
672 2500
672 437
673 673
673 81
673 1775
674 674
674 2294
674 1534
675 675
675 161
675 1268
676 676
676 2959
676 2326
677 677
677 3975
677 650
678 678
678 3966
678 8
679 679
679 3354
679 1027
680 680
680 1484
680 2515
681 681
681 3274
681 1522
682 682
682 438
682 1353
683 683
683 3455
683 8
684 684
684 2208
684 3820
685 685
685 1249
685 3647
686 686
686 8
686 294
687 687
687 8
687 188
688 688
688 1228
688 2432
689 689
689 3433
689 1303
690 690
690 2487
690 1836
691 691
691 1352
691 1136
692 692
692 875
692 1299
693 693
693 1328
693 2091
694 694
694 1659
694 186
695 695
695 2914
695 2991
696 696
696 525
696 3204
697 697
697 2241
697 2306
698 698
698 893
698 3322
699 699
699 3053
699 2496
700 700
700 3975
700 650
701 701
701 3113
701 1289
702 702
702 875
702 1299
703 703
703 468
703 914
704 704
704 2252
704 3077
705 705
705 2777
705 2800
706 706
706 161
706 3119
707 707
707 8
707 294
708 708
708 1190
708 1211
709 709
709 2846
709 3049
710 710
710 3597
710 1166
711 711
711 1490
711 179
712 712
712 969
712 1039
713 713
713 266
713 989
714 714
714 2210
714 378
715 715
715 2129
715 4030
716 716
716 1265
716 422
717 717
717 1572
717 1125
718 718
718 202
718 1289
719 719
719 1806
719 2065
720 720
720 1496
720 2454
721 721
721 2955
721 917
722 722
722 2656
722 1945
723 723
723 3465
723 2772
724 724
724 2700
724 1460
725 725
725 2334
725 1263
726 726
726 3878
726 2796
727 727
727 3930
727 412
728 728
728 2398
728 2001
729 729
729 2252
729 319
730 730
730 3082
730 3076
731 731
731 8
731 294
732 732
732 3292
732 2252
733 733
733 995
733 2810
734 734
734 2084
734 1561
735 735
735 109
735 208
736 736
736 1466
736 392
737 737
737 3415
737 3514
738 738
738 1781
738 92
739 739
739 877
739 3381
740 740
740 3835
740 875
741 741
741 351
741 2523
742 742
742 3781
742 365
743 743
743 1697
743 2613
744 744
744 886
744 23
745 745
745 2562
745 3463
746 746
746 1129
746 111
747 747
747 580
747 8
748 748
748 4042
748 1752
749 749
749 2405
749 312
750 750
750 2870
750 3271
751 751
751 1184
751 403
752 752
752 4002
752 3982
753 753
753 386
753 3288
754 754
754 414
754 1752
755 755
755 8
755 294
756 756
756 3263
756 2730
757 757
757 1021
757 2309
758 758
758 378
758 2721
759 759
759 1474
759 497
760 760
760 1292
760 2503
761 761
761 170
761 875
762 762
762 1211
762 2180
763 763
763 1857
763 548
764 764
764 790
764 468
765 765
765 2230
765 2386
766 766
766 2383
766 2377
767 767
767 4050
767 2496
768 768
768 450
768 3282
769 769
769 8
769 294
770 770
770 3167
770 899
771 771
771 8
771 134
772 772
772 2032
772 875
773 8
773 294
773 338
774 774
774 1485
774 2653
775 775
775 3021
775 839
776 776
776 8
776 294
777 777
777 1719
777 2184
778 778
778 4022
778 2879
779 779
779 870
779 1975
780 780
780 4019
780 2900
781 781
781 1403
781 532
782 782
782 902
782 92
783 783
783 169
783 65
784 784
784 3546
784 997
785 785
785 1808
785 3206
786 786
786 365
786 650
787 787
787 1980
787 2252
788 788
788 2914
788 2991
789 789
789 4006
789 2013
790 790
790 764
790 468
791 791
791 2386
791 2790
792 792
792 289
792 1006
793 793
793 1723
793 8
794 794
794 2265
794 549
795 795
795 165
795 3211
796 796
796 3227
796 2248
797 797
797 1128
797 2104
798 798
798 2971
798 2483
799 799
799 3713
799 1940
800 800
800 2740
800 1982
801 801
801 3747
801 650
802 802
802 360
802 2566
803 803
803 2749
803 2064
804 804
804 3645
804 179
805 805
805 1378
805 1897
806 806
806 3124
806 441
807 807
807 3539
807 2176
808 808
808 3739
808 2847
809 809
809 1651
809 3164
810 810
810 3262
810 646
811 811
811 179
811 2712
812 812
812 1289
812 1292
813 813
813 179
813 62
814 814
814 866
814 3005
815 815
815 3334
815 562
816 816
816 1523
816 1439
817 817
817 831
817 1450
818 818
818 1100
818 1934
819 819
819 1654
819 3785
820 820
820 3629
820 369
821 821
821 1750
821 555
822 822
822 3178
822 8
823 823
823 179
823 2073
824 824
824 1067
824 3045
825 825
825 2183
825 732
826 826
826 2448
826 2200
827 827
827 3097
827 645
828 537
828 828
828 2170
829 829
829 3783
829 732
830 830
830 820
830 3629
831 831
831 1450
831 2770
832 832
832 2376
832 657
833 833
833 1250
833 328
834 834
834 1805
834 8
835 835
835 2537
835 2644
836 162
836 836
836 2205
837 837
837 3369
837 1239
838 838
838 1986
838 1708
839 839
839 3762
839 775
840 840
840 733
840 995
841 841
841 312
841 1211
842 842
842 81
842 875
843 843
843 149
843 468
844 844
844 884
844 1844
845 845
845 2777
845 284
846 846
846 1472
846 2627
847 847
847 468
847 857
848 848
848 861
848 85
849 849
849 3688
849 2447
850 850
850 2447
850 1225
851 851
851 319
851 733
852 852
852 2130
852 2564
853 853
853 1275
853 551
854 854
854 575
854 593
855 855
855 3060
855 1661
856 856
856 3163
856 2850
857 857
857 468
857 847
858 858
858 358
858 657
859 859
859 3429
859 571
860 860
860 729
860 2601
861 861
861 848
861 1033
862 862
862 1541
862 1781
863 863
863 2292
863 319
864 864
864 1848
864 2817
865 865
865 2265
865 187
866 866
866 3005
866 2823
867 867
867 98
867 1162
868 868
868 2925
868 2449
869 869
869 3050
869 3495
870 779
870 870
870 1975
871 871
871 3406
871 3524
872 872
872 296
872 62
873 873
873 2450
873 2793
874 874
874 1573
874 639
875 875
875 1299
875 2190
876 876
876 422
876 188
877 877
877 739
877 3199
878 878
878 1211
878 1713
879 879
879 962
879 2435
880 880
880 3328
880 1128
881 881
881 3733
881 3028
882 882
882 8
882 294
883 883
883 4046
883 3120
884 884
884 844
884 1105
885 885
885 378
885 2721
886 886
886 1357
886 3111
887 887
887 731
887 2433
888 888
888 2049
888 3229
889 889
889 62
889 296
890 890
890 3301
890 1127
891 891
891 1010
891 3642
892 892
892 2602
892 1055
893 893
893 3322
893 1723
894 431
894 894
894 2284
895 895
895 1289
895 1392
896 896
896 1647
896 1672
897 897
897 1192
897 1777
898 898
898 378
898 2721
899 899
899 2696
899 770
900 900
900 134
900 771
901 901
901 1946
901 1550
902 902
902 650
902 991
903 903
903 1711
903 259
904 904
904 378
904 2721
905 905
905 1737
905 1015
906 906
906 3785
906 819
907 907
907 1116
907 92
908 908
908 8
908 294
909 909
909 1828
909 2825
910 646
910 910
910 2889
911 911
911 1777
911 319
912 912
912 3527
912 2423
913 913
913 3663
913 1192
914 914
914 3258
914 8
915 915
915 2471
915 174
916 916
916 3600
916 378
917 917
917 3419
917 979
918 918
918 650
918 991
919 919
919 1889
919 2386
920 8
920 294
920 338
921 921
921 2827
921 1815
922 922
922 961
922 2775
923 923
923 1190
923 2825
924 924
924 3543
924 378
925 925
925 3851
925 81
926 926
926 2804
926 3383
927 927
927 652
927 2037
928 928
928 635
928 989
929 929
929 1287
929 609
930 930
930 2047
930 538
931 931
931 126
931 1190
932 932
932 1426
932 277
933 933
933 8
933 294
934 934
934 2271
934 1692
935 935
935 81
935 2845
936 936
936 276
936 402
937 937
937 1558
937 1843
938 938
938 1794
938 2073
939 939
939 2404
939 2073
940 940
940 65
940 810
941 941
941 2445
941 162
942 942
942 1017
942 1289
943 943
943 1688
943 8
944 944
944 3735
944 2380
945 945
945 1321
945 3303
946 946
946 2618
946 3231
947 947
947 358
947 858
948 948
948 3372
948 310
949 949
949 2246
949 364
950 950
950 144
950 312
951 951
951 8
951 294
952 952
952 3242
952 134
953 953
953 3461
953 2661
954 954
954 1017
954 2272
955 955
955 3260
955 1035
956 956
956 650
956 991
957 957
957 2230
957 2276
958 958
958 1197
958 1777
959 959
959 8
959 294
960 960
960 2636
960 2396
961 961
961 875
961 1299
962 962
962 879
962 179
963 963
963 3910
963 81
964 964
964 8
964 294
965 965
965 3937
965 1179
966 966
966 1290
966 3503
967 967
967 2081
967 146
968 968
968 1734
968 3284
969 969
969 1039
969 3533
970 970
970 62
970 875
971 971
971 1345
971 1041
972 972
972 179
972 1479
973 973
973 597
973 3625
974 974
974 3969
974 374
975 975
975 11
975 2404
976 976
976 3665
976 2548
977 977
977 421
977 137
978 978
978 1338
978 1970
979 979
979 3441
979 917
980 980
980 1953
980 1407
981 981
981 3239
981 3631
982 982
982 1386
982 617
983 983
983 1614
983 2252
984 984
984 2282
984 1549
985 985
985 1132
985 2311
986 986
986 3233
986 1741
987 987
987 208
987 1496
988 518
988 988
988 1298
989 989
989 2221
989 2496
990 990
990 3010
990 1251
991 650
991 991
991 8
992 992
992 3363
992 1951
993 993
993 1091
993 3321
994 994
994 531
994 1363
995 733
995 995
995 2810
996 996
996 8
996 294
997 997
997 3254
997 784
998 998
998 2483
998 7
999 999
999 2143
999 312
1000 1000
1000 323
1000 1013
1001 1001
1001 2111
1001 8
1002 1002
1002 2008
1002 3085
1003 1003
1003 3939
1003 119
1004 1004
1004 340
1004 2707
1005 1005
1005 1872
1005 2906
1006 1006
1006 1496
1006 2454
1007 1007
1007 350
1007 1849
1008 1008
1008 3087
1008 414
1009 1009
1009 4006
1009 876
1010 1010
1010 1889
1010 3303
1011 1011
1011 378
1011 2721
1012 1012
1012 3749
1012 1556
1013 1013
1013 2464
1013 3713
1014 1014
1014 41
1014 1831
1015 1015
1015 905
1015 1737
1016 1016
1016 1609
1016 1903
1017 1017
1017 2272
1017 2858
1018 1018
1018 65
1018 1482
1019 1019
1019 2903
1019 2560
1020 1020
1020 2198
1020 989
1021 757
1021 1021
1021 2309
1022 1022
1022 2252
1022 1211
1023 1023
1023 3207
1023 1876
1024 1024
1024 378
1024 1289
1025 1025
1025 2779
1025 8
1026 1026
1026 1211
1026 2180
1027 1027
1027 1496
1027 2454
1028 1028
1028 624
1028 2073
1029 1029
1029 92
1029 3548
1030 1030
1030 1353
1030 1404
1031 1031
1031 2232
1031 135
1032 1032
1032 429
1032 635
1033 1033
1033 861
1033 1041
1034 1034
1034 2462
1034 134
1035 1035
1035 8
1035 294
1036 1036
1036 471
1036 586
1037 1037
1037 2341
1037 2435
1038 1038
1038 650
1038 801
1039 1039
1039 3533
1039 3716
1040 1040
1040 2194
1040 396
1041 1041
1041 971
1041 1345
1042 1042
1042 1264
1042 1282
1043 1043
1043 1448
1043 1385
1044 1044
1044 2960
1044 3131
1045 1045
1045 312
1045 402
1046 1046
1046 3716
1046 1039
1047 1047
1047 989
1047 2221
1048 1048
1048 437
1048 2970
1049 1049
1049 2152
1049 414
1050 1050
1050 1303
1050 378
1051 1051
1051 607
1051 1002
1052 1052
1052 3578
1052 2152
1053 1053
1053 2147
1053 1604
1054 1054
1054 1348
1054 2174
1055 1055
1055 2437
1055 378
1056 1056
1056 1321
1056 2914
1057 1057
1057 109
1057 208
1058 1058
1058 2841
1058 1889
1059 1059
1059 313
1059 1931
1060 1060
1060 2406
1060 8
1061 1061
1061 8
1061 294
1062 1062
1062 733
1062 995
1063 1063
1063 3200
1063 2560
1064 1064
1064 208
1064 1353
1065 1065
1065 2807
1065 313
1066 1066
1066 2649
1066 3281
1067 1067
1067 824
1067 1509
1068 1068
1068 1460
1068 92
1069 1069
1069 1696
1069 104
1070 1070
1070 3085
1070 8
1071 1071
1071 3419
1071 1732
1072 1072
1072 3421
1072 1919
1073 1073
1073 593
1073 575
1074 1074
1074 2128
1074 189
1075 1075
1075 2204
1075 3274
1076 1076
1076 130
1076 2252
1077 1077
1077 2897
1077 1353
1078 1078
1078 1296
1078 8
1079 1079
1079 2846
1079 8
1080 1080
1080 1431
1080 2095
1081 1081
1081 2095
1081 1431
1082 1082
1082 3264
1082 490
1083 1083
1083 306
1083 1153
1084 1084
1084 1289
1084 1392
1085 1085
1085 3900
1085 908
1086 1086
1086 276
1086 402
1087 1087
1087 2609
1087 1287
1088 1088
1088 291
1088 2386
1089 1089
1089 1982
1089 1456
1090 1090
1090 1220
1090 1547
1091 1091
1091 8
1091 186
1092 1092
1092 439
1092 2912
1093 1093
1093 3626
1093 126
1094 1094
1094 3312
1094 2927
1095 1095
1095 3651
1095 588
1096 1096
1096 2860
1096 2252
1097 1097
1097 8
1097 186
1098 1098
1098 2102
1098 2271
1099 1099
1099 3497
1099 3256
1100 1100
1100 818
1100 2463
1101 1101
1101 2350
1101 618
1102 1102
1102 179
1102 961
1103 1103
1103 3003
1103 2560
1104 1104
1104 1782
1104 2666
1105 1105
1105 2460
1105 3479
1106 1106
1106 214
1106 515
1107 1107
1107 588
1107 36
1108 1108
1108 477
1108 3386
1109 1109
1109 316
1109 1765
1110 1110
1110 489
1110 3581
1111 1111
1111 1368
1111 509
1112 1112
1112 194
1112 3516
1113 1113
1113 551
1113 1165
1114 1114
1114 959
1114 8
1115 1115
1115 378
1115 875
1116 1116
1116 907
1116 2953
1117 1117
1117 3321
1117 2283
1118 1118
1118 130
1118 3069
1119 1119
1119 1736
1119 2521
1120 1120
1120 472
1120 4046
1121 1121
1121 1179
1121 779
1122 1122
1122 62
1122 875
1123 1123
1123 517
1123 2581
1124 1124
1124 284
1124 414
1125 1125
1125 717
1125 1572
1126 1126
1126 1353
1126 1404
1127 1127
1127 1650
1127 296
1128 1128
1128 325
1128 2171
1129 1129
1129 746
1129 1367
1130 1130
1130 50
1130 130
1131 1131
1131 2579
1131 3119
1132 1132
1132 985
1132 208
1133 1133
1133 2723
1133 646
1134 1134
1134 1353
1134 1404
1135 1135
1135 14
1135 3743
1136 1136
1136 1316
1136 1700
1137 1137
1137 3390
1137 9
1138 1138
1138 453
1138 378
1139 1139
1139 2388
1139 733
1140 1140
1140 954
1140 1017
1141 1141
1141 1417
1141 1609
1142 1142
1142 2064
1142 2749
1143 1143
1143 409
1143 788
1144 1144
1144 3240
1144 2539
1145 1145
1145 914
1145 1456
1146 1146
1146 1216
1146 1536
1147 1147
1147 335
1147 1815
1148 1148
1148 2628
1148 2708
1149 1149
1149 1471
1149 2519
1150 1150
1150 3808
1150 3167
1151 233
1151 1151
1151 3166
1152 1152
1152 3790
1152 181
1153 1153
1153 1522
1153 1215
1154 1154
1154 2800
1154 468
1155 1155
1155 3056
1155 169
1156 1156
1156 3769
1156 1974
1157 1157
1157 1503
1157 1174
1158 1158
1158 402
1158 8
1159 1159
1159 2694
1159 3140
1160 1160
1160 2765
1160 1305
1161 1161
1161 2280
1161 2126
1162 1162
1162 867
1162 98
1163 1163
1163 658
1163 2929
1164 1164
1164 1369
1164 650
1165 1165
1165 2139
1165 8
1166 1166
1166 4048
1166 1786
1167 1167
1167 146
1167 2163
1168 1168
1168 1861
1168 2998
1169 1169
1169 1688
1169 8
1170 1170
1170 1982
1170 154
1171 1171
1171 1211
1171 2180
1172 1172
1172 3444
1172 638
1173 1173
1173 378
1173 609
1174 1174
1174 1503
1174 1157
1175 1175
1175 1692
1175 2062
1176 1176
1176 1884
1176 699
1177 1177
1177 1662
1177 3502
1178 1178
1178 3807
1178 3702
1179 1179
1179 8
1179 294
1180 8
1180 294
1180 338
1181 1181
1181 3478
1181 2209
1182 1182
1182 1208
1182 115
1183 1183
1183 918
1183 2587
1184 1184
1184 403
1184 751
1185 1185
1185 1661
1185 2483
1186 1186
1186 1889
1186 2189
1187 1187
1187 2811
1187 3652
1188 1188
1188 1289
1188 1392
1189 1189
1189 2466
1189 455
1190 1190
1190 8
1190 294
1191 1191
1191 2508
1191 3599
1192 1192
1192 3543
1192 378
1193 1193
1193 466
1193 634
1194 1194
1194 2824
1194 2189
1195 1195
1195 1211
1195 2180
1196 1196
1196 3739
1196 1657
1197 1197
1197 1289
1197 1392
1198 1198
1198 132
1198 1022
1199 1199
1199 1136
1199 1316
1200 1200
1200 3393
1200 276
1201 1201
1201 408
1201 1626
1202 1202
1202 3821
1202 381
1203 1203
1203 3719
1203 2693
1204 1204
1204 875
1204 1299
1205 1205
1205 331
1205 1548
1206 1206
1206 179
1206 533
1207 1207
1207 1812
1207 2210
1208 1208
1208 38
1208 115
1209 1209
1209 3620
1209 343
1210 1210
1210 3932
1210 3308
1211 1211
1211 2180
1211 3134
1212 1212
1212 1274
1212 3685
1213 1213
1213 120
1213 523
1214 1214
1214 3554
1214 1444
1215 1215
1215 111
1215 1153
1216 1216
1216 1146
1216 1536
1217 1217
1217 1283
1217 1115
1218 1218
1218 109
1218 638
1219 1219
1219 2718
1219 1357
1220 1220
1220 1547
1220 3015
1221 1221
1221 692
1221 154
1222 1222
1222 2446
1222 3992
1223 1223
1223 3986
1223 2824
1224 505
1224 1224
1224 3000
1225 1225
1225 2447
1225 850
1226 1226
1226 3924
1226 2086
1227 1227
1227 2494
1227 1601
1228 1228
1228 2432
1228 688
1229 1229
1229 2144
1229 414
1230 1230
1230 2940
1230 1632
1231 1231
1231 3517
1231 3626
1232 1232
1232 1781
1232 875
1233 1233
1233 2961
1233 343
1234 1234
1234 8
1234 294
1235 1235
1235 2146
1235 686
1236 1236
1236 3668
1236 296
1237 1237
1237 3785
1237 819
1238 1238
1238 4028
1238 551
1239 1239
1239 3369
1239 837
1240 1240
1240 650
1240 991
1241 1241
1241 2887
1241 3178
1242 1242
1242 366
1242 1321
1243 1243
1243 8
1243 294
1244 1244
1244 2995
1244 3069
1245 1245
1245 695
1245 1030
1246 1246
1246 2815
1246 697
1247 1247
1247 2772
1247 3569
1248 1248
1248 229
1248 3504
1249 1249
1249 3647
1249 685
1250 1250
1250 833
1250 3912
1251 1251
1251 990
1251 3010
1252 1252
1252 318
1252 3052
1253 1253
1253 1947
1253 3136
1254 1254
1254 2488
1254 2766
1255 1255
1255 3466
1255 650
1256 1256
1256 1391
1256 1460
1257 1257
1257 2401
1257 650
1258 1258
1258 8
1258 290
1259 1259
1259 104
1259 718
1260 1260
1260 300
1260 3659
1261 1261
1261 2215
1261 1765
1262 1262
1262 3031
1262 599
1263 1263
1263 725
1263 2334
1264 1264
1264 1282
1264 1042
1265 1265
1265 716
1265 2157
1266 1266
1266 2959
1266 3056
1267 1267
1267 1458
1267 2912
1268 1268
1268 2537
1268 111
1269 1269
1269 1661
1269 2825
1270 1270
1270 1711
1270 588
1271 1271
1271 3735
1271 3506
1272 1272
1272 2099
1272 1526
1273 1273
1273 3525
1273 3448
1274 1274
1274 1212
1274 3685
1275 1275
1275 853
1275 551
1276 1276
1276 3848
1276 3748
1277 1277
1277 3502
1277 3781
1278 8
1278 294
1278 338
1279 1279
1279 1342
1279 3724
1280 1280
1280 179
1280 1375
1281 1281
1281 8
1281 121
1282 1282
1282 1264
1282 2192
1283 1283
1283 1217
1283 1514
1284 1284
1284 1589
1284 255
1285 1285
1285 3127
1285 2990
1286 245
1286 1286
1286 2202
1287 1287
1287 929
1287 609
1288 1288
1288 3174
1288 1211
1289 1289
1289 1392
1289 1478
1290 1290
1290 3503
1290 3418
1291 1291
1291 882
1291 378
1292 1292
1292 3641
1292 8
1293 1293
1293 192
1293 320
1294 1294
1294 3740
1294 1122
1295 1295
1295 3937
1295 8
1296 1078
1296 1296
1296 8
1297 1297
1297 180
1297 686
1298 1298
1298 518
1298 988
1299 875
1299 1299
1299 2190
1300 1300
1300 65
1300 1692
1301 1301
1301 3382
1301 468
1302 1302
1302 1340
1302 1353
1303 1303
1303 378
1303 2721
1304 1304
1304 2483
1304 7
1305 1305
1305 2765
1305 1160
1306 1306
1306 1750
1306 342
1307 1307
1307 650
1307 991
1308 1308
1308 1713
1308 2845
1309 1309
1309 2537
1309 2632
1310 1310
1310 3637
1310 888
1311 1311
1311 1195
1311 1211
1312 1312
1312 325
1312 370
1313 1313
1313 3960
1313 1832
1314 1314
1314 3358
1314 4034
1315 1315
1315 1833
1315 1
1316 1136
1316 1316
1316 1700
1317 1317
1317 2638
1317 8
1318 1318
1318 2484
1318 3763
1319 1319
1319 3108
1319 3150
1320 1320
1320 2308
1320 2825
1321 1321
1321 8
1321 294
1322 1322
1322 1937
1322 3522
1323 1323
1323 2732
1323 87
1324 1324
1324 1970
1324 266
1325 1325
1325 2252
1325 41
1326 1326
1326 1713
1326 1831
1327 1327
1327 1394
1327 126
1328 1328
1328 693
1328 2792
1329 1329
1329 335
1329 2772
1330 1330
1330 1831
1330 2845
1331 1331
1331 317
1331 2646
1332 1332
1332 1353
1332 1404
1333 1333
1333 82
1333 292
1334 1334
1334 3798
1334 3215
1335 1335
1335 3811
1335 157
1336 1336
1336 3123
1336 3607
1337 1337
1337 1303
1337 378
1338 1338
1338 978
1338 3719
1339 1339
1339 2758
1339 195
1340 1340
1340 1302
1340 1134
1341 446
1341 1341
1341 1768
1342 1342
1342 1279
1342 3724
1343 1343
1343 767
1343 989
1344 1344
1344 3611
1344 505
1345 1345
1345 971
1345 1041
1346 1346
1346 3325
1346 8
1347 1347
1347 224
1347 2397
1348 1348
1348 1054
1348 2174
1349 1349
1349 3603
1349 179
1350 1350
1350 595
1350 2246
1351 1351
1351 257
1351 3487
1352 1352
1352 691
1352 1136
1353 1353
1353 1404
1353 8
1354 1354
1354 2034
1354 65
1355 1355
1355 172
1355 635
1356 1356
1356 2779
1356 8
1357 1357
1357 3111
1357 1353
1358 1358
1358 428
1358 455
1359 1359
1359 3649
1359 179
1360 1360
1360 378
1360 2721
1361 1361
1361 365
1361 914
1362 1362
1362 1756
1362 2678
1363 1363
1363 531
1363 8
1364 1364
1364 2483
1364 3303
1365 1365
1365 2118
1365 2820
1366 8
1366 294
1366 338
1367 1367
1367 1129
1367 746
1368 1368
1368 1111
1368 509
1369 1369
1369 1164
1369 3303
1370 1370
1370 2883
1370 3628
1371 1371
1371 2845
1371 8
1372 1372
1372 1292
1372 3641
1373 1373
1373 2517
1373 707
1374 1374
1374 53
1374 2140
1375 1375
1375 3937
1375 8
1376 1376
1376 2701
1376 1593
1377 1377
1377 2514
1377 3730
1378 1378
1378 805
1378 1897
1379 1379
1379 1211
1379 1894
1380 1380
1380 2067
1380 4007
1381 1381
1381 2426
1381 468
1382 1382
1382 443
1382 1703
1383 1383
1383 3990
1383 370
1384 1384
1384 3220
1384 2914
1385 1385
1385 1043
1385 1448
1386 1386
1386 982
1386 2001
1387 1387
1387 3112
1387 42
1388 1388
1388 1958
1388 2004
1389 1389
1389 3065
1389 3040
1390 1390
1390 3872
1390 650
1391 1391
1391 3455
1391 8
1392 1289
1392 1392
1392 1478
1393 1393
1393 1723
1393 1889
1394 1394
1394 1327
1394 875
1395 1395
1395 1128
1395 2560
1396 1396
1396 650
1396 991
1397 1397
1397 2739
1397 312
1398 1398
1398 1962
1398 801
1399 1399
1399 733
1399 995
1400 1400
1400 3360
1400 2016
1401 1401
1401 2830
1401 2883
1402 1402
1402 2446
1402 1222
1403 1403
1403 781
1403 532
1404 1353
1404 1404
1404 8
1405 1405
1405 285
1405 3433
1406 1406
1406 2210
1406 2462
1407 1407
1407 980
1407 1953
1408 1408
1408 179
1408 62
1409 1409
1409 474
1409 312
1410 1410
1410 2601
1410 2472
1411 1411
1411 3890
1411 1802
1412 1412
1412 604
1412 1136
1413 1413
1413 532
1413 781
1414 1414
1414 152
1414 1620
1415 1415
1415 58
1415 2240
1416 1416
1416 650
1416 801
1417 1417
1417 1141
1417 1609
1418 1418
1418 3144
1418 1786
1419 1419
1419 1661
1419 8
1420 1420
1420 230
1420 959
1421 1421
1421 3999
1421 132
1422 1422
1422 3780
1422 3951
1423 1423
1423 1777
1423 3113
1424 1424
1424 1710
1424 2355
1425 1425
1425 2356
1425 875
1426 1426
1426 3117
1426 277
1427 1427
1427 1812
1427 3094
1428 1428
1428 2109
1428 1030
1429 1429
1429 2324
1429 2271
1430 1430
1430 3721
1430 1035
1431 1431
1431 1080
1431 2095
1432 1432
1432 3194
1432 3126
1433 1433
1433 2271
1433 1692
1434 1434
1434 1692
1434 2271
1435 1435
1435 1667
1435 2883
1436 1436
1436 650
1436 731
1437 1437
1437 1289
1437 1392
1438 1438
1438 2060
1438 1957
1439 1439
1439 2070
1439 2257
1440 1440
1440 2298
1440 641
1441 1441
1441 151
1441 1353
1442 1442
1442 3438
1442 650
1443 1443
1443 3193
1443 179
1444 1444
1444 1214
1444 326
1445 1445
1445 575
1445 593
1446 8
1446 294
1446 338
1447 1447
1447 1019
1447 2903
1448 1448
1448 1043
1448 1385
1449 1449
1449 3980
1449 2202
1450 1450
1450 3419
1450 831
1451 1451
1451 1211
1451 2180
1452 1452
1452 41
1452 2005
1453 1453
1453 1770
1453 2326
1454 1454
1454 2705
1454 2159
1455 1455
1455 3810
1455 420
1456 1456
1456 8
1456 294
1457 1457
1457 3001
1457 2152
1458 1458
1458 1267
1458 2912
1459 1459
1459 179
1459 3920
1460 1460
1460 1179
1460 8
1461 1461
1461 8
1461 294
1462 1462
1462 3904
1462 577
1463 1463
1463 3687
1463 335
1464 1464
1464 3122
1464 92
1465 1465
1465 3741
1465 1292
1466 1466
1466 241
1466 2436
1467 1467
1467 2091
1467 428
1468 1468
1468 2639
1468 1928
1469 1469
1469 1781
1469 1786
1470 1470
1470 3317
1470 3970
1471 1471
1471 2519
1471 304
1472 1472
1472 8
1472 294
1473 1473
1473 686
1473 2154
1474 1474
1474 81
1474 875
1475 1475
1475 661
1475 3033
1476 1476
1476 272
1476 605
1477 1477
1477 3285
1477 3885
1478 1289
1478 1392
1478 1478
1479 1479
1479 179
1479 345
1480 1480
1480 2894
1480 659
1481 1481
1481 3191
1481 1898
1482 1482
1482 2483
1482 3178
1483 1483
1483 3105
1483 2152
1484 1484
1484 680
1484 2515
1485 1485
1485 774
1485 3049
1486 1486
1486 8
1486 294
1487 1487
1487 904
1487 2230
1488 1488
1488 729
1488 94
1489 1489
1489 3152
1489 168
1490 1490
1490 711
1490 69
1491 1491
1491 3739
1491 1196
1492 1492
1492 733
1492 995
1493 1493
1493 1121
1493 3369
1494 1494
1494 3679
1494 2378
1495 1495
1495 2150
1495 2572
1496 1496
1496 2454
1496 3320
1497 1497
1497 103
1497 2252
1498 1498
1498 1832
1498 2970
1499 1499
1499 3790
1499 1152
1500 1500
1500 325
1500 1980
1501 1501
1501 4024
1501 4054
1502 1502
1502 2123
1502 3707
1503 1503
1503 1157
1503 1174
1504 1504
1504 3626
1504 126
1505 1505
1505 240
1505 414
1506 1506
1506 1796
1506 2904
1507 1507
1507 130
1507 170
1508 1508
1508 179
1508 1786
1509 1509
1509 3419
1509 3899
1510 1510
1510 2914
1510 2991
1511 1511
1511 2687
1511 2994
1512 1512
1512 130
1512 1197
1513 1513
1513 3022
1513 2872
1514 1514
1514 2413
1514 2552
1515 1515
1515 1907
1515 2068
1516 1516
1516 517
1516 1353
1517 1517
1517 3534
1517 1602
1518 1518
1518 2589
1518 2552
1519 1519
1519 2440
1519 3850
1520 1520
1520 316
1520 1109
1521 1521
1521 2397
1521 2373
1522 1522
1522 1153
1522 1982
1523 816
1523 1523
1523 1439
1524 1524
1524 900
1524 2073
1525 1525
1525 81
1525 650
1526 1526
1526 1272
1526 2099
1527 1527
1527 2791
1527 650
1528 1528
1528 3372
1528 325
1529 1529
1529 1188
1529 1259
1530 1530
1530 344
1530 2547
1531 1531
1531 3037
1531 3719
1532 1532
1532 179
1532 62
1533 1533
1533 711
1533 1490
1534 1534
1534 674
1534 2294
1535 1535
1535 650
1535 991
1536 1536
1536 1146
1536 1216
1537 1537
1537 1735
1537 2252
1538 8
1538 294
1538 338
1539 1539
1539 642
1539 989
1540 1540
1540 1786
1540 3626
1541 1541
1541 81
1541 538
1542 1542
1542 41
1542 989
1543 1543
1543 2959
1543 3303
1544 1544
1544 2203
1544 2080
1545 1545
1545 126
1545 363
1546 1546
1546 114
1546 2363
1547 1547
1547 3015
1547 1220
1548 1548
1548 331
1548 1205
1549 1549
1549 3044
1549 2175
1550 1550
1550 3570
1550 2825
1551 1551
1551 2245
1551 1522
1552 1552
1552 3246
1552 1744
1553 1553
1553 651
1553 1346
1554 1554
1554 3488
1554 2188
1555 1555
1555 2803
1555 2932
1556 1556
1556 44
1556 347
1557 1557
1557 3606
1557 2698
1558 937
1558 1558
1558 1843
1559 1559
1559 617
1559 2157
1560 1560
1560 2271
1560 92
1561 1561
1561 734
1561 2084
1562 1562
1562 613
1562 3225
1563 1563
1563 3446
1563 822
1564 254
1564 1564
1564 767
1565 1565
1565 788
1565 2483
1566 1566
1566 1165
1566 2139
1567 1567
1567 48
1567 3569
1568 1568
1568 2601
1568 1179
1569 1569
1569 1243
1569 8
1570 1570
1570 3341
1570 62
1571 1571
1571 230
1571 81
1572 1572
1572 717
1572 1522
1573 1573
1573 1939
1573 874
1574 1574
1574 43
1574 65
1575 1575
1575 3487
1575 1351
1576 1576
1576 3502
1576 1305
1577 1577
1577 2566
1577 2278
1578 1578
1578 989
1578 1353
1579 1579
1579 2535
1579 526
1580 1580
1580 261
1580 1496
1581 1581
1581 3812
1581 3951
1582 1582
1582 2729
1582 324
1583 1583
1583 4024
1583 2929
1584 1584
1584 2129
1584 715
1585 1585
1585 620
1585 496
1586 1586
1586 3822
1586 1924
1587 1587
1587 3207
1587 443
1588 1588
1588 346
1588 1171
1589 1589
1589 1284
1589 2891
1590 1590
1590 184
1590 1940
1591 1591
1591 8
1591 294
1592 1592
1592 3975
1592 1992
1593 1593
1593 92
1593 104
1594 1594
1594 2595
1594 310
1595 1595
1595 2711
1595 3090
1596 1596
1596 2722
1596 358
1597 1597
1597 1380
1597 1871
1598 1598
1598 2979
1598 1191
1599 1599
1599 2373
1599 2397
1600 1600
1600 230
1600 1864
1601 1601
1601 1461
1601 3282
1602 1602
1602 1269
1602 735
1603 1603
1603 1748
1603 8
1604 1604
1604 3543
1604 144
1605 1605
1605 110
1605 1514
1606 1606
1606 2338
1606 3323
1607 1607
1607 3833
1607 179
1608 1608
1608 3606
1608 2698
1609 1609
1609 1417
1609 81
1610 1610
1610 37
1610 3614
1611 1611
1611 3480
1611 2152
1612 1612
1612 2197
1612 157
1613 1613
1613 2809
1613 2874
1614 1614
1614 2252
1614 569
1615 1615
1615 593
1615 575
1616 1616
1616 2226
1616 3258
1617 1617
1617 153
1617 1289
1618 1618
1618 2687
1618 2994
1619 1619
1619 3063
1619 2927
1620 1620
1620 2737
1620 851
1621 1621
1621 2925
1621 868
1622 1622
1622 3415
1622 737
1623 1623
1623 415
1623 801
1624 1624
1624 1639
1624 3276
1625 1625
1625 4016
1625 1966
1626 1626
1626 618
1626 989
1627 1627
1627 130
1627 650
1628 1628
1628 149
1628 635
1629 1629
1629 8
1629 294
1630 1630
1630 412
1630 3930
1631 1631
1631 1909
1631 2414
1632 1632
1632 1230
1632 2940
1633 1633
1633 551
1633 1165
1634 1634
1634 3626
1634 126
1635 1635
1635 2211
1635 731
1636 1636
1636 2917
1636 2870
1637 1637
1637 2531
1637 1777
1638 1638
1638 2939
1638 650
1639 1639
1639 1624
1639 1767
1640 1640
1640 1451
1640 3077
1641 1641
1641 1281
1641 2306
1642 1642
1642 1138
1642 453
1643 1643
1643 547
1643 692
1644 1644
1644 1775
1644 2887
1645 1645
1645 609
1645 365
1646 1646
1646 1982
1646 2927
1647 1647
1647 1672
1647 896
1648 1648
1648 2787
1648 85
1649 1649
1649 707
1649 1980
1650 1650
1650 1127
1650 179
1651 1651
1651 809
1651 2643
1652 1652
1652 414
1652 1537
1653 1653
1653 2816
1653 3699
1654 1654
1654 819
1654 3785
1655 1655
1655 526
1655 2772
1656 1656
1656 3574
1656 552
1657 1657
1657 1890
1657 801
1658 1658
1658 1692
1658 2271
1659 1659
1659 694
1659 2281
1660 1660
1660 2085
1660 2532
1661 1661
1661 8
1661 294
1662 1662
1662 1177
1662 1904
1663 1663
1663 2819
1663 1022
1664 1664
1664 3642
1664 2914
1665 1665
1665 3677
1665 1453
1666 1666
1666 2220
1666 320
1667 1667
1667 378
1667 1211
1668 1668
1668 495
1668 1730
1669 1669
1669 3519
1669 2365
1670 1670
1670 2863
1670 2816
1671 1671
1671 3364
1671 3719
1672 1672
1672 707
1672 2966
1673 1673
1673 1873
1673 2421
1674 1674
1674 2835
1674 2217
1675 1675
1675 357
1675 2610
1676 1676
1676 989
1676 2221
1677 1677
1677 3343
1677 854
1678 1678
1678 3010
1678 990
1679 1679
1679 1055
1679 3931
1680 1680
1680 2122
1680 2952
1681 1681
1681 258
1681 175
1682 1682
1682 2655
1682 875
1683 1683
1683 650
1683 918
1684 1684
1684 1895
1684 383
1685 1685
1685 3888
1685 546
1686 1686
1686 283
1686 1669
1687 1687
1687 3303
1687 8
1688 1688
1688 8
1688 294
1689 1689
1689 2838
1689 1776
1690 1690
1690 2434
1690 8
1691 1691
1691 583
1691 3872
1692 1692
1692 2271
1692 62
1693 1693
1693 130
1693 291
1694 1694
1694 1047
1694 1153
1695 1695
1695 8
1695 294
1696 1696
1696 1069
1696 538
1697 1697
1697 743
1697 2613
1698 1698
1698 3971
1698 2442
1699 1699
1699 1393
1699 1786
1700 1136
1700 1316
1700 1700
1701 1701
1701 52
1701 2834
1702 1702
1702 1816
1702 179
1703 1703
1703 1382
1703 443
1704 1704
1704 3619
1704 2992
1705 1705
1705 650
1705 991
1706 1706
1706 3482
1706 2863
1707 1707
1707 2399
1707 2437
1708 1708
1708 1986
1708 838
1709 1709
1709 312
1709 2612
1710 1710
1710 312
1710 1424
1711 1711
1711 36
1711 588
1712 1712
1712 569
1712 414
1713 1713
1713 8
1713 294
1714 1714
1714 222
1714 692
1715 1715
1715 188
1715 1777
1716 1716
1716 3886
1716 1247
1717 1717
1717 2603
1717 255
1718 1718
1718 514
1718 3824
1719 1719
1719 872
1719 777
1720 1720
1720 3973
1720 3468
1721 1721
1721 2469
1721 368
1722 1722
1722 2057
1722 2001
1723 1723
1723 8
1723 294
1724 1724
1724 321
1724 221
1725 1725
1725 2968
1725 1692
1726 1726
1726 2247
1726 2986
1727 1727
1727 14
1727 2407
1728 1728
1728 2132
1728 391
1729 1729
1729 1889
1729 2355
1730 1730
1730 1757
1730 1728
1731 1731
1731 8
1731 294
1732 1732
1732 163
1732 468
1733 1733
1733 2912
1733 1303
1734 968
1734 1734
1734 3284
1735 1735
1735 1537
1735 1211
1736 1736
1736 3533
1736 1759
1737 905
1737 1737
1737 1015
1738 1738
1738 427
1738 3763
1739 1739
1739 2601
1739 2496
1740 1740
1740 2771
1740 3508
1741 1741
1741 161
1741 1308
1742 1742
1742 8
1742 294
1743 1743
1743 1688
1743 8
1744 1744
1744 3246
1744 1552
1745 1745
1745 104
1745 918
1746 1746
1746 2491
1746 3024
1747 1747
1747 3077
1747 2549
1748 1748
1748 1603
1748 2468
1749 1749
1749 2205
1749 851
1750 1750
1750 342
1750 1306
1751 1751
1751 279
1751 1353
1752 1752
1752 1614
1752 2252
1753 1753
1753 3242
1753 2901
1754 1754
1754 2342
1754 3713
1755 1755
1755 761
1755 875
1756 1756
1756 1362
1756 2678
1757 1757
1757 1509
1757 3419
1758 1758
1758 8
1758 294
1759 1759
1759 555
1759 2274
1760 1760
1760 1211
1760 2180
1761 1761
1761 199
1761 1128
1762 1762
1762 81
1762 840
1763 1763
1763 8
1763 294
1764 1764
1764 1821
1764 2579
1765 1765
1765 3356
1765 3372
1766 1766
1766 509
1766 2075
1767 1767
1767 2295
1767 1980
1768 1768
1768 2601
1768 1179
1769 1769
1769 8
1769 294
1770 1770
1770 1453
1770 2659
1771 8
1771 294
1771 338
1772 1772
1772 2186
1772 1289
1773 1773
1773 1815
1773 365
1774 1774
1774 989
1774 2221
1775 1775
1775 8
1775 294
1776 1776
1776 854
1776 2073
1777 1777
1777 1289
1777 1392
1778 1778
1778 487
1778 552
1779 1779
1779 1983
1779 358
1780 1780
1780 3587
1780 1973
1781 1781
1781 875
1781 1232
1782 1782
1782 2666
1782 3589
1783 1783
1783 2476
1783 379
1784 1784
1784 3258
1784 8
1785 1785
1785 8
1785 294
1786 1786
1786 875
1786 1299
1787 1787
1787 7
1787 8
1788 1788
1788 956
1788 2191
1789 1789
1789 388
1789 3952
1790 1790
1790 2348
1790 1695
1791 1791
1791 1727
1791 2158
1792 1792
1792 3118
1792 3562
1793 1793
1793 3263
1793 2730
1794 1794
1794 2073
1794 384
1795 1795
1795 1289
1795 1392
1796 1506
1796 1796
1796 2904
1797 1797
1797 3165
1797 2000
1798 1798
1798 3335
1798 3836
1799 1799
1799 3843
1799 8
1800 1800
1800 1882
1800 3208
1801 1801
1801 2680
1801 8
1802 1802
1802 319
1802 851
1803 1803
1803 92
1803 650
1804 1804
1804 650
1804 875
1805 1805
1805 834
1805 8
1806 1806
1806 719
1806 1127
1807 1807
1807 3496
1807 2475
1808 1808
1808 3206
1808 8
1809 1809
1809 593
1809 3141
1810 1810
1810 1289
1810 1392
1811 1811
1811 2287
1811 2921
1812 1812
1812 1207
1812 1427
1813 1813
1813 8
1813 294
1814 1814
1814 587
1814 1670
1815 1815
1815 2210
1815 378
1816 1816
1816 1702
1816 82
1817 1817
1817 1332
1817 2372
1818 1818
1818 3101
1818 3490
1819 1819
1819 2652
1819 459
1820 1820
1820 428
1820 455
1821 1821
1821 650
1821 822
1822 1822
1822 8
1822 294
1823 1823
1823 3546
1823 784
1824 1824
1824 2235
1824 3161
1825 1825
1825 2072
1825 3303
1826 1826
1826 103
1826 3494
1827 1827
1827 618
1827 989
1828 909
1828 1828
1828 2825
1829 1829
1829 634
1829 3576
1830 1830
1830 3325
1830 8
1831 1831
1831 8
1831 294
1832 1832
1832 1885
1832 2970
1833 1833
1833 1
1833 1315
1834 1834
1834 3568
1834 3946
1835 1835
1835 2073
1835 2159
1836 1836
1836 2487
1836 1936
1837 1837
1837 3606
1837 2698
1838 1838
1838 312
1838 2386
1839 1839
1839 4043
1839 2525
1840 1840
1840 2435
1840 527
1841 1841
1841 378
1841 1831
1842 1842
1842 2707
1842 8
1843 1843
1843 179
1843 2767
1844 1844
1844 3844
1844 123
1845 1845
1845 208
1845 3220
1846 1846
1846 405
1846 1324
1847 1847
1847 3319
1847 2252
1848 1848
1848 864
1848 81
1849 1849
1849 2483
1849 7
1850 1850
1850 2820
1850 507
1851 1851
1851 3282
1851 3710
1852 1852
1852 8
1852 294
1853 1853
1853 2930
1853 731
1854 40
1854 1854
1854 593
1855 1855
1855 305
1855 650
1856 1856
1856 482
1856 8
1857 1857
1857 606
1857 2985
1858 1858
1858 2488
1858 1174
1859 1859
1859 2299
1859 2446
1860 1860
1860 1503
1860 1174
1861 1861
1861 1168
1861 2998
1862 1862
1862 2778
1862 851
1863 1863
1863 1693
1863 2414
1864 1864
1864 179
1864 1346
1865 1865
1865 1562
1865 613
1866 1866
1866 638
1866 1496
1867 1867
1867 2779
1867 1136
1868 1868
1868 0
1868 875
1869 1869
1869 2358
1869 2839
1870 1870
1870 793
1870 8
1871 1871
1871 3771
1871 4007
1872 1872
1872 2906
1872 3171
1873 1873
1873 1673
1873 2421
1874 1874
1874 3069
1874 2016
1875 1875
1875 663
1875 491
1876 1876
1876 538
1876 875
1877 1877
1877 35
1877 2960
1878 1878
1878 2521
1878 1815
1879 1879
1879 2407
1879 1727
1880 1880
1880 1831
1880 8
1881 1881
1881 2633
1881 1786
1882 1882
1882 2578
1882 3208
1883 1883
1883 2999
1883 580
1884 1884
1884 1176
1884 3053
1885 1885
1885 2310
1885 1832
1886 1886
1886 28
1886 493
1887 1887
1887 3674
1887 677
1888 1888
1888 248
1888 230
1889 1889
1889 8
1889 294
1890 1890
1890 801
1890 1289
1891 1891
1891 2437
1891 650
1892 1892
1892 3624
1892 989
1893 1893
1893 2378
1893 4047
1894 1894
1894 1211
1894 2180
1895 1895
1895 1684
1895 383
1896 1896
1896 366
1896 571
1897 1897
1897 805
1897 1378
1898 1898
1898 2937
1898 3778
1899 1899
1899 2483
1899 7
1900 1900
1900 3990
1900 92
1901 1901
1901 92
1901 538
1902 1902
1902 2898
1902 1723
1903 1903
1903 1609
1903 1417
1904 1904
1904 1662
1904 3365
1905 1905
1905 867
1905 98
1906 1906
1906 8
1906 294
1907 1907
1907 1515
1907 3189
1908 1908
1908 150
1908 2412
1909 1909
1909 733
1909 995
1910 1910
1910 1713
1910 8
1911 1911
1911 2390
1911 179
1912 1912
1912 457
1912 575
1913 1913
1913 580
1913 537
1914 1914
1914 989
1914 1047
1915 1915
1915 59
1915 142
1916 1916
1916 2061
1916 2124
1917 1917
1917 1128
1917 2914
1918 1918
1918 2922
1918 3107
1919 1919
1919 3421
1919 1072
1920 1920
1920 875
1920 1204
1921 1921
1921 662
1921 1346
1922 255
1922 1922
1922 179
1923 1923
1923 62
1923 3925
1924 1924
1924 1944
1924 514
1925 1925
1925 2384
1925 8
1926 1926
1926 282
1926 1601
1927 1927
1927 483
1927 81
1928 1928
1928 2639
1928 1468
1929 1929
1929 2669
1929 1314
1930 1930
1930 1289
1930 1392
1931 1931
1931 875
1931 1299
1932 1932
1932 3143
1932 230
1933 1933
1933 731
1933 1353
1934 1934
1934 2798
1934 1136
1935 1935
1935 3895
1935 1064
1936 1936
1936 496
1936 1836
1937 1937
1937 1322
1937 3522
1938 1938
1938 153
1938 1617
1939 1939
1939 3158
1939 1573
1940 1940
1940 799
1940 3713
1941 1941
1941 1519
1941 2440
1942 1942
1942 414
1942 2252
1943 1943
1943 603
1943 2387
1944 1924
1944 1944
1944 514
1945 1945
1945 2656
1945 722
1946 1946
1946 901
1946 1550
1947 1947
1947 3136
1947 875
1948 1948
1948 3543
1948 378
1949 1949
1949 3426
1949 276
1950 1950
1950 2271
1950 237
1951 1951
1951 788
1951 8
1952 1952
1952 1688
1952 8
1953 1953
1953 980
1953 2723
1954 1954
1954 296
1954 397
1955 1955
1955 1692
1955 2271
1956 1956
1956 2961
1956 343
1957 1957
1957 2060
1957 1438
1958 1958
1958 1388
1958 3372
1959 1959
1959 3642
1959 3958
1960 1960
1960 468
1960 2825
1961 1961
1961 650
1961 733
1962 1962
1962 1398
1962 4046
1963 1963
1963 3396
1963 596
1964 1964
1964 347
1964 44
1965 1965
1965 2100
1965 8
1966 1966
1966 3217
1966 8
1967 1967
1967 179
1967 230
1968 1968
1968 1289
1968 1392
1969 1969
1969 3192
1969 704
1970 1970
1970 733
1970 995
1971 1971
1971 788
1971 3220
1972 1972
1972 3941
1972 1889
1973 1973
1973 1780
1973 3587
1974 1974
1974 2210
1974 365
1975 779
1975 870
1975 1975
1976 1976
1976 1362
1976 2678
1977 1977
1977 433
1977 170
1978 1978
1978 2845
1978 8
1979 1979
1979 3095
1979 3038
1980 1980
1980 1649
1980 2252
1981 1981
1981 41
1981 650
1982 1982
1982 1456
1982 8
1983 1983
1983 358
1983 858
1984 1984
1984 29
1984 166
1985 1985
1985 264
1985 3075
1986 1986
1986 1708
1986 838
1987 1987
1987 2301
1987 1786
1988 1988
1988 374
1988 625
1989 1989
1989 1522
1989 1982
1990 1990
1990 378
1990 2276
1991 1991
1991 414
1991 593
1992 1992
1992 3243
1992 650
1993 1993
1993 3117
1993 3553
1994 1994
1994 295
1994 959
1995 1995
1995 8
1995 294
1996 1996
1996 8
1996 294
1997 1997
1997 1460
1997 3285
1998 1998
1998 1692
1998 1725
1999 1999
1999 2881
1999 1187
2000 2000
2000 3165
2000 1797
2001 2001
2001 2685
2001 8
2002 2002
2002 1804
2002 2896
2003 2003
2003 3139
2003 296
2004 2004
2004 4014
2004 704
2005 41
2005 2005
2005 8
2006 2006
2006 215
2006 1394
2007 2007
2007 81
2007 1211
2008 1002
2008 2008
2008 3085
2009 2009
2009 3297
2009 1841
2010 2010
2010 3203
2010 570
2011 2011
2011 1017
2011 2272
2012 2012
2012 875
2012 1299
2013 2013
2013 3950
2013 205
2014 2014
2014 157
2014 538
2015 2015
2015 8
2015 294
2016 2016
2016 3069
2016 3085
2017 2017
2017 902
2017 354
2018 2018
2018 612
2018 1790
2019 2019
2019 298
2019 720
2020 2020
2020 107
2020 1834
2021 2021
2021 3258
2021 8
2022 2022
2022 3583
2022 2494
2023 2023
2023 3548
2023 650
2024 2024
2024 2540
2024 959
2025 2025
2025 3405
2025 2534
2026 2026
2026 1713
2026 2434
2027 2027
2027 378
2027 2721
2028 2028
2028 3305
2028 364
2029 2029
2029 3515
2029 323
2030 2030
2030 3521
2030 2462
2031 2031
2031 1496
2031 2454
2032 2032
2032 8
2032 294
2033 2033
2033 1353
2033 1404
2034 2034
2034 1354
2034 65
2035 2035
2035 468
2035 8
2036 2036
2036 660
2036 2248
2037 2037
2037 2870
2037 652
2038 2038
2038 1799
2038 2825
2039 2039
2039 363
2039 2746
2040 2040
2040 3340
2040 2428
2041 2041
2041 91
2041 2449
2042 2042
2042 3119
2042 378
2043 2043
2043 1006
2043 1777
2044 2044
2044 1128
2044 2560
2045 2045
2045 2833
2045 2887
2046 2046
2046 8
2046 294
2047 2047
2047 930
2047 538
2048 2048
2048 640
2048 902
2049 2049
2049 888
2049 2983
2050 2050
2050 3626
2050 126
2051 2051
2051 2774
2051 177
2052 2052
2052 733
2052 989
2053 2053
2053 8
2053 197
2054 2054
2054 528
2054 854
2055 2055
2055 2538
2055 2845
2056 2056
2056 39
2056 1522
2057 2057
2057 1722
2057 2001
2058 2058
2058 3931
2058 8
2059 2059
2059 1803
2059 2292
2060 2060
2060 1957
2060 1438
2061 2061
2061 1916
2061 3719
2062 2062
2062 1175
2062 1765
2063 2063
2063 345
2063 3212
2064 2064
2064 2749
2064 803
2065 2065
2065 3079
2065 2211
2066 2066
2066 420
2066 2935
2067 2067
2067 1380
2067 1579
2068 2068
2068 2416
2068 1515
2069 2069
2069 3161
2069 646
2070 1439
2070 2070
2070 2257
2071 2071
2071 2447
2071 849
2072 1825
2072 2072
2072 3303
2073 2073
2073 384
2073 624
2074 2074
2074 3543
2074 378
2075 2075
2075 8
2075 294
2076 8
2076 294
2076 338
2077 2077
2077 436
2077 3366
2078 2078
2078 2342
2078 1754
2079 2079
2079 3083
2079 2530
2080 2080
2080 2203
2080 3562
2081 2081
2081 967
2081 146
2082 2082
2082 1333
2082 650
2083 2083
2083 378
2083 2386
2084 2084
2084 734
2084 1561
2085 2085
2085 2532
2085 161
2086 2086
2086 610
2086 1128
2087 2087
2087 2845
2087 8
2088 2088
2088 793
2088 8
2089 2089
2089 2978
2089 650
2090 2090
2090 4046
2090 3120
2091 2091
2091 1467
2091 1786
2092 2092
2092 99
2092 2004
2093 2093
2093 271
2093 3841
2094 2094
2094 731
2094 8
2095 2095
2095 1080
2095 3352
2096 2096
2096 1089
2096 1982
2097 2097
2097 3961
2097 2108
2098 2098
2098 3373
2098 2642
2099 2099
2099 1272
2099 1526
2100 1965
2100 2100
2100 8
2101 2101
2101 621
2101 1186
2102 2102
2102 1098
2102 2271
2103 2103
2103 2816
2103 639
2104 2104
2104 2914
2104 2991
2105 2105
2105 3350
2105 2075
2106 2106
2106 2137
2106 1733
2107 8
2107 294
2107 338
2108 2108
2108 1292
2108 2406
2109 2109
2109 1428
2109 1357
2110 2110
2110 400
2110 3453
2111 2111
2111 1001
2111 650
2112 2112
2112 3822
2112 414
2113 2113
2113 2243
2113 2625
2114 2114
2114 3252
2114 3975
2115 2115
2115 71
2115 2222
2116 2116
2116 3148
2116 2336
2117 8
2117 294
2117 338
2118 2118
2118 1365
2118 2820
2119 2119
2119 2988
2119 2403
2120 2120
2120 3753
2120 8
2121 2121
2121 3725
2121 2412
2122 2122
2122 3565
2122 3657
2123 2123
2123 3766
2123 291
2124 2124
2124 3128
2124 2061
2125 2125
2125 3038
2125 92
2126 2126
2126 2280
2126 1161
2127 2127
2127 3670
2127 822
2128 2128
2128 189
2128 1074
2129 2129
2129 1584
2129 4030
2130 2130
2130 852
2130 2564
2131 2131
2131 426
2131 2286
2132 2132
2132 3117
2132 1728
2133 2133
2133 3885
2133 580
2134 2134
2134 8
2134 290
2135 2135
2135 1970
2135 650
2136 2136
2136 3303
2136 8
2137 2137
2137 2106
2137 2478
2138 2138
2138 2259
2138 1035
2139 1165
2139 2139
2139 8
2140 2140
2140 53
2140 1374
2141 2141
2141 1112
2141 939
2142 2142
2142 2386
2142 2746
2143 2143
2143 2985
2143 999
2144 2144
2144 1229
2144 414
2145 2145
2145 179
2145 284
2146 2146
2146 1235
2146 2897
2147 2147
2147 2499
2147 593
2148 2148
2148 2325
2148 593
2149 2149
2149 2423
2149 3527
2150 2150
2150 2572
2150 1495
2151 2151
2151 2516
2151 296
2152 2152
2152 704
2152 729
2153 2153
2153 3164
2153 3966
2154 2154
2154 2655
2154 875
2155 2155
2155 2975
2155 8
2156 2156
2156 586
2156 8
2157 2157
2157 179
2157 62
2158 2158
2158 236
2158 2343
2159 2159
2159 3512
2159 2073
2160 2160
2160 2965
2160 3397
2161 2161
2161 161
2161 650
2162 2162
2162 4009
2162 296
2163 2163
2163 146
2163 3568
2164 2164
2164 318
2164 3052
2165 2165
2165 2601
2165 92
2166 2166
2166 3936
2166 3966
2167 2167
2167 348
2167 2306
2168 2168
2168 74
2168 960
2169 2169
2169 624
2169 1028
2170 537
2170 828
2170 2170
2171 2171
2171 325
2171 1128
2172 2172
2172 1604
2172 3543
2173 2173
2173 1829
2173 3460
2174 2174
2174 1054
2174 1348
2175 2175
2175 3923
2175 1549
2176 2176
2176 2579
2176 1131
2177 2177
2177 8
2177 294
2178 2178
2178 2171
2178 3069
2179 2179
2179 10
2179 2914
2180 1211
2180 2180
2180 3134
2181 2181
2181 882
2181 3131
2182 2182
2182 26
2182 3303
2183 2183
2183 825
2183 732
2184 2184
2184 378
2184 650
2185 2185
2185 707
2185 2883
2186 2186
2186 1772
2186 1289
2187 2187
2187 2864
2187 1197
2188 2188
2188 1353
2188 1404
2189 2189
2189 8
2189 294
2190 875
2190 1299
2190 2190
2191 2191
2191 650
2191 989
2192 2192
2192 2982
2192 3937
2193 2193
2193 1831
2193 8
2194 2194
2194 1425
2194 2356
2195 2195
2195 1232
2195 179
2196 2196
2196 3684
2196 335
2197 2197
2197 1612
2197 501
2198 1020
2198 2198
2198 989
2199 2199
2199 2959
2199 658
2200 2200
2200 826
2200 2448
2201 2201
2201 534
2201 3144
2202 2202
2202 4055
2202 245
2203 2203
2203 2080
2203 3562
2204 2204
2204 1982
2204 1456
2205 2205
2205 319
2205 851
2206 2206
2206 788
2206 875
2207 2207
2207 0
2207 65
2208 2208
2208 3970
2208 684
2209 2209
2209 3478
2209 1181
2210 2210
2210 378
2210 2721
2211 2211
2211 731
2211 8
2212 2212
2212 8
2212 294
2213 2213
2213 648
2213 666
2214 2214
2214 1179
2214 8
2215 2215
2215 3935
2215 876
2216 2216
2216 2981
2216 1786
2217 2217
2217 3367
2217 378
2218 2218
2218 2756
2218 296
2219 2219
2219 8
2219 294
2220 2220
2220 1666
2220 320
2221 989
2221 2221
2221 2496
2222 2222
2222 71
2222 2115
2223 2223
2223 402
2223 624
2224 2224
2224 3295
2224 2462
2225 2225
2225 970
2225 2550
2226 2226
2226 1616
2226 957
2227 2227
2227 2306
2227 2386
2228 2228
2228 343
2228 3449
2229 2229
2229 3954
2229 733
2230 2230
2230 2825
2230 8
2231 2231
2231 319
2231 2975
2232 2232
2232 1031
2232 3748
2233 2233
2233 3625
2233 177
2234 2234
2234 3827
2234 92
2235 2235
2235 2785
2235 3719
2236 2236
2236 550
2236 3474
2237 2237
2237 788
2237 2483
2238 2238
2238 2724
2238 3789
2239 2239
2239 3379
2239 3497
2240 2240
2240 299
2240 58
2241 2241
2241 650
2241 991
2242 2242
2242 8
2242 294
2243 2243
2243 1126
2243 2113
2244 2244
2244 1911
2244 2390
2245 2245
2245 1551
2245 1522
2246 2246
2246 949
2246 1350
2247 2247
2247 2986
2247 1726
2248 2248
2248 179
2248 62
2249 2249
2249 593
2249 707
2250 2250
2250 472
2250 669
2251 2251
2251 2845
2251 8
2252 2252
2252 1211
2252 1325
2253 2253
2253 2402
2253 58
2254 2254
2254 1518
2254 296
2255 2255
2255 1197
2255 1234
2256 2256
2256 924
2256 3499
2257 1439
2257 2070
2257 2257
2258 2258
2258 624
2258 900
2259 2138
2259 2259
2259 1035
2260 2260
2260 3125
2260 416
2261 2261
2261 1980
2261 414
2262 2262
2262 2560
2262 3683
2263 2263
2263 230
2263 248
2264 2264
2264 2303
2264 857
2265 2265
2265 549
2265 187
2266 2266
2266 3146
2266 692
2267 2267
2267 1127
2267 1650
2268 2268
2268 8
2268 134
2269 2269
2269 1781
2269 3626
2270 2270
2270 3884
2270 2483
2271 2271
2271 1692
2271 8
2272 1017
2272 2272
2272 2858
2273 2273
2273 1635
2273 310
2274 2274
2274 555
2274 2857
2275 2275
2275 71
2275 2115
2276 2276
2276 2845
2276 8
2277 2277
2277 3872
2277 650
2278 2278
2278 2566
2278 1577
2279 2279
2279 3533
2279 1039
2280 2280
2280 2126
2280 1161
2281 2281
2281 2919
2281 3744
2282 2282
2282 3460
2282 3923
2283 2283
2283 2578
2283 3208
2284 2284
2284 8
2284 294
2285 2285
2285 2006
2285 2462
2286 2286
2286 426
2286 1627
2287 2287
2287 2921
2287 545
2288 2288
2288 650
2288 991
2289 2289
2289 3931
2289 8
2290 2290
2290 3303
2290 1179
2291 2291
2291 3497
2291 573
2292 2292
2292 2537
2292 111
2293 2293
2293 520
2293 2406
2294 2294
2294 674
2294 1534
2295 1767
2295 2295
2295 1980
2296 2296
2296 179
2296 62
2297 2297
2297 1983
2297 947
2298 2298
2298 1440
2298 641
2299 2299
2299 1859
2299 2446
2300 2300
2300 62
2300 624
2301 2301
2301 1769
2301 438
2302 2302
2302 2888
2302 1970
2303 2303
2303 2264
2303 3499
2304 2304
2304 3673
2304 1035
2305 2305
2305 2252
2305 1211
2306 2306
2306 1353
2306 1404
2307 2307
2307 1738
2307 1127
2308 2308
2308 8
2308 294
2309 2309
2309 3151
2309 785
2310 2310
2310 451
2310 1885
2311 2311
2311 3843
2311 8
2312 2312
2312 352
2312 2726
2313 2313
2313 650
2313 991
2314 2314
2314 593
2314 527
2315 2315
2315 650
2315 801
2316 2316
2316 2779
2316 2825
2317 2317
2317 2923
2317 3994
2318 2318
2318 3157
2318 571
2319 2319
2319 3505
2319 62
2320 2320
2320 1006
2320 1777
2321 2321
2321 449
2321 580
2322 2322
2322 209
2322 3106
2323 2323
2323 2459
2323 308
2324 1429
2324 2324
2324 2271
2325 2325
2325 2148
2325 130
2326 2326
2326 8
2326 294
2327 2327
2327 3424
2327 1917
2328 2328
2328 3416
2328 801
2329 2329
2329 62
2329 65
2330 2330
2330 1211
2330 1456
2331 2331
2331 41
2331 2005
2332 2332
2332 1215
2332 2230
2333 2333
2333 3520
2333 2645
2334 2334
2334 725
2334 1263
2335 2335
2335 2477
2335 1535
2336 2336
2336 3148
2336 2116
2337 2337
2337 1292
2337 3641
2338 1606
2338 2338
2338 3323
2339 2339
2339 343
2339 3122
2340 2340
2340 190
2340 2758
2341 2341
2341 1037
2341 2435
2342 2342
2342 1754
2342 3713
2343 2343
2343 2158
2343 296
2344 2344
2344 2949
2344 586
2345 2345
2345 770
2345 91
2346 2346
2346 609
2346 2210
2347 2347
2347 325
2347 2386
2348 2348
2348 1790
2348 2897
2349 2349
2349 3407
2349 186
2350 2350
2350 2191
2350 1101
2351 2351
2351 282
2351 1926
2352 2352
2352 208
2352 987
2353 2353
2353 3412
2353 2306
2354 2354
2354 24
2354 3631
2355 2355
2355 8
2355 294
2356 1425
2356 2356
2356 875
2357 2357
2357 276
2357 402
2358 1869
2358 2358
2358 2839
2359 2359
2359 8
2359 186
2360 2360
2360 3935
2360 213
2361 2361
2361 538
2361 1179
2362 2362
2362 1153
2362 126
2363 2363
2363 822
2363 1982
2364 2364
2364 1394
2364 3379
2365 2365
2365 1669
2365 3519
2366 2366
2366 3368
2366 801
2367 2367
2367 2563
2367 3286
2368 2368
2368 800
2368 179
2369 2369
2369 4012
2369 650
2370 2370
2370 760
2370 312
2371 2371
2371 179
2371 230
2372 2372
2372 1496
2372 1723
2373 2373
2373 1599
2373 2397
2374 2374
2374 2789
2374 593
2375 2375
2375 1200
2375 1625
2376 2376
2376 832
2376 3594
2377 2377
2377 2383
2377 766
2378 2378
2378 1893
2378 1494
2379 2379
2379 2655
2379 3056
2380 2380
2380 193
2380 3285
2381 2381
2381 326
2381 296
2382 2382
2382 1061
2382 3929
2383 2383
2383 766
2383 2377
2384 2384
2384 1925
2384 1113
2385 2385
2385 2266
2385 650
2386 2386
2386 2790
2386 8
2387 2387
2387 603
2387 3013
2388 1139
2388 2388
2388 733
2389 2389
2389 4045
2389 3159
2390 2390
2390 1911
2390 1967
2391 2391
2391 41
2391 67
2392 2392
2392 788
2392 538
2393 2393
2393 551
2393 3198
2394 2394
2394 994
2394 2451
2395 2395
2395 1165
2395 2139
2396 2396
2396 2636
2396 2799
2397 2397
2397 1521
2397 2373
2398 728
2398 2398
2398 2001
2399 2399
2399 1707
2399 650
2400 2400
2400 1849
2400 312
2401 2401
2401 1257
2401 362
2402 2402
2402 2253
2402 3711
2403 2403
2403 2845
2403 8
2404 2404
2404 939
2404 2073
2405 2405
2405 749
2405 3085
2406 2406
2406 8
2406 294
2407 2407
2407 1727
2407 1879
2408 2408
2408 2884
2408 1103
2409 2409
2409 2537
2409 111
2410 2410
2410 656
2410 126
2411 2411
2411 2458
2411 1082
2412 2412
2412 3725
2412 389
2413 1514
2413 2413
2413 2552
2414 2414
2414 1723
2414 2386
2415 2415
2415 1980
2415 130
2416 2416
2416 2068
2416 1515
2417 2417
2417 1050
2417 1303
2418 2418
2418 3970
2418 2208
2419 2419
2419 179
2419 230
2420 2420
2420 3038
2420 650
2421 2421
2421 78
2421 1906
2422 2422
2422 23
2422 1045
2423 2423
2423 3527
2423 2149
2424 2424
2424 3336
2424 1106
2425 2425
2425 566
2425 2306
2426 1381
2426 2426
2426 468
2427 2427
2427 3380
2427 583
2428 2428
2428 3340
2428 840
2429 2429
2429 3990
2429 370
2430 2430
2430 468
2430 1321
2431 2431
2431 77
2431 2091
2432 2432
2432 200
2432 1228
2433 2433
2433 1634
2433 8
2434 2434
2434 8
2434 294
2435 2435
2435 1840
2435 1037
2436 241
2436 2436
2436 81
2437 2437
2437 650
2437 991
2438 2438
2438 157
2438 1136
2439 2439
2439 2414
2439 3188
2440 1519
2440 2440
2440 3850
2441 2441
2441 1190
2441 8
2442 2442
2442 3971
2442 2779
2443 2443
2443 1353
2443 1404
2444 2444
2444 3784
2444 3803
2445 2445
2445 2457
2445 941
2446 2446
2446 1222
2446 3992
2447 2447
2447 850
2447 849
2448 826
2448 2448
2448 2200
2449 2449
2449 93
2449 2575
2450 2450
2450 873
2450 2627
2451 2451
2451 1713
2451 1179
2452 2452
2452 3882
2452 3968
2453 2453
2453 3354
2453 2577
2454 1496
2454 2454
2454 3320
2455 2455
2455 3113
2455 527
2456 2456
2456 1055
2456 1234
2457 2457
2457 1503
2457 3542
2458 2458
2458 2411
2458 1082
2459 2459
2459 2323
2459 108
2460 2460
2460 217
2460 2284
2461 2461
2461 41
2461 989
2462 2462
2462 3295
2462 1522
2463 2463
2463 2271
2463 1692
2464 2464
2464 1013
2464 3713
2465 2465
2465 377
2465 3526
2466 2466
2466 1189
2466 650
2467 2467
2467 3722
2467 273
2468 2468
2468 2406
2468 8
2469 2469
2469 368
2469 1721
2470 2470
2470 563
2470 134
2471 2471
2471 174
2471 915
2472 2472
2472 8
2472 294
2473 2473
2473 1165
2473 2139
2474 2474
2474 2620
2474 2560
2475 2475
2475 1667
2475 2252
2476 2476
2476 1783
2476 379
2477 2477
2477 2335
2477 1136
2478 2478
2478 3371
2478 1688
2479 2479
2479 3281
2479 481
2480 2480
2480 2391
2480 1057
2481 2481
2481 3180
2481 3205
2482 2482
2482 173
2482 1604
2483 2483
2483 7
2483 8
2484 2484
2484 1318
2484 179
2485 2485
2485 1982
2485 378
2486 2486
2486 1713
2486 8
2487 2487
2487 690
2487 1836
2488 2488
2488 1858
2488 2290
2489 2489
2489 3698
2489 2605
2490 2490
2490 3386
2490 477
2491 1746
2491 2491
2491 3024
2492 2492
2492 989
2492 2221
2493 2493
2493 3275
2493 3563
2494 2494
2494 1227
2494 779
2495 2495
2495 1289
2495 1392
2496 2496
2496 2958
2496 989
2497 2497
2497 179
2497 62
2498 2498
2498 2741
2498 3131
2499 2499
2499 1772
2499 593
2500 2500
2500 672
2500 1832
2501 2501
2501 319
2501 325
2502 2502
2502 1006
2502 2601
2503 2503
2503 760
2503 1292
2504 2504
2504 2514
2504 3730
2505 2505
2505 2604
2505 3349
2506 2506
2506 539
2506 540
2507 2507
2507 8
2507 294
2508 2508
2508 3599
2508 3131
2509 2509
2509 414
2509 593
2510 2510
2510 1765
2510 3356
2511 2511
2511 1688
2511 3085
2512 2512
2512 3351
2512 3409
2513 2513
2513 2248
2513 179
2514 2514
2514 3730
2514 1377
2515 2515
2515 1484
2515 680
2516 2516
2516 2151
2516 179
2517 2517
2517 1373
2517 954
2518 2518
2518 614
2518 104
2519 2519
2519 1471
2519 304
2520 2520
2520 379
2520 134
2521 2521
2521 1878
2521 1815
2522 2522
2522 538
2522 8
2523 2523
2523 351
2523 741
2524 2524
2524 319
2524 291
2525 2525
2525 8
2525 188
2526 2526
2526 1016
2526 1609
2527 2527
2527 2614
2527 255
2528 2528
2528 2837
2528 2567
2529 2529
2529 286
2529 1115
2530 2530
2530 1889
2530 8
2531 2531
2531 1637
2531 1777
2532 2532
2532 2085
2532 2520
2533 2533
2533 1227
2533 2494
2534 2534
2534 2689
2534 2025
2535 2535
2535 1579
2535 2655
2536 2536
2536 593
2536 575
2537 2537
2537 111
2537 875
2538 2538
2538 8
2538 294
2539 2539
2539 1144
2539 3557
2540 2024
2540 2540
2540 959
2541 2541
2541 2845
2541 2914
2542 2542
2542 126
2542 586
2543 2543
2543 3258
2543 8
2544 2544
2544 2779
2544 8
2545 2545
2545 3258
2545 8
2546 2546
2546 3354
2546 1496
2547 2547
2547 3523
2547 344
2548 2548
2548 2074
2548 3040
2549 2549
2549 1747
2549 408
2550 2550
2550 2914
2550 2991
2551 2551
2551 468
2551 989
2552 2552
2552 1514
2552 2413
2553 2553
2553 1292
2553 1889
2554 2554
2554 147
2554 162
2555 2555
2555 575
2555 875
2556 1136
2556 1316
2556 1700
2557 2557
2557 179
2557 62
2558 2558
2558 468
2558 847
2559 2559
2559 2780
2559 378
2560 2560
2560 3683
2560 8
2561 2561
2561 3145
2561 3188
2562 2562
2562 745
2562 3463
2563 2563
2563 2367
2563 3286
2564 2564
2564 2130
2564 852
2565 2565
2565 1786
2565 875
2566 2566
2566 802
2566 360
2567 2567
2567 2837
2567 3858
2568 2568
2568 354
2568 442
2569 2569
2569 2444
2569 3803
2570 2570
2570 50
2570 130
2571 2571
2571 586
2571 2777
2572 2572
2572 2150
2572 1495
2573 2573
2573 343
2573 1831
2574 2574
2574 3228
2574 593
2575 2575
2575 2449
2575 93
2576 2576
2576 2308
2576 537
2577 2577
2577 3354
2577 580
2578 2578
2578 3208
2578 1882
2579 2579
2579 1131
2579 2176
2580 2580
2580 3307
2580 1503
2581 2581
2581 517
2581 1123
2582 2582
2582 580
2582 2483
2583 2583
2583 2483
2583 7
2584 2584
2584 1864
2584 1600
2585 2585
2585 2600
2585 378
2586 2586
2586 3493
2586 1777
2587 2587
2587 2779
2587 8
2588 2588
2588 179
2588 2073
2589 2589
2589 1518
2589 618
2590 2590
2590 1982
2590 2927
2591 2591
2591 261
2591 1006
2592 2592
2592 1786
2592 111
2593 2593
2593 276
2593 527
2594 2594
2594 130
2594 1211
2595 1594
2595 2595
2595 310
2596 2596
2596 2731
2596 428
2597 2597
2597 462
2597 315
2598 2598
2598 882
2598 1460
2599 2599
2599 1656
2599 816
2600 2600
2600 2585
2600 3588
2601 2601
2601 1179
2601 8
2602 2602
2602 892
2602 1826
2603 2603
2603 1717
2603 248
2604 2505
2604 2604
2604 3349
2605 2605
2605 3698
2605 2489
2606 2606
2606 378
2606 904
2607 2607
2607 2757
2607 438
2608 2608
2608 1692
2608 2271
2609 2609
2609 1087
2609 575
2610 2610
2610 357
2610 1675
2611 2611
2611 1211
2611 2180
2612 312
2612 2612
2612 8
2613 2613
2613 3591
2613 1697
2614 2614
2614 2527
2614 255
2615 2615
2615 8
2615 294
2616 2616
2616 2960
2616 92
2617 2617
2617 959
2617 1211
2618 2618
2618 946
2618 3231
2619 2619
2619 312
2619 536
2620 2620
2620 2474
2620 3422
2621 2621
2621 1321
2621 3178
2622 2622
2622 590
2622 179
2623 2623
2623 1136
2623 1316
2624 2624
2624 977
2624 2451
2625 2625
2625 2113
2625 217
2626 2626
2626 1293
2626 320
2627 2627
2627 8
2627 294
2628 2628
2628 1983
2628 358
2629 2629
2629 378
2629 510
2630 2630
2630 309
2630 179
2631 2631
2631 8
2631 294
2632 2632
2632 8
2632 294
2633 2633
2633 1881
2633 1786
2634 2634
2634 3278
2634 851
2635 2635
2635 58
2635 3531
2636 2636
2636 2396
2636 2799
2637 2637
2637 2690
2637 3071
2638 1317
2638 2638
2638 8
2639 2639
2639 84
2639 1928
2640 2640
2640 788
2640 1332
2641 2641
2641 2251
2641 721
2642 2642
2642 3373
2642 2098
2643 2643
2643 8
2643 294
2644 2644
2644 2073
2644 2537
2645 2645
2645 3711
2645 3520
2646 2646
2646 317
2646 3435
2647 2647
2647 2727
2647 1038
2648 2648
2648 8
2648 294
2649 2649
2649 1066
2649 102
2650 2650
2650 3772
2650 650
2651 2651
2651 2152
2651 704
2652 2652
2652 1819
2652 459
2653 2653
2653 8
2653 294
2654 2654
2654 3676
2654 225
2655 2655
2655 2661
2655 875
2656 2656
2656 1945
2656 722
2657 2657
2657 283
2657 1163
2658 2658
2658 169
2658 650
2659 2659
2659 3093
2659 1770
2660 2660
2660 2537
2660 111
2661 2661
2661 875
2661 1299
2662 2662
2662 2242
2662 8
2663 2663
2663 8
2663 294
2664 2664
2664 8
2664 294
2665 2665
2665 3856
2665 527
2666 2666
2666 1782
2666 2924
2667 2667
2667 341
2667 907
2668 2668
2668 1027
2668 1496
2669 2669
2669 1929
2669 1314
2670 2670
2670 593
2670 1234
2671 2671
2671 3766
2671 2123
2672 2672
2672 1166
2672 4048
2673 2673
2673 278
2673 3456
2674 2674
2674 863
2674 3995
2675 2675
2675 3
2675 2960
2676 2676
2676 8
2676 294
2677 2677
2677 2210
2677 3040
2678 2678
2678 1362
2678 1756
2679 2679
2679 3892
2679 3
2680 1801
2680 2680
2680 8
2681 2681
2681 1466
2681 2703
2682 2682
2682 3598
2682 695
2683 2683
2683 8
2683 294
2684 2684
2684 2783
2684 2386
2685 2001
2685 2685
2685 8
2686 2686
2686 3543
2686 378
2687 2687
2687 2994
2687 3549
2688 2688
2688 3992
2688 1222
2689 2689
2689 1327
2689 2534
2690 2690
2690 2637
2690 3071
2691 2691
2691 642
2691 2306
2692 2692
2692 3916
2692 954
2693 2693
2693 593
2693 575
2694 2694
2694 1159
2694 3625
2695 2695
2695 3708
2695 3794
2696 2696
2696 899
2696 3975
2697 2697
2697 3493
2697 2601
2698 2698
2698 3606
2698 1608
2699 2699
2699 1777
2699 2887
2700 2700
2700 724
2700 2406
2701 2701
2701 555
2701 2274
2702 2702
2702 2623
2702 1128
2703 2703
2703 2681
2703 3102
2704 2704
2704 947
2704 358
2705 1454
2705 2705
2705 2159
2706 2706
2706 1199
2706 221
2707 2707
2707 8
2707 294
2708 2708
2708 507
2708 3055
2709 2709
2709 1646
2709 2601
2710 2710
2710 4054
2710 310
2711 1595
2711 2711
2711 3090
2712 2712
2712 875
2712 1299
2713 2713
2713 2252
2713 527
2714 2714
2714 2912
2714 2073
2715 2715
2715 3049
2715 50
2716 2716
2716 1582
2716 475
2717 2717
2717 378
2717 875
2718 1219
2718 2718
2718 1357
2719 2719
2719 826
2719 2448
2720 2720
2720 437
2720 451
2721 378
2721 2721
2721 3612
2722 2722
2722 358
2722 858
2723 2723
2723 1133
2723 646
2724 2724
2724 2238
2724 875
2725 2725
2725 1667
2725 170
2726 2726
2726 575
2726 593
2727 2727
2727 2647
2727 301
2728 2728
2728 182
2728 428
2729 2729
2729 1582
2729 1733
2730 2730
2730 3263
2730 79
2731 2731
2731 2252
2731 732
2732 1323
2732 2732
2732 87
2733 2733
2733 1303
2733 111
2734 2734
2734 3325
2734 8
2735 2735
2735 8
2735 294
2736 2736
2736 2210
2736 3119
2737 2737
2737 1620
2737 1414
2738 2738
2738 2447
2738 849
2739 1397
2739 2739
2739 312
2740 2740
2740 758
2740 800
2741 2498
2741 2741
2741 3131
2742 2742
2742 312
2742 875
2743 2743
2743 1195
2743 3198
2744 2744
2744 3630
2744 305
2745 2745
2745 1234
2745 2631
2746 2746
2746 1889
2746 2142
2747 2747
2747 3040
2747 378
2748 2748
2748 3178
2748 8
2749 2749
2749 803
2749 2064
2750 2750
2750 81
2750 529
2751 2751
2751 650
2751 991
2752 2752
2752 2852
2752 3274
2753 2753
2753 430
2753 2457
2754 2754
2754 3564
2754 3834
2755 2755
2755 3148
2755 2336
2756 2218
2756 2756
2756 296
2757 2757
2757 733
2757 840
2758 2758
2758 2340
2758 1339
2759 2759
2759 2241
2759 650
2760 2760
2760 2374
2760 2769
2761 2761
2761 2130
2761 3708
2762 2762
2762 2945
2762 1006
2763 2763
2763 3902
2763 179
2764 2764
2764 1395
2764 63
2765 2765
2765 1160
2765 1305
2766 2766
2766 2282
2766 1174
2767 2767
2767 179
2767 62
2768 2768
2768 1128
2768 2975
2769 2769
2769 1289
2769 1392
2770 2770
2770 706
2770 2161
2771 2771
2771 2845
2771 1179
2772 2772
2772 1190
2772 8
2773 2773
2773 228
2773 1034
2774 2774
2774 3542
2774 2051
2775 2775
2775 961
2775 384
2776 2776
2776 788
2776 847
2777 2777
2777 1289
2777 1392
2778 2778
2778 1862
2778 851
2779 2779
2779 8
2779 294
2780 2780
2780 989
2780 2221
2781 2781
2781 8
2781 294
2782 2782
2782 3390
2782 1137
2783 2783
2783 2684
2783 692
2784 2784
2784 575
2784 875
2785 2785
2785 1019
2785 2903
2786 2786
2786 875
2786 1299
2787 1648
2787 2787
2787 85
2788 2788
2788 378
2788 1017
2789 2789
2789 3113
2789 1289
2790 2386
2790 2790
2790 8
2791 2791
2791 650
2791 991
2792 2792
2792 3138
2792 1353
2793 2793
2793 873
2793 3517
2794 2794
2794 2483
2794 7
2795 2795
2795 177
2795 3470
2796 2796
2796 444
2796 3878
2797 2797
2797 2655
2797 296
2798 1934
2798 2798
2798 1136
2799 2799
2799 2636
2799 2396
2800 2800
2800 8
2800 230
2801 2801
2801 641
2801 2298
2802 2802
2802 3583
2802 3327
2803 2803
2803 1555
2803 1680
2804 2804
2804 926
2804 650
2805 2805
2805 718
2805 801
2806 2806
2806 307
2806 1292
2807 2807
2807 2913
2807 111
2808 2808
2808 8
2808 294
2809 2809
2809 1613
2809 2874
2810 733
2810 995
2810 2810
2811 2811
2811 1187
2811 3652
2812 2812
2812 813
2812 179
2813 2813
2813 989
2813 1020
2814 2814
2814 2837
2814 419
2815 2815
2815 1246
2815 697
2816 2816
2816 1653
2816 1670
2817 2817
2817 2588
2817 2384
2818 2818
2818 3483
2818 3909
2819 2819
2819 1663
2819 3115
2820 2820
2820 1850
2820 3055
2821 2821
2821 1211
2821 2180
2822 2822
2822 3478
2822 262
2823 2823
2823 866
2823 3005
2824 2824
2824 1194
2824 3986
2825 2825
2825 8
2825 294
2826 2826
2826 2846
2826 8
2827 2827
2827 921
2827 1815
2828 2828
2828 707
2828 1292
2829 2829
2829 3077
2829 650
2830 2830
2830 144
2830 733
2831 2831
2831 2564
2831 852
2832 2832
2832 212
2832 1128
2833 2833
2833 2045
2833 2887
2834 2834
2834 1701
2834 52
2835 2835
2835 1674
2835 2217
2836 2836
2836 468
2836 1292
2837 2837
2837 2567
2837 419
2838 2838
2838 1689
2838 1776
2839 2839
2839 1869
2839 2358
2840 8
2840 294
2840 338
2841 2841
2841 1058
2841 638
2842 2842
2842 4025
2842 414
2843 2843
2843 2483
2843 3774
2844 2844
2844 779
2844 870
2845 2845
2845 8
2845 294
2846 2846
2846 8
2846 294
2847 2847
2847 3377
2847 65
2848 2848
2848 1982
2848 1165
2849 2849
2849 8
2849 294
2850 2850
2850 3163
2850 856
2851 2851
2851 527
2851 1713
2852 2852
2852 3659
2852 1260
2853 2853
2853 8
2853 294
2854 2854
2854 2883
2854 501
2855 2855
2855 3413
2855 8
2856 2856
2856 2938
2856 3149
2857 2857
2857 2274
2857 555
2858 1017
2858 2272
2858 2858
2859 2859
2859 149
2859 989
2860 2860
2860 2252
2860 1096
2861 2861
2861 3116
2861 3715
2862 2862
2862 3366
2862 176
2863 2863
2863 1670
2863 445
2864 2864
2864 3991
2864 1190
2865 2865
2865 3880
2865 319
2866 2866
2866 4042
2866 509
2867 2867
2867 4049
2867 1197
2868 2868
2868 170
2868 296
2869 2869
2869 540
2869 539
2870 2870
2870 3271
2870 2037
2871 2871
2871 104
2871 2210
2872 2872
2872 1513
2872 3022
2873 2873
2873 1321
2873 8
2874 2874
2874 1613
2874 2809
2875 2875
2875 1595
2875 2711
2876 2876
2876 1289
2876 1392
2877 2877
2877 806
2877 3547
2878 2878
2878 924
2878 3675
2879 2879
2879 778
2879 4022
2880 2880
2880 494
2880 1022
2881 2881
2881 2811
2881 1187
2882 2882
2882 1321
2882 2552
2883 2883
2883 1211
2883 2180
2884 2884
2884 2408
2884 1103
2885 2885
2885 3640
2885 1974
2886 2886
2886 584
2886 65
2887 2887
2887 8
2887 294
2888 2888
2888 2302
2888 3185
2889 646
2889 910
2889 2889
2890 2890
2890 312
2890 1321
2891 2891
2891 1589
2891 1284
2892 2892
2892 3915
2892 8
2893 2893
2893 650
2893 801
2894 2894
2894 659
2894 3557
2895 2895
2895 2176
2895 807
2896 2896
2896 296
2896 378
2897 2897
2897 1353
2897 1404
2898 2898
2898 1902
2898 3188
2899 2899
2899 989
2899 2221
2900 2900
2900 947
2900 358
2901 2901
2901 2967
2901 1753
2902 2902
2902 1713
2902 8
2903 1019
2903 2903
2903 2560
2904 2904
2904 1506
2904 1796
2905 2905
2905 3042
2905 2394
2906 2906
2906 1872
2906 3171
2907 2907
2907 3758
2907 3556
2908 2908
2908 858
2908 947
2909 2909
2909 3806
2909 1936
2910 2910
2910 1289
2910 1392
2911 2911
2911 3852
2911 3381
2912 2912
2912 2073
2912 2714
2913 2913
2913 1688
2913 8
2914 2914
2914 2991
2914 8
2915 8
2915 294
2915 338
2916 2916
2916 28
2916 4033
2917 2917
2917 1636
2917 2870
2918 2918
2918 875
2918 1204
2919 2919
2919 3744
2919 2281
2920 2920
2920 3514
2920 3415
2921 2921
2921 2287
2921 545
2922 2922
2922 1918
2922 3107
2923 2317
2923 2923
2923 3994
2924 2924
2924 2666
2924 956
2925 2925
2925 868
2925 3889
2926 2926
2926 3639
2926 1889
2927 2927
2927 1982
2927 1456
2928 2928
2928 3047
2928 3450
2929 2929
2929 658
2929 1136
2930 2930
2930 1831
2930 3258
2931 221
2931 2931
2931 2706
2932 2932
2932 2496
2932 2958
2933 2933
2933 3550
2933 1069
2934 2934
2934 580
2934 8
2935 2935
2935 2066
2935 420
2936 2936
2936 2872
2936 434
2937 1898
2937 2937
2937 3778
2938 2938
2938 2856
2938 3149
2939 2939
2939 1638
2939 3198
2940 2940
2940 1230
2940 1632
2941 2941
2941 179
2941 230
2942 2942
2942 1153
2942 3584
2943 2943
2943 1769
2943 650
2944 2944
2944 3918
2944 3247
2945 2945
2945 2762
2945 1006
2946 2946
2946 378
2946 1190
2947 2947
2947 2152
2947 704
2948 2948
2948 296
2948 529
2949 2949
2949 3085
2949 8
2950 2950
2950 3366
2950 176
2951 2951
2951 750
2951 2239
2952 2952
2952 3975
2952 2887
2953 2953
2953 291
2953 319
2954 2954
2954 169
2954 650
2955 2955
2955 721
2955 917
2956 2956
2956 253
2956 3621
2957 2957
2957 3338
2957 761
2958 2496
2958 2958
2958 989
2959 2959
2959 3303
2959 8
2960 2960
2960 3131
2960 3226
2961 2961
2961 1956
2961 343
2962 2962
2962 194
2962 3516
2963 2963
2963 655
2963 914
2964 2964
2964 775
2964 3021
2965 2965
2965 2160
2965 3397
2966 2966
2966 3403
2966 1303
2967 2967
2967 2901
2967 3006
2968 2968
2968 1786
2968 2655
2969 2969
2969 362
2969 1661
2970 2970
2970 1832
2970 1498
2971 2971
2971 8
2971 294
2972 8
2972 294
2972 338
2973 2973
2973 1514
2973 2308
2974 2974
2974 2355
2974 3325
2975 2975
2975 8
2975 294
2976 2976
2976 2406
2976 8
2977 2977
2977 3847
2977 564
2978 2089
2978 2978
2978 650
2979 2979
2979 1598
2979 2036
2980 2980
2980 3623
2980 3751
2981 2981
2981 1769
2981 3626
2982 2192
2982 2982
2982 3937
2983 2983
2983 2049
2983 888
2984 2984
2984 362
2984 2969
2985 2985
2985 3285
2985 2143
2986 2986
2986 2247
2986 1726
2987 2987
2987 1889
2987 8
2988 2988
2988 2119
2988 468
2989 2989
2989 253
2989 3621
2990 2990
2990 3127
2990 1285
2991 2914
2991 2991
2991 8
2992 2992
2992 3619
2992 1704
2993 2993
2993 3937
2993 8
2994 2687
2994 2994
2994 3549
2995 2995
2995 1244
2995 593
2996 2996
2996 8
2996 294
2997 2997
2997 3742
2997 821
2998 2998
2998 1861
2998 1168
2999 2999
2999 1883
2999 144
3000 505
3000 1224
3000 3000
3001 3001
3001 1030
3001 1353
3002 3002
3002 2835
3002 2217
3003 1103
3003 3003
3003 2560
3004 3004
3004 2601
3004 157
3005 866
3005 3005
3005 2823
3006 3006
3006 134
3006 771
3007 3007
3007 2202
3007 4055
3008 3008
3008 2016
3008 3626
3009 3009
3009 3084
3009 1017
3010 3010
3010 990
3010 1251
3011 3011
3011 2154
3011 902
3012 3012
3012 3374
3012 3889
3013 3013
3013 41
3013 2005
3014 3014
3014 3477
3014 3764
3015 3015
3015 1547
3015 1220
3016 406
3016 3016
3016 1611
3017 3017
3017 3085
3017 8
3018 129
3018 3018
3018 3131
3019 3019
3019 270
3019 2287
3020 3020
3020 68
3020 3650
3021 3021
3021 775
3021 839
3022 3022
3022 1513
3022 2872
3023 3023
3023 578
3023 109
3024 3024
3024 369
3024 820
3025 3025
3025 3887
3025 1544
3026 3026
3026 933
3026 3937
3027 3027
3027 3860
3027 8
3028 3028
3028 881
3028 3733
3029 155
3029 3029
3029 586
3030 3030
3030 875
3030 1299
3031 3031
3031 1262
3031 599
3032 3032
3032 1746
3032 2491
3033 3033
3033 3728
3033 2887
3034 3034
3034 3569
3034 3631
3035 3035
3035 109
3035 208
3036 3036
3036 2437
3036 3056
3037 3037
3037 1531
3037 4051
3038 3038
3038 650
3038 991
3039 3039
3039 638
3039 10
3040 3040
3040 378
3040 2721
3041 3041
3041 3182
3041 2188
3042 3042
3042 2905
3042 282
3043 3043
3043 1822
3043 8
3044 3044
3044 1549
3044 984
3045 3045
3045 3419
3045 2226
3046 3046
3046 1211
3046 2180
3047 3047
3047 3450
3047 2560
3048 3048
3048 587
3048 874
3049 3049
3049 3671
3049 8
3050 869
3050 3050
3050 3495
3051 3051
3051 3900
3051 111
3052 3052
3052 318
3052 2164
3053 3053
3053 699
3053 2496
3054 3054
3054 1353
3054 1404
3055 3055
3055 2820
3055 2708
3056 3056
3056 650
3056 991
3057 3057
3057 8
3057 294
3058 3058
3058 2914
3058 2991
3059 3059
3059 3536
3059 402
3060 855
3060 3060
3060 1661
3061 3061
3061 1909
3061 733
3062 3062
3062 3745
3062 917
3063 3063
3063 1619
3063 2204
3064 3064
3064 3392
3064 3815
3065 3065
3065 1389
3065 3040
3066 3066
3066 548
3066 1006
3067 3067
3067 3415
3067 737
3068 3068
3068 2567
3068 2837
3069 3069
3069 2016
3069 130
3070 3070
3070 230
3070 2800
3071 3071
3071 2637
3071 2690
3072 3072
3072 3325
3072 8
3073 3073
3073 358
3073 858
3074 3074
3074 168
3074 1489
3075 3075
3075 264
3075 179
3076 3076
3076 3082
3076 730
3077 3077
3077 650
3077 991
3078 3078
3078 3364
3078 343
3079 2065
3079 3079
3079 2211
3080 3080
3080 3896
3080 1136
3081 3081
3081 3467
3081 2029
3082 3082
3082 730
3082 3076
3083 2079
3083 3083
3083 2530
3084 3084
3084 3009
3084 1952
3085 3085
3085 8
3085 294
3086 3086
3086 731
3086 1211
3087 3087
3087 1008
3087 414
3088 3088
3088 3122
3088 370
3089 3089
3089 5
3089 652
3090 1595
3090 2711
3090 3090
3091 3091
3091 2250
3091 669
3092 3092
3092 1211
3092 1289
3093 3093
3093 2659
3093 1770
3094 3094
3094 1115
3094 1604
3095 3095
3095 1979
3095 559
3096 3096
3096 2808
3096 8
3097 3097
3097 827
3097 104
3098 3098
3098 733
3098 875
3099 3099
3099 2211
3099 731
3100 3100
3100 2
3100 1047
3101 3101
3101 3490
3101 1818
3102 3102
3102 3073
3102 3169
3103 3103
3103 1831
3103 8
3104 3104
3104 3246
3104 1744
3105 3105
3105 3122
3105 370
3106 3106
3106 121
3106 173
3107 3107
3107 3775
3107 2308
3108 3108
3108 1319
3108 3150
3109 3109
3109 170
3109 1211
3110 3110
3110 28
3110 2870
3111 1357
3111 3111
3111 1353
3112 3112
3112 1387
3112 42
3113 3113
3113 1289
3113 1392
3114 3114
3114 733
3114 840
3115 3115
3115 2819
3115 767
3116 3116
3116 2861
3116 3715
3117 3117
3117 1993
3117 2132
3118 3118
3118 1792
3118 3562
3119 3119
3119 378
3119 2721
3120 3120
3120 2090
3120 883
3121 3121
3121 1473
3121 2154
3122 3122
3122 370
3122 650
3123 3123
3123 3607
3123 1336
3124 3124
3124 806
3124 441
3125 3125
3125 416
3125 2260
3126 3126
3126 3306
3126 8
3127 3127
3127 1285
3127 2990
3128 3128
3128 2124
3128 1393
3129 3129
3129 483
3129 296
3130 3130
3130 768
3130 450
3131 3131
3131 989
3131 2221
3132 3132
3132 2462
3132 1522
3133 3133
3133 3703
3133 3058
3134 1211
3134 2180
3134 3134
3135 3135
3135 1179
3135 3040
3136 1947
3136 3136
3136 875
3137 3137
3137 959
3137 1353
3138 3138
3138 1331
3138 3077
3139 3139
3139 1667
3139 378
3140 3140
3140 3625
3140 2447
3141 3141
3141 3843
3141 1179
3142 3142
3142 3402
3142 2886
3143 3143
3143 1932
3143 345
3144 3144
3144 1418
3144 92
3145 3145
3145 312
3145 1723
3146 3146
3146 2266
3146 875
3147 3147
3147 130
3147 1165
3148 3148
3148 2336
3148 145
3149 3149
3149 2938
3149 2856
3150 3150
3150 3108
3150 1319
3151 3151
3151 2309
3151 785
3152 1489
3152 3152
3152 168
3153 8
3153 294
3153 338
3154 3154
3154 45
3154 126
3155 3155
3155 2791
3155 1452
3156 3156
3156 2661
3156 527
3157 3157
3157 2318
3157 312
3158 3158
3158 1939
3158 875
3159 3159
3159 875
3159 1299
3160 3160
3160 2089
3160 2978
3161 3161
3161 646
3161 910
3162 3162
3162 806
3162 441
3163 3163
3163 856
3163 2850
3164 3164
3164 2153
3164 822
3165 3165
3165 2000
3165 1797
3166 233
3166 1151
3166 3166
3167 3167
3167 3808
3167 161
3168 3168
3168 252
3168 3738
3169 3169
3169 1882
3169 2578
3170 3170
3170 2347
3170 3431
3171 3171
3171 1872
3171 2906
3172 3172
3172 593
3172 3662
3173 3173
3173 3828
3173 301
3174 1288
3174 3174
3174 1211
3175 3175
3175 3366
3175 176
3176 3176
3176 1667
3176 2210
3177 3177
3177 1211
3177 2180
3178 3178
3178 8
3178 294
3179 3179
3179 41
3179 527
3180 3180
3180 2481
3180 3205
3181 3181
3181 3363
3181 3464
3182 3182
3182 3041
3182 255
3183 3183
3183 638
3183 731
3184 3184
3184 1303
3184 1900
3185 3185
3185 2888
3185 1614
3186 3186
3186 2187
3186 1215
3187 3187
3187 693
3187 255
3188 3188
3188 1353
3188 1404
3189 3189
3189 2068
3189 2416
3190 3190
3190 3551
3190 3959
3191 3191
3191 1481
3191 1898
3192 3192
3192 1353
3192 1404
3193 1443
3193 3193
3193 179
3194 3194
3194 1432
3194 3126
3195 3195
3195 3845
3195 2953
3196 3196
3196 501
3196 1321
3197 3197
3197 3706
3197 2675
3198 3198
3198 2707
3198 3303
3199 3199
3199 877
3199 3775
3200 3200
3200 1063
3200 2560
3201 3201
3201 3335
3201 1798
3202 3202
3202 3868
3202 2252
3203 3203
3203 2010
3203 570
3204 3204
3204 2561
3204 696
3205 3205
3205 3180
3205 2481
3206 1808
3206 3206
3206 8
3207 3207
3207 1587
3207 1023
3208 3208
3208 2578
3208 1882
3209 3209
3209 1190
3209 3753
3210 3210
3210 618
3210 989
3211 3211
3211 3737
3211 3626
3212 3212
3212 1211
3212 2180
3213 3213
3213 733
3213 851
3214 3214
3214 3444
3214 1006
3215 3215
3215 8
3215 294
3216 3216
3216 2537
3216 111
3217 3217
3217 1966
3217 8
3218 3218
3218 56
3218 1625
3219 3219
3219 8
3219 179
3220 3220
3220 2914
3220 2991
3221 3221
3221 343
3221 1917
3222 3222
3222 3077
3222 170
3223 3223
3223 3030
3223 875
3224 3224
3224 16
3224 236
3225 3225
3225 613
3225 1562
3226 3226
3226 2960
3226 3131
3227 3227
3227 796
3227 3872
3228 3228
3228 2574
3228 2536
3229 3229
3229 888
3229 2049
3230 3230
3230 2846
3230 8
3231 3231
3231 3837
3231 2271
3232 3232
3232 3976
3232 925
3233 3233
3233 986
3233 1519
3234 3234
3234 455
3234 704
3235 3235
3235 3540
3235 3442
3236 3236
3236 1604
3236 3119
3237 3237
3237 81
3237 989
3238 3238
3238 1179
3238 8
3239 3239
3239 981
3239 2530
3240 3240
3240 1144
3240 3077
3241 3241
3241 8
3241 294
3242 3242
3242 952
3242 1753
3243 1992
3243 3243
3243 650
3244 3244
3244 8
3244 294
3245 3245
3245 572
3245 2252
3246 3246
3246 1552
3246 1744
3247 3247
3247 179
3247 62
3248 3248
3248 1186
3248 2177
3249 3249
3249 322
3249 947
3250 3250
3250 87
3250 1323
3251 3251
3251 593
3251 575
3252 3252
3252 1017
3252 2272
3253 3253
3253 394
3253 3816
3254 3254
3254 997
3254 784
3255 3255
3255 3309
3255 1136
3256 3256
3256 3167
3256 3808
3257 3257
3257 3739
3257 1406
3258 3258
3258 8
3258 294
3259 3259
3259 4035
3259 1634
3260 3260
3260 955
3260 3626
3261 3261
3261 2845
3261 2887
3262 3262
3262 810
3262 2723
3263 3263
3263 2730
3263 79
3264 3264
3264 1082
3264 3743
3265 3265
3265 260
3265 1265
3266 3266
3266 3826
3266 2658
3267 3267
3267 961
3267 296
3268 3268
3268 8
3268 294
3269 3269
3269 408
3269 414
3270 8
3270 294
3270 338
3271 3271
3271 2870
3271 3397
3272 3272
3272 793
3272 1165
3273 3273
3273 179
3273 1786
3274 3274
3274 1982
3274 2485
3275 3275
3275 3563
3275 2493
3276 3276
3276 1035
3276 1211
3277 3277
3277 3551
3277 3190
3278 3278
3278 2634
3278 319
3279 3279
3279 8
3279 179
3280 3280
3280 3755
3280 1136
3281 3281
3281 1197
3281 481
3282 3282
3282 3710
3282 94
3283 3283
3283 1370
3283 1781
3284 968
3284 1734
3284 3284
3285 3285
3285 3885
3285 1997
3286 3286
3286 593
3286 628
3287 3287
3287 3966
3287 8
3288 386
3288 3288
3288 2887
3289 3289
3289 73
3289 156
3290 3290
3290 2016
3290 130
3291 3291
3291 3886
3291 1716
3292 732
3292 3292
3292 2252
3293 3293
3293 3739
3293 3447
3294 3294
3294 875
3294 1299
3295 3295
3295 2462
3295 1522
3296 3296
3296 371
3296 3615
3297 3297
3297 2009
3297 104
3298 3298
3298 3623
3298 2980
3299 3299
3299 3765
3299 2914
3300 3300
3300 3420
3300 58
3301 3301
3301 890
3301 618
3302 3302
3302 3701
3302 136
3303 3303
3303 8
3303 294
3304 3304
3304 57
3304 527
3305 3305
3305 2028
3305 364
3306 3126
3306 3306
3306 8
3307 2580
3307 3307
3307 1503
3308 3308
3308 343
3308 1767
3309 3309
3309 3255
3309 2662
3310 3310
3310 2284
3310 217
3311 3311
3311 1017
3311 2272
3312 3312
3312 3846
3312 2204
3313 3313
3313 3507
3313 2560
3314 3314
3314 1035
3314 2914
3315 3315
3315 3069
3315 1931
3316 3316
3316 731
3316 875
3317 3317
3317 1312
3317 2560
3318 3318
3318 157
3318 1179
3319 3319
3319 1847
3319 2252
3320 1496
3320 2454
3320 3320
3321 3321
3321 993
3321 2283
3322 893
3322 3322
3322 1723
3323 1606
3323 2338
3323 3323
3324 3324
3324 3560
3324 875
3325 3325
3325 8
3325 294
3326 3326
3326 1472
3326 1781
3327 3327
3327 2770
3327 2161
3328 3328
3328 880
3328 1128
3329 3329
3329 164
3329 179
3330 3330
3330 3958
3330 527
3331 3331
3331 3056
3331 468
3332 3332
3332 3303
3332 8
3333 3333
3333 8
3333 294
3334 3334
3334 562
3334 815
3335 3335
3335 1798
3335 3201
3336 3336
3336 2424
3336 214
3337 3337
3337 4044
3337 255
3338 3338
3338 2957
3338 1967
3339 3339
3339 619
3339 2004
3340 3340
3340 2428
3340 525
3341 3341
3341 1570
3341 62
3342 3342
3342 170
3342 788
3343 3343
3343 1677
3343 2726
3344 3344
3344 3583
3344 2022
3345 8
3345 294
3345 338
3346 3346
3346 2914
3346 2991
3347 3347
3347 1604
3347 1667
3348 3348
3348 2027
3348 3119
3349 2505
3349 2604
3349 3349
3350 3350
3350 2105
3350 2702
3351 3351
3351 2552
3351 2887
3352 3352
3352 2095
3352 128
3353 3353
3353 1289
3353 1392
3354 3354
3354 3455
3354 8
3355 3355
3355 304
3355 1149
3356 1765
3356 3356
3356 3372
3357 3357
3357 302
3357 1900
3358 3358
3358 1314
3358 4034
3359 3359
3359 3840
3359 740
3360 3360
3360 1400
3360 2831
3361 3361
3361 609
3361 733
3362 3362
3362 2811
3362 1187
3363 3363
3363 3181
3363 992
3364 3364
3364 2252
3364 1211
3365 3365
3365 1177
3365 1662
3366 3366
3366 176
3366 3175
3367 2217
3367 3367
3367 378
3368 3368
3368 2366
3368 718
3369 3369
3369 1239
3369 1493
3370 3370
3370 1439
3370 2070
3371 2478
3371 3371
3371 1688
3372 3372
3372 1528
3372 2601
3373 3373
3373 2098
3373 2642
3374 3374
3374 3012
3374 1689
3375 3375
3375 242
3375 393
3376 3376
3376 481
3376 3991
3377 3377
3377 1179
3377 8
3378 3378
3378 2825
3378 8
3379 3379
3379 1327
3379 1394
3380 3380
3380 2427
3380 490
3381 3381
3381 2911
3381 3852
3382 3382
3382 1301
3382 3670
3383 3383
3383 926
3383 2804
3384 3384
3384 1667
3384 378
3385 3385
3385 1211
3385 1688
3386 3386
3386 477
3386 2490
3387 3387
3387 3087
3387 1008
3388 3388
3388 650
3388 918
3389 3389
3389 41
3389 2005
3390 3390
3390 1137
3390 2782
3391 3391
3391 1769
3391 468
3392 3064
3392 3392
3392 3815
3393 3393
3393 3756
3393 1353
3394 3394
3394 2447
3394 555
3395 3395
3395 593
3395 760
3396 3396
3396 1963
3396 596
3397 3397
3397 303
3397 2160
3398 1136
3398 1316
3398 1700
3399 3399
3399 275
3399 464
3400 3400
3400 1211
3400 2180
3401 3401
3401 989
3401 1321
3402 3402
3402 177
3402 3470
3403 2966
3403 3403
3403 1303
3404 3404
3404 1281
3404 8
3405 3405
3405 263
3405 8
3406 3406
3406 871
3406 3524
3407 3407
3407 296
3407 179
3408 3408
3408 8
3408 294
3409 3409
3409 1070
3409 2887
3410 3410
3410 4005
3410 588
3411 3411
3411 2811
3411 3652
3412 3412
3412 2353
3412 575
3413 3413
3413 8
3413 294
3414 3414
3414 650
3414 761
3415 3415
3415 737
3415 3514
3416 3416
3416 2328
3416 123
3417 3417
3417 650
3417 991
3418 3418
3418 1996
3418 1353
3419 3419
3419 1974
3419 2210
3420 3420
3420 691
3420 1136
3421 3421
3421 1072
3421 1919
3422 3422
3422 2620
3422 8
3423 3423
3423 593
3423 40
3424 2327
3424 3424
3424 1917
3425 3425
3425 8
3425 294
3426 3426
3426 1949
3426 1145
3427 3427
3427 1237
3427 819
3428 3428
3428 1272
3428 2099
3429 3429
3429 1289
3429 1392
3430 3430
3430 813
3430 875
3431 3431
3431 2347
3431 325
3432 3432
3432 1017
3432 1496
3433 3433
3433 689
3433 1303
3434 3434
3434 2933
3434 355
3435 3435
3435 317
3435 2646
3436 3436
3436 614
3436 2518
3437 3437
3437 8
3437 294
3438 1442
3438 3438
3438 650
3439 3439
3439 3189
3439 1515
3440 3440
3440 325
3440 1128
3441 3441
3441 979
3441 2194
3442 3442
3442 3110
3442 28
3443 3443
3443 624
3443 875
3444 3444
3444 1006
3444 3214
3445 3445
3445 1303
3445 378
3446 3446
3446 1563
3446 1710
3447 3447
3447 3909
3447 3258
3448 3448
3448 1273
3448 3525
3449 3449
3449 8
3449 294
3450 3047
3450 3450
3450 2560
3451 3451
3451 956
3451 92
3452 3452
3452 2535
3452 2655
3453 3453
3453 400
3453 2110
3454 3454
3454 3873
3454 3061
3455 3455
3455 8
3455 294
3456 3456
3456 2673
3456 278
3457 3457
3457 2837
3457 2567
3458 3458
3458 65
3458 1786
3459 3459
3459 312
3459 586
3460 3460
3460 2282
3460 2173
3461 3461
3461 953
3461 707
3462 3462
3462 650
3462 991
3463 3463
3463 3693
3463 2562
3464 3464
3464 3363
3464 3181
3465 723
3465 3465
3465 2772
3466 3466
3466 2478
3466 3371
3467 3467
3467 363
3467 2039
3468 3468
3468 3973
3468 1720
3469 3469
3469 527
3469 1292
3470 177
3470 3470
3470 634
3471 3471
3471 1055
3471 2437
3472 3472
3472 2023
3472 2616
3473 3473
3473 1822
3473 2601
3474 3474
3474 459
3474 2652
3475 3475
3475 447
3475 4026
3476 3476
3476 8
3476 230
3477 3477
3477 3764
3477 1211
3478 3478
3478 2209
3478 262
3479 3479
3479 1786
3479 2712
3480 1611
3480 3480
3480 2152
3481 3481
3481 217
3481 1010
3482 3482
3482 1706
3482 170
3483 3483
3483 2818
3483 510
3484 3484
3484 405
3484 1921
3485 3485
3485 793
3485 571
3486 3486
3486 2710
3486 3834
3487 3487
3487 1575
3487 1351
3488 3488
3488 312
3488 1889
3489 3489
3489 1350
3489 595
3490 3490
3490 3101
3490 3705
3491 3491
3491 4043
3491 60
3492 3492
3492 3588
3492 533
3493 3493
3493 2914
3493 2991
3494 3494
3494 1826
3494 2961
3495 869
3495 3050
3495 3495
3496 3496
3496 1807
3496 2210
3497 3497
3497 573
3497 375
3498 3498
3498 2813
3498 1141
3499 3499
3499 8
3499 294
3500 3500
3500 650
3500 918
3501 3501
3501 3709
3501 104
3502 3502
3502 1277
3502 3781
3503 3503
3503 1290
3503 966
3504 3504
3504 229
3504 1248
3505 3505
3505 2319
3505 1085
3506 3506
3506 1271
3506 3735
3507 3507
3507 3313
3507 3486
3508 3508
3508 1740
3508 2771
3509 3509
3509 581
3509 1393
3510 3510
3510 2558
3510 3823
3511 3511
3511 813
3511 179
3512 2159
3512 3512
3512 2073
3513 3513
3513 8
3513 294
3514 3514
3514 737
3514 2920
3515 3515
3515 2029
3515 126
3516 194
3516 3516
3516 1303
3517 3517
3517 650
3517 875
3518 3518
3518 179
3518 62
3519 3519
3519 1140
3519 3898
3520 3520
3520 3711
3520 2333
3521 3521
3521 1982
3521 2485
3522 3522
3522 2306
3522 1017
3523 3523
3523 2547
3523 3874
3524 3524
3524 871
3524 3406
3525 3525
3525 1273
3525 3448
3526 3526
3526 1112
3526 194
3527 3527
3527 2423
3527 912
3528 3528
3528 2306
3528 1909
3529 3529
3529 2567
3529 2837
3530 3530
3530 118
3530 62
3531 3531
3531 3813
3531 58
3532 3532
3532 3562
3532 329
3533 3533
3533 1039
3533 2279
3534 3534
3534 1517
3534 1602
3535 3535
3535 343
3535 1614
3536 3536
3536 3059
3536 402
3537 3537
3537 218
3537 1540
3538 3538
3538 65
3538 1017
3539 3539
3539 201
3539 3601
3540 3540
3540 3235
3540 3442
3541 3541
3541 41
3541 2005
3542 3542
3542 3547
3542 1503
3543 3543
3543 378
3543 2721
3544 3544
3544 2152
3544 3077
3545 83
3545 3545
3545 1723
3546 3546
3546 1823
3546 784
3547 3547
3547 729
3547 319
3548 3548
3548 1992
3548 3243
3549 2687
3549 2994
3549 3549
3550 3550
3550 2933
3550 2011
3551 3551
3551 3190
3551 3585
3552 3552
3552 580
3552 8
3553 3553
3553 335
3553 527
3554 3554
3554 1214
3554 310
3555 3555
3555 305
3555 875
3556 3556
3556 3543
3556 378
3557 3557
3557 8
3557 294
3558 3558
3558 3588
3558 3916
3559 3559
3559 1688
3559 8
3560 3560
3560 875
3560 1299
3561 3561
3561 671
3561 172
3562 3562
3562 329
3562 3532
3563 3563
3563 3275
3563 2493
3564 3564
3564 2754
3564 111
3565 3565
3565 2122
3565 3657
3566 3566
3566 565
3566 161
3567 3567
3567 1777
3567 527
3568 3568
3568 3946
3568 8
3569 3569
3569 1190
3569 2914
3570 1550
3570 3570
3570 2825
3571 3571
3571 325
3571 370
3572 3572
3572 2189
3572 3897
3573 3573
3573 1289
3573 1392
3574 3574
3574 816
3574 1523
3575 3575
3575 852
3575 2130
3576 3576
3576 1829
3576 634
3577 3577
3577 632
3577 27
3578 3578
3578 247
3578 1052
3579 3579
3579 296
3579 179
3580 3580
3580 593
3580 457
3581 3581
3581 1110
3581 489
3582 3582
3582 1456
3582 1775
3583 3583
3583 3344
3583 2022
3584 3584
3584 2846
3584 8
3585 3585
3585 624
3585 875
3586 3586
3586 760
3586 1289
3587 3587
3587 1780
3587 310
3588 3588
3588 3916
3588 8
3589 3589
3589 8
3589 294
3590 3590
3590 3215
3590 8
3591 3591
3591 2613
3591 1030
3592 3592
3592 1289
3592 1392
3593 3593
3593 1289
3593 1392
3594 3594
3594 947
3594 358
3595 3595
3595 8
3595 294
3596 3596
3596 397
3596 1211
3597 3597
3597 1166
3597 4048
3598 2682
3598 3598
3598 695
3599 3599
3599 2508
3599 3131
3600 3600
3600 916
3600 1667
3601 3601
3601 3040
3601 609
3602 3602
3602 1974
3602 2210
3603 3603
3603 1349
3603 2248
3604 3604
3604 644
3604 61
3605 3605
3605 422
3605 788
3606 3606
3606 2698
3606 1608
3607 3123
3607 3607
3607 1336
3608 8
3608 294
3608 338
3609 3609
3609 2914
3609 2991
3610 3610
3610 1775
3610 8
3611 3611
3611 1344
3611 505
3612 378
3612 2721
3612 3612
3613 3613
3613 1179
3613 8
3614 3614
3614 1610
3614 37
3615 3615
3615 371
3615 3296
3616 3616
3616 3975
3616 650
3617 3617
3617 4029
3617 767
3618 3618
3618 314
3618 92
3619 3619
3619 2992
3619 3126
3620 3620
3620 2252
3620 1211
3621 3621
3621 253
3621 2956
3622 3622
3622 3557
3622 312
3623 3623
3623 2980
3623 3751
3624 3624
3624 1892
3624 989
3625 3625
3625 3140
3625 2233
3626 3626
3626 126
3626 875
3627 3627
3627 2362
3627 1987
3628 3628
3628 2883
3628 1211
3629 3629
3629 3938
3629 3049
3630 3630
3630 2744
3630 305
3631 3631
3631 2550
3631 650
3632 3632
3632 2981
3632 42
3633 3633
3633 8
3633 294
3634 3634
3634 2447
3634 2279
3635 3635
3635 1974
3635 2210
3636 3636
3636 3541
3636 3931
3637 3637
3637 636
3637 888
3638 3638
3638 4022
3638 778
3639 3639
3639 2926
3639 561
3640 3640
3640 2885
3640 1974
3641 1292
3641 3641
3641 8
3642 3642
3642 2914
3642 2991
3643 3643
3643 1211
3643 2180
3644 3644
3644 1627
3644 426
3645 3645
3645 804
3645 3898
3646 3646
3646 3943
3646 883
3647 1249
3647 3647
3647 685
3648 3648
3648 601
3648 1456
3649 3649
3649 875
3649 1299
3650 3650
3650 68
3650 2282
3651 3651
3651 1095
3651 1137
3652 3652
3652 2811
3652 1187
3653 3653
3653 2601
3653 959
3654 3654
3654 4047
3654 1893
3655 3655
3655 2469
3655 368
3656 3656
3656 2276
3656 2845
3657 3657
3657 2122
3657 3565
3658 3658
3658 875
3658 1299
3659 3659
3659 1260
3659 300
3660 3660
3660 2916
3660 28
3661 3661
3661 1567
3661 2870
3662 3662
3662 378
3662 2721
3663 3663
3663 913
3663 378
3664 85
3664 3664
3664 2960
3665 3665
3665 976
3665 2548
3666 3666
3666 1986
3666 1708
3667 3667
3667 50
3667 2821
3668 3668
3668 3990
3668 370
3669 3669
3669 1179
3669 8
3670 3670
3670 2127
3670 1301
3671 3671
3671 3049
3671 8
3672 3672
3672 609
3672 2317
3673 2304
3673 3673
3673 1035
3674 3674
3674 3975
3674 650
3675 3675
3675 2210
3675 378
3676 3676
3676 225
3676 2654
3677 3677
3677 3006
3677 2901
3678 333
3678 3678
3678 3543
3679 3679
3679 1494
3679 1893
3680 3680
3680 499
3680 4001
3681 3681
3681 2857
3681 888
3682 3682
3682 634
3682 2795
3683 2560
3683 3683
3683 8
3684 3684
3684 2196
3684 954
3685 3685
3685 1274
3685 1212
3686 3686
3686 8
3686 294
3687 3687
3687 1463
3687 335
3688 3688
3688 849
3688 2071
3689 3689
3689 1353
3689 1404
3690 3690
3690 442
3690 731
3691 3691
3691 2132
3691 3117
3692 3692
3692 3694
3692 3948
3693 3463
3693 3693
3693 2562
3694 3694
3694 3692
3694 3948
3695 3695
3695 378
3695 733
3696 3696
3696 533
3696 179
3697 3697
3697 3252
3697 402
3698 3698
3698 2605
3698 2489
3699 3699
3699 2816
3699 2701
3700 3700
3700 1136
3700 1316
3701 3701
3701 136
3701 2847
3702 3702
3702 3807
3702 1178
3703 3133
3703 3703
3703 3058
3704 3704
3704 650
3704 991
3705 3705
3705 3101
3705 3490
3706 3706
3706 3197
3706 767
3707 3707
3707 2271
3707 2463
3708 3708
3708 2695
3708 248
3709 3501
3709 3709
3709 104
3710 3282
3710 3710
3710 94
3711 3711
3711 3520
3711 3031
3712 3712
3712 230
3712 345
3713 3713
3713 2464
3713 1013
3714 3714
3714 104
3714 2357
3715 3715
3715 2861
3715 3116
3716 3716
3716 1039
3716 3533
3717 3717
3717 8
3717 294
3718 3718
3718 1519
3718 2440
3719 3719
3719 2252
3719 733
3720 3720
3720 354
3720 2808
3721 1430
3721 3721
3721 1035
3722 3722
3722 273
3722 637
3723 3723
3723 127
3723 533
3724 3724
3724 3779
3724 1279
3725 3725
3725 2121
3725 389
3726 3726
3726 875
3726 1299
3727 3727
3727 1321
3727 1661
3728 3728
3728 3033
3728 2887
3729 3729
3729 2707
3729 8
3730 3730
3730 2514
3730 1377
3731 3731
3731 1843
3731 2767
3732 3732
3732 2560
3732 3683
3733 3733
3733 881
3733 3028
3734 3734
3734 2918
3734 41
3735 3735
3735 944
3735 1271
3736 3736
3736 81
3736 875
3737 3737
3737 3626
3737 126
3738 3738
3738 3168
3738 252
3739 3739
3739 1889
3739 2845
3740 3740
3740 1294
3740 2658
3741 3741
3741 1465
3741 348
3742 3742
3742 2447
3742 2997
3743 3743
3743 3264
3743 130
3744 3744
3744 2919
3744 2281
3745 3745
3745 2194
3745 447
3746 3746
3746 1353
3746 1404
3747 801
3747 3747
3747 650
3748 3748
3748 3848
3748 138
3749 3749
3749 1012
3749 1556
3750 3750
3750 8
3750 294
3751 3751
3751 3623
3751 2980
3752 3752
3752 8
3752 294
3753 3753
3753 8
3753 294
3754 3754
3754 731
3754 1153
3755 3755
3755 1831
3755 1136
3756 3756
3756 3393
3756 1353
3757 3757
3757 3802
3757 156
3758 3758
3758 2907
3758 3058
3759 3759
3759 312
3759 1496
3760 3760
3760 956
3760 1725
3761 3761
3761 1496
3761 2308
3762 839
3762 3762
3762 775
3763 3763
3763 179
3763 62
3764 3764
3764 3477
3764 3014
3765 3765
3765 3299
3765 92
3766 3766
3766 2671
3766 2123
3767 3767
3767 3908
3767 169
3768 3768
3768 3
3768 3892
3769 3769
3769 2210
3769 378
3770 3770
3770 2601
3770 1787
3771 3771
3771 1871
3771 3732
3772 3772
3772 2650
3772 296
3773 3773
3773 358
3773 858
3774 3774
3774 8
3774 294
3775 3775
3775 3199
3775 877
3776 3776
3776 3178
3776 8
3777 3777
3777 2152
3777 729
3778 1898
3778 2937
3778 3778
3779 3779
3779 3724
3779 65
3780 3780
3780 1422
3780 3951
3781 3781
3781 3502
3781 1277
3782 3782
3782 1970
3782 733
3783 3783
3783 829
3783 3980
3784 3784
3784 8
3784 294
3785 3785
3785 819
3785 1654
3786 3786
3786 2305
3786 132
3787 3787
3787 2537
3787 111
3788 3788
3788 1128
3788 2171
3789 3789
3789 2238
3789 497
3790 3790
3790 181
3790 1152
3791 3791
3791 1615
3791 1889
3792 3792
3792 3623
3792 2980
3793 3793
3793 92
3793 157
3794 3794
3794 2695
3794 428
3795 3795
3795 2661
3795 62
3796 3796
3796 468
3796 1889
3797 3797
3797 312
3797 1688
3798 3798
3798 1334
3798 8
3799 3799
3799 239
3799 164
3800 116
3800 3800
3800 3934
3801 3801
3801 414
3801 729
3802 3802
3802 1353
3802 1404
3803 3803
3803 3784
3803 2444
3804 3804
3804 1289
3804 1392
3805 3805
3805 2655
3805 875
3806 3806
3806 2909
3806 1936
3807 3807
3807 1178
3807 3702
3808 3808
3808 3167
3808 2845
3809 3809
3809 813
3809 104
3810 1455
3810 3810
3810 420
3811 3811
3811 1335
3811 157
3812 3812
3812 1581
3812 1393
3813 3813
3813 3531
3813 58
3814 3814
3814 3258
3814 8
3815 3815
3815 3064
3815 3392
3816 3816
3816 394
3816 3253
3817 3817
3817 3537
3817 218
3818 3818
3818 3212
3818 230
3819 3819
3819 1667
3819 378
3820 3820
3820 325
3820 2347
3821 3821
3821 1202
3821 1516
3822 3822
3822 1586
3822 2112
3823 3823
3823 1496
3823 2454
3824 514
3824 3824
3824 2560
3825 3825
3825 580
3825 650
3826 3826
3826 3266
3826 2658
3827 3827
3827 2234
3827 92
3828 3828
3828 3173
3828 301
3829 8
3829 294
3829 338
3830 3830
3830 171
3830 8
3831 3831
3831 3415
3831 737
3832 3832
3832 381
3832 989
3833 1607
3833 3833
3833 179
3834 3834
3834 2710
3834 3308
3835 3835
3835 740
3835 875
3836 3836
3836 1017
3836 2272
3837 3837
3837 2483
3837 3231
3838 3838
3838 1477
3838 1587
3839 3839
3839 8
3839 294
3840 3840
3840 3359
3840 740
3841 3841
3841 1698
3841 2585
3842 3842
3842 3716
3842 2447
3843 3843
3843 8
3843 294
3844 3844
3844 875
3844 1299
3845 3845
3845 3195
3845 2667
3846 3846
3846 2927
3846 3312
3847 3847
3847 2977
3847 564
3848 3848
3848 3748
3848 1276
3849 3849
3849 593
3849 3113
3850 1519
3850 2440
3850 3850
3851 925
3851 3851
3851 81
3852 3852
3852 2911
3852 3381
3853 3853
3853 65
3853 204
3854 3854
3854 1466
3854 443
3855 3855
3855 2408
3855 2884
3856 2665
3856 3856
3856 527
3857 3857
3857 301
3857 550
3858 3858
3858 2567
3858 231
3859 3859
3859 1495
3859 2572
3860 3027
3860 3860
3860 8
3861 3861
3861 325
3861 1128
3862 3862
3862 8
3862 294
3863 3863
3863 319
3863 851
3864 8
3864 294
3864 338
3865 3865
3865 1126
3865 1353
3866 3866
3866 422
3866 563
3867 3867
3867 500
3867 3620
3868 3202
3868 3868
3868 2252
3869 3869
3869 100
3869 1256
3870 3870
3870 3672
3870 161
3871 3871
3871 402
3871 650
3872 3872
3872 3925
3872 3966
3873 3873
3873 3061
3873 3454
3874 3874
3874 2547
3874 3523
3875 3875
3875 1496
3875 2454
3876 3876
3876 2587
3876 170
3877 3877
3877 375
3877 573
3878 3878
3878 726
3878 2796
3879 3879
3879 947
3879 358
3880 3880
3880 989
3880 2221
3881 3881
3881 160
3881 3208
3882 3882
3882 3968
3882 2452
3883 3883
3883 3927
3883 2961
3884 3884
3884 2270
3884 2483
3885 3885
3885 3285
3885 2133
3886 3886
3886 1716
3886 2152
3887 3887
3887 3562
3887 329
3888 3888
3888 1685
3888 546
3889 3889
3889 48
3889 1567
3890 3890
3890 1411
3890 2284
3891 3891
3891 179
3891 62
3892 3892
3892 2679
3892 3
3893 3893
3893 2914
3893 2991
3894 3894
3894 335
3894 1970
3895 3895
3895 1935
3895 844
3896 3080
3896 3896
3896 1136
3897 3897
3897 1179
3897 8
3898 3898
3898 324
3898 650
3899 3899
3899 3119
3899 378
3900 3900
3900 1085
3900 1931
3901 3901
3901 1223
3901 1136
3902 3902
3902 2763
3902 551
3903 3903
3903 827
3903 163
3904 3904
3904 379
3904 3040
3905 3905
3905 1634
3905 286
3906 3906
3906 58
3906 2240
3907 3907
3907 114
3907 3763
3908 3908
3908 3767
3908 169
3909 3909
3909 3447
3909 3672
3910 963
3910 3910
3910 81
3911 3911
3911 3382
3911 1064
3912 3912
3912 1250
3912 328
3913 3913
3913 1353
3913 1404
3914 3914
3914 378
3914 402
3915 3915
3915 2892
3915 3103
3916 3916
3916 3588
3916 8
3917 3917
3917 3668
3917 520
3918 3918
3918 3247
3918 2944
3919 3919
3919 50
3919 266
3920 3920
3920 179
3920 62
3921 3921
3921 1289
3921 1392
3922 3922
3922 2252
3922 1211
3923 3923
3923 220
3923 2282
3924 3924
3924 1226
3924 2086
3925 3925
3925 3872
3925 1353
3926 3926
3926 92
3926 538
3927 3927
3927 3883
3927 2755
3928 3928
3928 3651
3928 1095
3929 3929
3929 1061
3929 3242
3930 3930
3930 412
3930 727
3931 3931
3931 3541
3931 8
3932 3932
3932 1210
3932 1767
3933 3933
3933 2188
3933 989
3934 116
3934 3800
3934 3934
3935 3935
3935 2360
3935 2215
3936 3936
3936 8
3936 294
3937 3937
3937 8
3937 179
3938 3938
3938 2046
3938 3049
3939 3939
3939 1003
3939 119
3940 3940
3940 2001
3940 2685
3941 3941
3941 1972
3941 2601
3942 3942
3942 1393
3942 1889
3943 3943
3943 602
3943 3646
3944 3944
3944 875
3944 1299
3945 3945
3945 428
3945 9
3946 3568
3946 3946
3946 8
3947 3947
3947 8
3947 294
3948 3948
3948 3692
3948 3694
3949 3949
3949 2601
3949 312
3950 3950
3950 205
3950 2013
3951 3951
3951 3780
3951 1422
3952 3952
3952 442
3952 1030
3953 3953
3953 8
3953 294
3954 2229
3954 3954
3954 733
3955 3955
3955 1601
3955 1227
3956 3956
3956 106
3956 3385
3957 3957
3957 704
3957 1197
3958 3958
3958 1661
3958 8
3959 3959
3959 475
3959 1153
3960 3960
3960 1313
3960 260
3961 3961
3961 2097
3961 3188
3962 3962
3962 2252
3962 1211
3963 3963
3963 2316
3963 744
3964 3964
3964 593
3964 575
3965 527
3965 3965
3965 8
3966 3966
3966 8
3966 294
3967 3967
3967 3056
3967 3113
3968 3968
3968 3348
3968 2027
3969 3969
3969 974
3969 625
3970 3970
3970 8
3970 294
3971 3971
3971 2442
3971 1698
3972 3972
3972 3637
3972 888
3973 3973
3973 3468
3973 1720
3974 3974
3974 497
3974 125
3975 3975
3975 650
3975 991
3976 3976
3976 3232
3976 925
3977 3977
3977 731
3977 8
3978 3978
3978 8
3978 294
3979 3979
3979 1006
3979 1952
3980 3980
3980 3783
3980 414
3981 3981
3981 2601
3981 2627
3982 3982
3982 507
3982 3055
3983 3983
3983 244
3983 267
3984 3984
3984 8
3984 134
3985 3985
3985 2186
3985 1772
3986 3986
3986 2824
3986 1223
3987 3987
3987 992
3987 3363
3988 3988
3988 2305
3988 1980
3989 3989
3989 2142
3989 248
3990 3990
3990 370
3990 650
3991 3991
3991 2864
3991 1970
3992 3992
3992 2688
3992 2446
3993 3993
3993 2544
3993 3763
3994 2317
3994 2923
3994 3994
3995 3995
3995 931
3995 2674
3996 3996
3996 2897
3996 1353
3997 3997
3997 170
3997 1211
3998 3998
3998 81
3998 1571
3999 3999
3999 1421
3999 132
4000 4000
4000 175
4000 3049
4001 4001
4001 3680
4001 71
4002 4002
4002 356
4002 1466
4003 4003
4003 2494
4003 179
4004 4004
4004 1289
4004 1392
4005 4005
4005 3410
4005 588
4006 4006
4006 130
4006 4033
4007 4007
4007 1380
4007 1871
4008 4008
4008 3135
4008 1303
4009 4009
4009 3247
4009 179
4010 4010
4010 875
4010 1299
4011 4011
4011 322
4011 687
4012 4012
4012 2369
4012 1153
4013 4013
4013 405
4013 3346
4014 2004
4014 4014
4014 704
4015 4015
4015 332
4015 261
4016 4016
4016 1625
4016 3217
4017 4017
4017 2361
4017 2601
4018 4018
4018 3113
4018 3825
4019 4019
4019 2496
4019 2958
4020 4020
4020 1289
4020 1392
4021 4021
4021 3517
4021 281
4022 4022
4022 778
4022 2879
4023 4023
4023 527
4023 2544
4024 4024
4024 1583
4024 1501
4025 4025
4025 851
4025 2152
4026 4026
4026 447
4026 3475
4027 4027
4027 953
4027 3461
4028 4028
4028 1238
4028 551
4029 4029
4029 3617
4029 767
4030 4030
4030 2129
4030 715
4031 4031
4031 3731
4031 1843
4032 4032
4032 3056
4032 650
4033 4033
4033 3497
4033 1435
4034 4034
4034 1314
4034 3358
4035 4035
4035 3259
4035 1304
4036 4036
4036 1289
4036 1392
4037 4037
4037 1496
4037 2454
4038 4038
4038 8
4038 294
4039 4039
4039 208
4039 987
4040 4040
4040 1917
4040 3122
4041 4041
4041 642
4041 1496
4042 4042
4042 2866
4042 748
4043 4043
4043 3491
4043 1839
4044 3337
4044 4044
4044 255
4045 4045
4045 3159
4045 2389
4046 4046
4046 2090
4046 883
4047 4047
4047 1893
4047 2378
4048 4048
4048 1166
4048 1786
4049 2867
4049 4049
4049 1197
4050 767
4050 4050
4050 2496
4051 4051
4051 2252
4051 1211
4052 4052
4052 801
4052 3747
4053 4053
4053 276
4053 402
4054 4054
4054 310
4054 1022
4055 4055
4055 2202
4055 245
4056 4056
4056 2914
4056 2991
