0 0
0 2406
0 3178
0 3774
1 1
1 1833
1 1315
1 2953
2 2
2 3100
2 1047
2 1626
3 3
3 3768
3 3892
3 2679
4 4
4 3624
4 1892
4 989
5 5
5 3089
5 1255
5 188
6 6
6 1908
6 2412
6 3725
7 7
7 2483
7 8
7 294
8 8
8 294
8 338
8 387
9 9
9 650
9 991
9 1688
10 10
10 8
10 294
10 338
11 11
11 975
11 609
11 2074
12 12
12 490
12 1456
12 2845
13 13
13 3556
13 3543
13 378
14 14
14 1727
14 538
14 3836
15 15
15 1777
15 3113
15 41
16 16
16 3224
16 236
16 2252
17 17
17 1524
17 900
17 1115
18 18
18 312
18 1165
18 2139
19 19
19 3056
19 169
19 291
20 20
20 3419
20 28
20 391
21 21
21 3405
21 2025
21 2534
22 22
22 538
22 801
22 1289
23 23
23 2422
23 744
23 2188
24 24
24 2354
24 1482
24 2601
25 25
25 3354
25 33
25 312
26 26
26 989
26 2221
26 2492
27 27
27 3577
27 632
27 1126
28 28
28 2916
28 3110
28 1886
29 29
29 166
29 1984
29 3916
30 30
30 1819
30 2652
30 459
31 31
31 2825
31 8
31 294
32 32
32 875
32 1299
32 1688
33 33
33 650
33 991
33 8
34 34
34 312
34 1353
34 1404
35 35
35 1877
35 2960
35 3131
36 36
36 588
36 4005
36 1107
37 37
37 1610
37 3614
37 801
38 38
38 115
38 567
38 1208
39 39
39 2056
39 1522
39 1153
40 40
40 1854
40 593
40 537
41 41
41 2005
41 8
41 294
42 42
42 3632
42 875
42 989
43 43
43 2483
43 7
43 8
44 44
44 1556
44 347
44 1964
45 45
45 3154
45 126
45 586
46 46
46 188
46 1035
46 3258
47 47
47 216
47 700
47 1118
48 48
48 2914
48 2991
48 2210
49 49
49 179
49 62
49 296
50 50
50 3085
50 8
50 294
51 51
51 312
51 875
51 1299
52 52
52 1701
52 2834
52 3185
53 53
53 1374
53 2140
53 3258
54 54
54 696
54 3849
54 3204
55 55
55 208
55 1460
55 2914
56 56
56 3218
56 1625
56 3399
57 57
57 3304
57 179
57 2451
58 58
58 2240
58 3531
58 299
59 59
59 1915
59 142
59 686
60 60
60 2914
60 2991
60 8
61 61
61 401
61 3135
61 1321
62 62
62 179
62 296
62 397
63 63
63 2560
63 3683
63 8
64 64
64 3122
64 41
64 325
65 65
65 1786
65 875
65 1299
66 66
66 631
66 310
66 370
67 67
67 580
67 2391
67 2914
68 68
68 3020
68 3650
68 2282
69 69
69 1490
69 930
69 711
70 70
70 2601
70 157
70 2643
71 71
71 2115
71 2222
71 2275
72 72
72 2469
72 368
72 1721
73 73
73 3289
73 156
73 3556
74 74
74 2168
74 185
74 960
75 75
75 3476
75 3178
75 8
76 76
76 319
76 2959
76 483
77 77
77 2431
77 2091
77 1017
78 78
78 650
78 875
78 991
79 79
79 3263
79 2730
79 1793
80 80
80 8
80 294
80 338
81 81
81 3178
81 8
81 294
82 82
82 8
82 294
82 338
83 83
83 3545
83 1723
83 2472
84 84
84 2639
84 1928
84 1468
85 85
85 3664
85 2960
85 3131
86 86
86 1190
86 8
86 134
87 87
87 3250
87 1323
87 2732
88 88
88 361
88 3219
88 2925
89 89
89 516
89 702
89 104
90 90
90 2699
90 2099
90 109
91 91
91 2041
91 93
91 444
92 92
92 650
92 991
92 1179
93 93
93 2449
93 444
93 2575
94 94
94 3282
94 3710
94 343
95 95
95 2027
95 378
95 2721
96 96
96 3419
96 391
96 3045
97 97
97 2
97 3100
97 3190
98 98
98 867
98 1162
98 1905
99 99
99 2092
99 2152
99 704
100 100
100 3869
100 339
100 1902
101 101
101 3920
101 170
101 761
102 102
102 144
102 3444
102 3541
103 103
103 2505
103 2604
103 3349
104 104
104 875
104 1299
104 2190
105 105
105 1027
105 1017
105 1496
106 106
106 2587
106 538
106 788
107 107
107 2020
107 1834
107 2052
108 108
108 2323
108 2459
108 308
109 109
109 208
109 1496
109 2454
110 110
110 1605
110 1188
110 1437
111 111
111 2537
111 875
111 1215
112 112
112 1017
112 2272
112 2683
113 113
113 635
113 1353
113 1404
114 114
114 3920
114 170
114 761
115 115
115 38
115 567
115 1208
116 116
116 3800
116 3934
116 3056
117 117
117 1723
117 8
117 294
118 118
118 3530
118 62
118 384
119 119
119 3939
119 1003
119 345
120 120
120 1213
120 381
120 1372
121 121
121 1281
121 3543
121 378
122 122
122 1982
122 1145
122 1456
123 123
123 2328
123 3900
123 3416
124 124
124 772
124 8
124 294
125 125
125 527
125 3965
125 8
126 126
126 3626
126 586
126 875
127 127
127 1767
127 1980
127 2252
128 128
128 3049
128 1289
128 1392
129 129
129 3018
129 3131
129 2496
130 130
130 1211
130 2180
130 3069
131 131
131 1022
131 1537
131 2252
132 132
132 2252
132 1211
132 1325
133 133
133 1568
133 2601
133 92
134 134
134 875
134 1299
134 2190
135 135
135 1031
135 2232
135 138
136 136
136 3701
136 3302
136 2847
137 137
137 421
137 3103
137 1831
138 138
138 3748
138 3848
138 1276
139 139
139 2355
139 8
139 186
140 140
140 3077
140 2893
140 2035
141 141
141 854
141 575
141 3649
142 142
142 1915
142 59
142 8
143 143
143 3925
143 3872
143 1353
144 144
144 733
144 995
144 2810
145 145
145 3070
145 179
145 3920
146 146
146 2163
146 967
146 2177
147 147
147 2554
147 162
147 836
148 148
148 1382
148 443
148 1703
149 149
149 989
149 1292
149 2221
150 150
150 650
150 991
150 3122
151 151
151 1441
151 2293
151 4020
152 152
152 1414
152 1620
152 2737
153 153
153 1617
153 1938
153 1197
154 154
154 1456
154 8
154 294
155 155
155 3029
155 586
155 2825
156 156
156 3543
156 286
156 378
157 157
157 3318
157 1179
157 8
158 158
158 585
158 492
158 1522
159 159
159 989
159 1353
159 1404
160 160
160 954
160 3479
160 1179
161 161
161 2537
161 111
161 875
162 162
162 836
162 2205
162 147
163 163
163 1732
163 1071
163 3893
164 164
164 3329
164 3799
164 179
165 165
165 795
165 624
165 901
166 166
166 29
166 1984
166 296
167 167
167 2700
167 2406
167 520
168 168
168 3074
168 1489
168 3152
169 169
169 2658
169 650
169 991
170 170
170 761
170 875
170 1211
171 171
171 3830
171 593
171 2437
172 172
172 1355
172 3561
172 671
173 173
173 2482
173 2846
173 8
174 174
174 2471
174 169
174 915
175 175
175 1190
175 1393
175 1889
176 176
176 3366
176 3175
176 436
177 177
177 3470
177 634
177 2795
178 178
178 2975
178 2560
178 3683
179 179
179 62
179 296
179 397
180 180
180 1297
180 686
180 3056
181 181
181 3790
181 1152
181 1499
182 182
182 2728
182 1353
182 1404
183 183
183 1688
183 3552
183 8
184 184
184 1590
184 2182
184 296
185 185
185 2168
185 74
185 960
186 186
186 8
186 294
186 338
187 187
187 2265
187 549
187 794
188 188
188 8
188 294
188 338
189 189
189 2128
189 1074
189 733
190 190
190 2340
190 2293
190 1292
191 191
191 1456
191 1831
191 8
192 192
192 320
192 1293
192 1761
193 193
193 2380
193 2355
193 1496
194 194
194 3516
194 1303
194 2966
195 195
195 2319
195 1339
195 62
196 196
196 2601
196 869
196 914
197 197
197 8
197 294
197 338
198 198
198 650
198 991
198 1353
199 199
199 1761
199 2560
199 3683
200 200
200 2432
200 1228
200 688
201 201
201 3539
201 1131
201 2579
202 202
202 718
202 1289
202 1392
203 203
203 704
203 3122
203 169
204 204
204 179
204 62
204 281
205 205
205 3950
205 2013
205 422
206 206
206 3327
206 2494
206 4003
207 207
207 2550
207 2601
207 3058
208 208
208 109
208 987
208 1496
209 209
209 3601
209 2322
209 947
210 210
210 962
210 879
210 639
211 211
211 3990
211 144
211 312
212 212
212 2832
212 1128
212 707
213 213
213 2360
213 1499
213 3790
214 214
214 1106
214 92
214 515
215 215
215 1055
215 3119
215 130
216 216
216 47
216 2767
216 700
217 217
217 2284
217 1179
217 1519
218 218
218 3537
218 157
218 2496
219 219
219 485
219 3295
219 714
220 220
220 3923
220 2175
220 2282
221 221
221 2931
221 2706
221 989
222 222
222 1714
222 284
222 692
223 223
223 3077
223 650
223 991
224 224
224 2373
224 1599
224 2397
225 225
225 3676
225 2654
225 1171
226 226
226 3128
226 2235
226 2124
227 227
227 539
227 2506
227 540
228 228
228 2773
228 111
228 1215
229 229
229 3504
229 1248
229 2306
230 230
230 2406
230 3937
230 8
231 231
231 3858
231 2567
231 2837
232 232
232 2927
232 1393
232 2631
233 233
233 1151
233 3166
233 319
234 234
234 3258
234 8
234 294
235 235
235 2883
235 67
235 580
236 236
236 16
236 3224
236 2252
237 237
237 378
237 1353
237 1404
238 238
238 650
238 918
238 991
239 239
239 3799
239 164
239 618
240 240
240 1128
240 2560
240 3683
241 241
241 2436
241 81
241 3056
242 242
242 3375
242 393
242 208
243 243
243 3790
243 1499
243 1152
244 244
244 267
244 3983
244 179
245 245
245 1286
245 2202
245 4055
246 246
246 479
246 3508
246 405
247 247
247 2496
247 2958
247 989
248 248
248 296
248 1393
248 1889
249 249
249 1097
249 659
249 875
250 250
250 261
250 296
250 875
251 251
251 3138
251 2777
251 1331
252 252
252 3168
252 3738
252 3920
253 253
253 3621
253 2956
253 2989
254 254
254 1564
254 767
254 4050
255 255
255 1922
255 179
255 1786
256 256
256 414
256 2252
256 3202
257 257
257 303
257 3397
257 1351
258 258
258 1522
258 1153
258 2204
259 259
259 903
259 1711
259 588
260 260
260 609
260 2317
260 2923
261 261
261 1496
261 2454
261 3320
262 262
262 3478
262 2209
262 2822
263 263
263 3405
263 3212
263 3937
264 264
264 3075
264 179
264 2655
265 265
265 378
265 527
265 2721
266 266
266 989
266 2221
266 2496
267 267
267 244
267 179
267 1443
268 268
268 1651
268 3594
268 809
269 269
269 8
269 294
269 338
270 270
270 3019
270 2287
270 2921
271 271
271 2093
271 2210
271 2403
272 272
272 733
272 995
272 2810
273 273
273 637
273 378
273 2707
274 274
274 654
274 2549
274 2252
275 275
275 3399
275 464
275 317
276 276
276 402
276 1353
276 1404
277 277
277 1426
277 3117
277 1993
278 278
278 2673
278 3456
278 2205
279 279
279 1751
279 527
279 3965
280 280
280 3764
280 1919
280 2594
281 281
281 650
281 875
281 991
282 282
282 1926
282 1601
282 2627
283 283
283 2657
283 2016
283 3056
284 284
284 8
284 294
284 338
285 285
285 800
285 296
285 3445
286 286
286 378
286 2721
286 3612
287 287
287 1480
287 2433
287 3952
288 288
288 3749
288 1012
288 1556
289 289
289 792
289 1006
289 1496
290 290
290 733
290 995
290 2810
291 291
291 2386
291 2790
291 3303
292 292
292 1333
292 82
292 2082
293 293
293 8
293 294
293 338
294 8
294 294
294 338
294 387
295 295
295 1994
295 3898
295 332
296 296
296 179
296 62
296 397
297 297
297 343
297 733
297 851
298 298
298 2019
298 2188
298 720
299 299
299 2240
299 58
299 3531
300 300
300 1260
300 3659
300 2852
301 301
301 1527
301 3462
301 650
302 302
302 3357
302 522
302 1900
303 303
303 3397
303 2160
303 2965
304 304
304 1471
304 2519
304 3355
305 305
305 875
305 1299
305 2190
306 306
306 1083
306 2927
306 2204
307 307
307 8
307 294
307 338
308 308
308 2323
308 2459
308 538
309 309
309 2630
309 1967
309 179
310 310
310 2252
310 1211
310 1325
311 311
311 3155
311 533
311 179
312 312
312 2612
312 8
312 294
313 313
313 1059
313 2807
313 2292
314 314
314 3618
314 92
314 650
315 315
315 2962
315 1112
315 1733
316 316
316 1109
316 1765
316 3356
317 317
317 2646
317 3435
317 1331
318 318
318 3052
318 2164
318 1252
319 319
319 851
319 3303
319 1179
320 320
320 192
320 1293
320 3962
321 321
321 1724
321 221
321 2931
322 322
322 4011
322 957
322 1055
323 323
323 2029
323 3467
323 2292
324 324
324 2210
324 378
324 650
325 325
325 2347
325 1128
325 2171
326 326
326 2381
326 3139
326 1667
327 327
327 3522
327 697
327 801
328 328
328 1250
328 833
328 3912
329 329
329 3562
329 3532
329 3887
330 330
330 2850
330 2637
330 3163
331 331
331 1548
331 1205
331 217
332 332
332 580
332 3552
332 8
333 333
333 3678
333 3543
333 378
334 334
334 634
334 1549
334 984
335 335
335 378
335 2721
335 3612
336 336
336 618
336 875
336 1299
337 337
337 3705
337 1818
337 3556
338 8
338 294
338 338
338 387
339 339
339 100
339 1902
339 3869
340 340
340 2825
340 8
340 294
341 341
341 2667
341 3202
341 3868
342 342
342 3178
342 665
342 3258
343 343
343 1831
343 2560
343 3683
344 344
344 1530
344 2547
344 468
345 345
345 650
345 991
345 3937
346 346
346 1588
346 1027
346 261
347 347
347 1964
347 44
347 1786
348 348
348 2306
348 8
348 188
349 349
349 3113
349 4020
349 41
350 350
350 2658
350 3077
350 169
351 351
351 2523
351 741
351 1020
352 352
352 2312
352 575
352 593
353 353
353 3056
353 650
353 991
354 354
354 2386
354 2790
354 8
355 355
355 3557
355 8
355 294
356 356
356 2820
356 3055
356 4002
357 357
357 2610
357 1675
357 2746
358 358
358 858
358 947
358 657
359 359
359 1831
359 2975
359 8
360 360
360 802
360 2271
360 2566
361 361
361 88
361 444
361 3497
362 362
362 2969
362 2984
362 2401
363 363
363 586
363 8
363 294
364 364
364 2028
364 3040
364 3305
365 365
365 1974
365 2210
365 378
366 366
366 1321
366 2355
366 8
367 367
367 981
367 3239
367 3925
368 368
368 2469
368 1721
368 3655
369 369
369 820
369 3024
369 3629
370 370
370 3122
370 3990
370 650
371 371
371 3296
371 3615
371 3959
372 372
372 1982
372 1456
372 1899
373 373
373 3893
373 2406
373 3085
374 374
374 625
374 1988
374 296
375 375
375 3877
375 573
375 3497
376 376
376 1739
376 2601
376 1774
377 377
377 2465
377 3526
377 365
378 378
378 2721
378 3612
378 8
379 379
379 2520
379 3294
379 134
380 380
380 1126
380 1353
380 1404
381 381
381 989
381 1831
381 2221
382 382
382 624
382 875
382 1299
383 383
383 1895
383 1684
383 635
384 384
384 2073
384 624
384 875
385 385
385 2813
385 1647
385 3842
386 386
386 3288
386 2887
386 592
387 8
387 294
387 338
387 387
388 388
388 1789
388 755
388 1472
389 389
389 3725
389 2412
389 2121
390 390
390 1467
390 2091
390 2431
391 391
391 96
391 3117
391 3419
392 392
392 736
392 4002
392 1466
393 393
393 683
393 2913
393 3455
394 394
394 3816
394 3253
394 877
395 395
395 3841
395 534
395 1698
396 396
396 2762
396 67
396 3295
397 397
397 179
397 62
397 296
398 398
398 784
398 1135
398 1706
399 399
399 801
399 3747
399 650
400 400
400 2110
400 3453
400 989
401 401
401 61
401 366
401 3135
402 402
402 8
402 294
402 338
403 403
403 1184
403 751
403 470
404 404
404 701
404 3897
404 3804
405 405
405 1846
405 3484
405 3508
406 406
406 3016
406 1611
406 3202
407 407
407 1321
407 8
407 294
408 408
408 2252
408 1211
408 1325
409 409
409 8
409 294
409 338
410 410
410 414
410 1909
410 1970
411 411
411 8
411 294
411 338
412 412
412 3930
412 727
412 1630
413 413
413 553
413 3925
413 3872
414 414
414 2252
414 914
414 1211
415 415
415 1623
415 987
415 3728
416 416
416 3125
416 2260
416 3462
417 417
417 1515
417 2416
417 2579
418 418
418 1303
418 1667
418 378
419 419
419 2837
419 2567
419 2528
420 420
420 2066
420 1455
420 3810
421 421
421 2829
421 137
421 3077
422 422
422 876
422 1153
422 1215
423 423
423 3823
423 571
423 1496
424 424
424 1017
424 2272
424 2808
425 425
425 743
425 381
425 2780
426 426
426 2286
426 1627
426 2131
427 427
427 1738
427 3500
427 3094
428 428
428 650
428 991
428 1353
429 429
429 1032
429 707
429 3557
430 430
430 1503
430 1174
430 2753
431 431
431 894
431 2284
431 1831
432 432
432 1456
432 8
432 188
433 433
433 1977
433 170
433 1211
434 434
434 559
434 2936
434 2896
435 435
435 3759
435 4020
435 312
436 436
436 3366
436 176
436 3175
437 437
437 2720
437 1832
437 1498
438 438
438 1292
438 1353
438 1404
439 439
439 1092
439 2912
439 2159
440 440
440 3702
440 3082
440 589
441 441
441 3124
441 806
441 596
442 442
442 2914
442 2991
442 8
443 443
443 1382
443 1703
443 148
444 444
444 2796
444 93
444 91
445 445
445 459
445 2845
445 2434
446 446
446 1341
446 1768
446 2601
447 447
447 4026
447 3475
447 2194
448 448
448 111
448 1215
448 2912
449 449
449 580
449 8
449 294
450 450
450 768
450 2560
450 3683
451 451
451 2310
451 2720
451 1832
452 452
452 451
452 2720
452 2310
453 453
453 527
453 3965
453 1138
454 454
454 2037
454 652
454 2870
455 455
455 650
455 801
455 991
456 456
456 729
456 1767
456 1980
457 457
457 593
457 575
457 537
458 458
458 8
458 294
458 338
459 459
459 2652
459 1819
459 179
460 460
460 468
460 490
460 875
461 461
461 270
461 3019
461 2510
462 462
462 586
462 609
462 1723
463 463
463 8
463 294
463 338
464 464
464 317
464 2646
464 3435
465 465
465 1203
465 2693
465 3719
466 466
466 1193
466 3644
466 634
467 467
467 989
467 1047
467 1211
468 468
468 8
468 294
468 338
469 469
469 2131
469 40
469 1854
470 470
470 1184
470 751
470 403
471 471
471 1321
471 8
471 294
472 472
472 2250
472 1120
472 468
473 473
473 370
473 624
473 2912
474 474
474 1409
474 2033
474 3488
475 475
475 3959
475 3190
475 1153
476 476
476 3873
476 3061
476 3117
477 477
477 3386
477 2490
477 1108
478 478
478 2779
478 3258
478 8
479 479
479 246
479 3508
479 405
480 480
480 378
480 1667
480 2210
481 481
481 3281
481 3991
481 1066
482 482
482 1856
482 707
482 2437
483 483
483 3013
483 875
483 1299
484 484
484 593
484 2882
484 3220
485 485
485 1136
485 1316
485 1700
486 486
486 527
486 1035
486 2825
487 487
487 1778
487 552
487 3574
488 488
488 529
488 3178
488 3937
489 489
489 1110
489 3581
489 319
490 490
490 2845
490 8
490 294
491 491
491 663
491 1875
491 2665
492 492
492 158
492 585
492 3094
493 493
493 1886
493 1990
493 502
494 494
494 2880
494 3422
494 2560
495 495
495 2597
495 315
495 2870
496 496
496 1936
496 620
496 1836
497 497
497 468
497 1393
497 1889
498 498
498 92
498 319
498 650
499 499
499 1070
499 1097
499 1204
500 500
500 3867
500 3364
500 3620
501 501
501 8
501 294
501 338
502 502
502 1990
502 681
502 3419
503 503
503 1353
503 1404
503 1179
504 504
504 875
504 1299
504 1688
505 505
505 1224
505 3000
505 312
506 506
506 959
506 8
506 294
507 507
507 2708
507 3982
507 1850
508 508
508 875
508 1299
508 2190
509 509
509 1766
509 704
509 2004
510 510
510 378
510 2721
510 3612
511 511
511 3373
511 2642
511 2098
512 512
512 2073
512 2159
512 3512
513 513
513 179
513 1479
513 1541
514 514
514 3824
514 2560
514 3683
515 515
515 2779
515 8
515 294
516 516
516 89
516 3836
516 875
517 517
517 1516
517 1123
517 8
518 518
518 988
518 1298
518 343
519 519
519 875
519 1299
519 1723
520 520
520 8
520 294
520 338
521 521
521 2151
521 604
521 1393
522 522
522 302
522 1738
522 3094
523 523
523 3131
523 41
523 650
524 524
524 2083
524 286
524 378
525 525
525 696
525 1777
525 1289
526 526
526 875
526 1299
526 2190
527 527
527 3965
527 8
527 294
528 528
528 2054
528 2159
528 3512
529 529
529 3178
529 3937
529 8
530 530
530 2451
530 2601
530 3040
531 531
531 1363
531 1353
531 1404
532 532
532 781
532 1403
532 1413
533 533
533 179
533 62
533 296
534 534
534 2201
534 2326
534 700
535 535
535 1353
535 1404
535 1179
536 536
536 8
536 294
536 338
537 537
537 828
537 2170
537 8
538 538
538 1179
538 8
538 294
539 539
539 2506
539 540
539 583
540 540
540 2869
540 539
540 575
541 541
541 1620
541 2737
541 152
542 542
542 3915
542 2892
542 3256
543 543
543 3103
543 296
543 569
544 544
544 580
544 959
544 1289
545 545
545 2287
545 2921
545 1811
546 546
546 3888
546 1685
546 447
547 547
547 1643
547 3880
547 230
548 548
548 3066
548 763
548 1006
549 549
549 2265
549 187
549 794
550 550
550 2236
550 65
550 650
551 551
551 1165
551 1353
551 1404
552 552
552 487
552 1778
552 1656
553 553
553 413
553 3925
553 3872
554 554
554 1497
554 3719
554 1139
555 555
555 2274
555 2701
555 1759
556 556
556 551
556 3188
556 41
557 8
557 294
557 338
557 387
558 558
558 1123
558 989
558 2221
559 559
559 3437
559 1456
559 312
560 560
560 2587
560 2779
560 3049
561 561
561 989
561 1211
561 2180
562 562
562 3334
562 815
562 875
563 563
563 2470
563 3866
563 134
564 564
564 2977
564 3847
564 208
565 565
565 296
565 3626
565 126
566 566
566 2425
566 2306
566 1030
567 567
567 38
567 115
567 1543
568 568
568 650
568 991
568 2808
569 569
569 1211
569 2180
569 3134
570 570
570 2010
570 3203
570 92
571 571
571 8
571 294
571 338
572 572
572 2305
572 3786
572 729
573 573
573 3497
573 375
573 3877
574 574
574 3351
574 261
574 1393
575 575
575 593
575 2726
575 854
576 576
576 618
576 650
576 989
577 577
577 1183
577 918
577 3975
578 578
578 3023
578 3642
578 527
579 579
579 1456
579 1889
579 2825
580 580
580 8
580 294
580 338
581 581
581 3509
581 2658
581 3990
582 582
582 1963
582 2078
582 2464
583 583
583 875
583 1299
583 2190
584 584
584 1357
584 3111
584 65
585 585
585 158
585 492
585 1604
586 586
586 8
586 294
586 338
587 587
587 3048
587 1814
587 1023
588 588
588 1107
588 36
588 4005
589 589
589 3807
589 3702
589 1178
590 590
590 2622
590 179
590 692
591 591
591 2381
591 326
591 248
592 592
592 8
592 294
592 338
593 593
593 575
593 537
593 828
594 594
594 527
594 3965
594 8
595 595
595 1350
595 2246
595 2239
596 596
596 989
596 2221
596 3303
597 597
597 2233
597 3688
597 2701
598 598
598 2802
598 2022
598 2423
599 599
599 3031
599 1419
599 1661
600 600
600 438
600 1030
600 1353
601 601
601 2683
601 8
601 294
602 602
602 3943
602 414
602 2191
603 603
603 2387
603 760
603 1190
604 604
604 1412
604 1136
604 1316
605 605
605 989
605 2221
605 2496
606 606
606 2985
606 1857
606 2143
607 607
607 1051
607 1136
607 1316
608 608
608 2073
608 2537
608 2644
609 609
609 378
609 2721
609 3612
610 610
610 3122
610 4040
610 2560
611 611
611 428
611 2032
611 2188
612 612
612 2018
612 846
612 428
613 613
613 1562
613 3225
613 1865
614 614
614 2518
614 3436
614 668
615 615
615 2239
615 2951
615 2724
616 616
616 8
616 294
616 338
617 617
617 1559
617 982
617 296
618 618
618 989
618 2221
618 3258
619 619
619 3339
619 3122
619 2560
620 620
620 1936
620 2909
620 3806
621 621
621 2101
621 1134
621 428
622 622
622 1027
622 2241
622 261
623 623
623 8
623 294
623 338
624 624
624 1028
624 2073
624 384
625 625
625 374
625 1988
625 3969
626 626
626 1786
626 483
626 62
627 627
627 1479
627 296
627 3273
628 628
628 1197
628 569
628 1211
629 629
629 41
629 378
629 2005
630 630
630 1336
630 2004
630 3077
631 631
631 66
631 310
631 635
632 632
632 3577
632 27
632 1786
633 633
633 2210
633 365
633 378
634 634
634 1829
634 3576
634 177
635 635
635 2483
635 7
635 8
636 636
636 3637
636 888
636 2857
637 273
637 637
637 378
637 2707
638 638
638 1496
638 2454
638 3320
639 639
639 874
639 1939
639 1573
640 640
640 1165
640 2139
640 8
641 641
641 1693
641 2292
641 2414
642 642
642 8
642 294
642 338
643 643
643 296
643 179
643 961
644 644
644 3604
644 61
644 401
645 645
645 480
645 2210
645 3543
646 646
646 910
646 2889
646 3161
647 647
647 658
647 402
647 650
648 648
648 2213
648 666
648 577
649 649
649 3077
649 92
649 130
650 650
650 991
650 8
650 294
651 651
651 1553
651 551
651 1952
652 652
652 2037
652 454
652 3089
653 653
653 170
653 468
653 1030
654 654
654 8
654 294
654 338
655 655
655 2963
655 1777
655 3113
656 656
656 2410
656 2545
656 3119
657 657
657 358
657 858
657 1983
658 658
658 1163
658 2929
658 3056
659 659
659 354
659 650
659 959
660 660
660 2036
660 2248
660 179
661 661
661 1475
661 3033
661 1136
662 662
662 989
662 1889
662 2221
663 663
663 491
663 1875
663 2665
664 664
664 593
664 575
664 1289
665 665
665 8
665 294
665 338
666 666
666 2213
666 648
666 1462
667 667
667 537
667 828
667 2170
668 668
668 614
668 170
668 378
669 669
669 2250
669 3091
669 472
670 670
670 1460
670 1456
670 1179
671 671
671 3056
671 568
671 650
672 672
672 2500
672 437
672 1832
673 673
673 81
673 1775
673 2808
674 674
674 2294
674 1534
674 3024
675 675
675 161
675 1268
675 46
676 676
676 2959
676 2326
676 1289
677 677
677 3975
677 650
677 991
678 678
678 3966
678 8
678 294
679 679
679 3354
679 1027
679 2930
680 680
680 1484
680 2515
680 92
681 681
681 3274
681 1522
681 1604
682 682
682 438
682 1353
682 1404
683 683
683 3455
683 8
683 294
684 684
684 2208
684 3820
684 588
685 685
685 1249
685 3647
685 3898
686 686
686 8
686 294
686 338
687 687
687 8
687 188
687 294
688 688
688 1228
688 2432
688 200
689 689
689 3433
689 1303
689 1604
690 690
690 2487
690 1836
690 1047
691 691
691 1352
691 1136
691 1316
692 692
692 875
692 1299
692 2190
693 693
693 1328
693 2091
693 296
694 694
694 1659
694 186
694 3626
695 695
695 2914
695 2991
695 3325
696 696
696 525
696 3204
696 593
697 697
697 2241
697 2306
697 3113
698 698
698 893
698 3322
698 1723
699 699
699 3053
699 2496
699 2958
700 700
700 3975
700 650
700 991
701 701
701 3113
701 1289
701 1392
702 702
702 875
702 1299
702 2190
703 703
703 468
703 914
703 3258
704 704
704 2252
704 3077
704 3122
705 705
705 2777
705 2800
705 3476
706 706
706 161
706 3119
706 363
707 707
707 8
707 294
707 338
708 708
708 1190
708 1211
708 1321
709 709
709 2846
709 3049
709 8
710 710
710 3597
710 1166
710 4048
711 711
711 1490
711 179
711 3560
712 712
712 969
712 1039
712 365
713 713
713 266
713 989
713 1211
714 714
714 2210
714 378
714 1321
715 715
715 2129
715 4030
715 1584
716 716
716 1265
716 422
716 876
717 717
717 1572
717 1125
717 1604
718 718
718 202
718 1289
718 1392
719 719
719 1806
719 2065
719 3079
720 720
720 1496
720 2454
720 3320
721 721
721 2955
721 917
721 2641
722 722
722 2656
722 1945
722 801
723 723
723 3465
723 2772
723 3569
724 724
724 2700
724 1460
724 157
725 725
725 2334
725 1263
725 92
726 726
726 3878
726 2796
726 91
727 727
727 3930
727 412
727 1630
728 728
728 2398
728 2001
728 2685
729 729
729 2252
729 319
729 851
730 730
730 3082
730 3076
730 1767
731 731
731 8
731 294
731 338
732 732
732 3292
732 2252
732 2560
733 733
733 995
733 2810
733 8
734 734
734 2084
734 1561
734 2
735 735
735 109
735 208
735 801
736 736
736 1466
736 392
736 4002
737 737
737 3415
737 3514
737 2920
738 738
738 1781
738 92
738 157
739 739
739 877
739 3381
739 2911
740 740
740 3835
740 875
740 1299
741 741
741 351
741 2523
741 1020
742 742
742 3781
742 365
742 1815
743 743
743 1697
743 2613
743 729
744 744
744 886
744 23
744 2265
745 745
745 2562
745 3463
745 3693
746 746
746 1129
746 111
746 248
747 747
747 580
747 8
747 294
748 748
748 4042
748 1752
748 414
749 749
749 2405
749 312
749 527
750 750
750 2870
750 3271
750 3397
751 751
751 1184
751 403
751 470
752 752
752 4002
752 3982
752 507
753 753
753 386
753 3288
753 592
754 754
754 414
754 1752
754 310
755 755
755 8
755 294
755 338
756 756
756 3263
756 2730
756 79
757 757
757 1021
757 2309
757 3151
758 758
758 378
758 2721
758 2740
759 759
759 1474
759 497
759 1541
760 760
760 1292
760 2503
760 3641
761 761
761 170
761 875
761 1299
762 762
762 1211
762 2180
762 2846
763 763
763 1857
763 548
763 1777
764 764
764 790
764 468
764 1321
765 765
765 2230
765 2386
765 2538
766 766
766 2383
766 2377
766 179
767 767
767 4050
767 2496
767 2958
768 768
768 450
768 3282
768 3710
769 769
769 8
769 294
769 338
770 770
770 3167
770 899
770 3808
771 771
771 8
771 134
771 188
772 772
772 2032
772 875
772 1299
773 8
773 294
773 338
773 387
774 774
774 1485
774 2653
774 2683
775 775
775 3021
775 839
775 3762
776 776
776 8
776 294
776 338
777 777
777 1719
777 2184
777 81
778 778
778 4022
778 2879
778 3638
779 779
779 870
779 1975
779 8
780 780
780 4019
780 2900
780 947
781 781
781 1403
781 532
781 2104
782 782
782 902
782 92
782 1017
783 783
783 169
783 65
783 186
784 784
784 3546
784 997
784 398
785 785
785 1808
785 3206
785 2309
786 786
786 365
786 650
786 991
787 787
787 1980
787 2252
787 2883
788 788
788 2914
788 2991
788 8
789 789
789 4006
789 2013
789 1679
790 790
790 764
790 468
790 8
791 791
791 2386
791 2790
791 8
792 792
792 289
792 1006
792 3214
793 793
793 1723
793 8
793 294
794 794
794 2265
794 549
794 187
795 795
795 165
795 3211
795 609
796 796
796 3227
796 2248
796 179
797 797
797 1128
797 2104
797 3937
798 798
798 2971
798 2483
798 1179
799 799
799 3713
799 1940
799 1754
800 800
800 2740
800 1982
800 2485
801 801
801 3747
801 650
801 991
802 802
802 360
802 2566
802 2271
803 803
803 2749
803 2064
803 3761
804 804
804 3645
804 179
804 3898
805 805
805 1378
805 1897
805 378
806 806
806 3124
806 441
806 2877
807 807
807 3539
807 2176
807 1764
808 808
808 3739
808 2847
808 1196
809 809
809 1651
809 3164
809 822
810 810
810 3262
810 646
810 910
811 811
811 179
811 2712
811 62
812 812
812 1289
812 1292
812 1392
813 813
813 179
813 62
813 296
814 814
814 866
814 3005
814 2823
815 815
815 3334
815 562
815 104
816 816
816 1523
816 1439
816 2070
817 817
817 831
817 1450
817 277
818 818
818 1100
818 1934
818 2798
819 819
819 1654
819 3785
819 618
820 820
820 3629
820 369
820 2058
821 821
821 1750
821 555
821 1759
822 822
822 3178
822 8
822 294
823 823
823 179
823 2073
823 3609
824 824
824 1067
824 3045
824 1728
825 825
825 2183
825 732
825 3292
826 826
826 2448
826 2200
826 989
827 827
827 3097
827 645
827 3893
828 537
828 828
828 2170
828 8
829 829
829 3783
829 732
829 3292
830 830
830 820
830 3629
830 2446
831 831
831 1450
831 2770
831 3419
832 832
832 2376
832 657
832 2863
833 833
833 1250
833 328
833 3912
834 834
834 1805
834 8
834 294
835 835
835 2537
835 2644
835 111
836 162
836 836
836 2205
836 147
837 837
837 3369
837 1239
837 676
838 838
838 1986
838 1708
838 1052
839 839
839 3762
839 775
839 179
840 840
840 733
840 995
840 1889
841 841
841 312
841 1211
841 2180
842 842
842 81
842 875
842 1299
843 843
843 149
843 468
843 989
844 844
844 884
844 1844
844 1105
845 845
845 2777
845 284
845 2826
846 846
846 1472
846 2627
846 1992
847 847
847 468
847 857
847 1292
848 848
848 861
848 85
848 3664
849 849
849 3688
849 2447
849 2071
850 850
850 2447
850 1225
850 2071
851 851
851 319
851 733
851 995
852 852
852 2130
852 2564
852 3575
853 853
853 1275
853 551
853 1786
854 854
854 575
854 593
854 2073
855 855
855 3060
855 1661
855 8
856 856
856 3163
856 2850
856 2637
857 857
857 468
857 847
857 1292
858 858
858 358
858 657
858 1983
859 859
859 3429
859 571
859 8
860 860
860 729
860 2601
860 1211
861 861
861 848
861 1033
861 1766
862 862
862 1541
862 1781
862 3223
863 863
863 2292
863 319
863 422
864 864
864 1848
864 2817
864 1865
865 865
865 2265
865 187
865 549
866 866
866 3005
866 2823
866 814
867 867
867 98
867 1162
867 1905
868 868
868 2925
868 2449
868 2575
869 869
869 3050
869 3495
869 2483
870 779
870 870
870 1975
870 8
871 871
871 3406
871 3524
871 2127
872 872
872 296
872 62
872 179
873 873
873 2450
873 2793
873 2627
874 874
874 1573
874 639
874 3048
875 875
875 1299
875 2190
875 8
876 876
876 422
876 188
876 2210
877 877
877 739
877 3199
877 8
878 878
878 1211
878 1713
878 2180
879 879
879 962
879 2435
879 1840
880 880
880 3328
880 1128
880 1917
881 881
881 3733
881 3028
881 3212
882 882
882 8
882 294
882 338
883 883
883 4046
883 3120
883 2090
884 884
884 844
884 1105
884 1064
885 885
885 378
885 2721
885 3612
886 886
886 1357
886 3111
886 650
887 887
887 731
887 2433
887 2876
888 888
888 2049
888 3229
888 2983
889 889
889 62
889 296
889 650
890 890
890 3301
890 1127
890 1650
891 891
891 1010
891 3642
891 130
892 892
892 2602
892 1055
892 2437
893 893
893 3322
893 1723
893 698
894 431
894 894
894 2284
894 1831
895 895
895 1289
895 1392
895 1478
896 896
896 1647
896 1672
896 1354
897 897
897 1192
897 1777
897 538
898 898
898 378
898 2721
898 3612
899 899
899 2696
899 770
899 161
900 900
900 134
900 771
900 2073
901 901
901 1946
901 1550
901 2912
902 902
902 650
902 991
902 8
903 903
903 1711
903 259
903 36
904 904
904 378
904 2721
904 3085
905 905
905 1737
905 1015
905 1464
906 906
906 3785
906 819
906 1654
907 907
907 1116
907 92
907 370
908 908
908 8
908 294
908 338
909 909
909 1828
909 2825
909 1179
910 646
910 910
910 2889
910 3161
911 911
911 1777
911 319
911 370
912 912
912 3527
912 2423
912 2149
913 913
913 3663
913 1192
913 1831
914 914
914 3258
914 8
914 294
915 915
915 2471
915 174
915 169
916 916
916 3600
916 378
916 1667
917 917
917 3419
917 979
917 2239
918 918
918 650
918 991
918 2845
919 919
919 1889
919 2386
919 2746
920 8
920 294
920 338
920 387
921 921
921 2827
921 1815
921 2210
922 922
922 961
922 2775
922 650
923 923
923 1190
923 2825
923 8
924 924
924 3543
924 378
924 2721
925 925
925 3851
925 81
925 8
926 926
926 2804
926 3383
926 455
927 927
927 652
927 2037
927 2870
928 928
928 635
928 989
928 1165
929 929
929 1287
929 609
929 2230
930 930
930 2047
930 538
930 3916
931 931
931 126
931 1190
931 2601
932 932
932 1426
932 277
932 2662
933 933
933 8
933 294
933 338
934 934
934 2271
934 1692
934 2742
935 935
935 81
935 2845
935 3178
936 936
936 276
936 402
936 1353
937 937
937 1558
937 1843
937 1288
938 938
938 1794
938 2073
938 2159
939 939
939 2404
939 2073
939 2159
940 940
940 65
940 810
940 3479
941 941
941 2445
941 162
941 836
942 942
942 1017
942 1289
942 1392
943 943
943 1688
943 8
943 294
944 944
944 3735
944 2380
944 1997
945 945
945 1321
945 3303
945 8
946 946
946 2618
946 3231
946 1163
947 947
947 358
947 858
947 3594
948 948
948 3372
948 310
948 2252
949 949
949 2246
949 364
949 2028
950 950
950 144
950 312
950 501
951 951
951 8
951 294
951 338
952 952
952 3242
952 134
952 296
953 953
953 3461
953 2661
953 370
954 954
954 1017
954 2272
954 2858
955 955
955 3260
955 1035
955 8
956 956
956 650
956 991
956 2191
957 957
957 2230
957 2276
957 2845
958 958
958 1197
958 1777
958 731
959 959
959 8
959 294
959 338
960 960
960 2636
960 2396
960 2168
961 961
961 875
961 1299
961 2190
962 962
962 879
962 179
962 2537
963 963
963 3910
963 81
963 875
964 964
964 8
964 294
964 338
965 965
965 3937
965 1179
965 8
966 966
966 1290
966 3503
966 3418
967 967
967 2081
967 146
967 822
968 968
968 1734
968 3284
968 2159
969 969
969 1039
969 3533
969 1759
970 970
970 62
970 875
970 1204
971 971
971 1345
971 1041
971 420
972 972
972 179
972 1479
972 2655
973 973
973 597
973 3625
973 2701
974 974
974 3969
974 374
974 625
975 975
975 11
975 2404
975 939
976 976
976 3665
976 2548
976 2951
977 977
977 421
977 137
977 2829
978 978
978 1338
978 1970
978 3719
979 979
979 3441
979 917
979 277
980 980
980 1953
980 1407
980 2723
981 981
981 3239
981 3631
981 3925
982 982
982 1386
982 617
982 3925
983 983
983 1614
983 2252
983 569
984 984
984 2282
984 1549
984 334
985 985
985 1132
985 2311
985 2934
986 986
986 3233
986 1741
986 3878
987 987
987 208
987 1496
987 2352
988 518
988 988
988 1298
988 343
989 989
989 2221
989 2496
989 2958
990 990
990 3010
990 1251
990 1678
991 650
991 991
991 8
991 294
992 992
992 3363
992 1951
992 3987
993 993
993 1091
993 3321
993 1849
994 994
994 531
994 1363
994 3318
995 733
995 995
995 2810
995 8
996 996
996 8
996 294
996 338
997 997
997 3254
997 784
997 2085
998 998
998 2483
998 7
998 8
999 999
999 2143
999 312
999 1321
1000 1000
1000 323
1000 1013
1000 2464
1001 1001
1001 2111
1001 8
1001 294
1002 1002
1002 2008
1002 3085
1002 8
1003 1003
1003 3939
1003 119
1003 517
1004 1004
1004 340
1004 2707
1004 2825
1005 1005
1005 1872
1005 2906
1005 3171
1006 1006
1006 1496
1006 2454
1006 3320
1007 1007
1007 350
1007 1849
1007 1211
1008 1008
1008 3087
1008 414
1008 825
1009 1009
1009 4006
1009 876
1009 3448
1010 1010
1010 1889
1010 3303
1010 8
1011 1011
1011 378
1011 2721
1011 3612
1012 1012
1012 3749
1012 1556
1012 288
1013 1013
1013 2464
1013 3713
1013 1980
1014 1014
1014 41
1014 1831
1014 2005
1015 1015
1015 905
1015 1737
1015 414
1016 1016
1016 1609
1016 1903
1016 2526
1017 1017
1017 2272
1017 2858
1017 8
1018 1018
1018 65
1018 1482
1018 1786
1019 1019
1019 2903
1019 2560
1019 2845
1020 1020
1020 2198
1020 989
1020 2221
1021 757
1021 1021
1021 2309
1021 3151
1022 1022
1022 2252
1022 1211
1022 1325
1023 1023
1023 3207
1023 1876
1023 2248
1024 1024
1024 378
1024 1289
1024 1392
1025 1025
1025 2779
1025 8
1025 294
1026 1026
1026 1211
1026 2180
1026 3134
1027 1027
1027 1496
1027 2454
1027 3320
1028 1028
1028 624
1028 2073
1028 384
1029 1029
1029 92
1029 3548
1029 596
1030 1030
1030 1353
1030 1404
1030 2914
1031 1031
1031 2232
1031 135
1031 782
1032 1032
1032 429
1032 635
1032 707
1033 1033
1033 861
1033 1041
1033 848
1034 1034
1034 2462
1034 134
1034 2210
1035 1035
1035 8
1035 294
1035 338
1036 1036
1036 471
1036 586
1036 1321
1037 1037
1037 2341
1037 2435
1037 1840
1038 1038
1038 650
1038 801
1038 991
1039 1039
1039 3533
1039 3716
1039 2279
1040 1040
1040 2194
1040 396
1040 2762
1041 1041
1041 971
1041 1345
1041 420
1042 1042
1042 1264
1042 1282
1042 1693
1043 1043
1043 1448
1043 1385
1043 2135
1044 1044
1044 2960
1044 3131
1044 3226
1045 1045
1045 312
1045 402
1045 468
1046 1046
1046 3716
1046 1039
1046 969
1047 1047
1047 989
1047 2221
1047 2846
1048 1048
1048 437
1048 2970
1048 1832
1049 1049
1049 2152
1049 414
1049 704
1050 1050
1050 1303
1050 378
1050 758
1051 1051
1051 607
1051 1002
1051 2008
1052 1052
1052 3578
1052 2152
1052 2339
1053 1053
1053 2147
1053 1604
1053 2485
1054 1054
1054 1348
1054 2174
1054 704
1055 1055
1055 2437
1055 378
1055 650
1056 1056
1056 1321
1056 2914
1056 2991
1057 1057
1057 109
1057 208
1057 41
1058 1058
1058 2841
1058 1889
1058 2794
1059 1059
1059 313
1059 1931
1059 3126
1060 1060
1060 2406
1060 8
1060 179
1061 1061
1061 8
1061 294
1061 338
1062 1062
1062 733
1062 995
1062 2810
1063 1063
1063 3200
1063 2560
1063 3683
1064 1064
1064 208
1064 1353
1064 1404
1065 1065
1065 2807
1065 313
1065 277
1066 1066
1066 2649
1066 3281
1066 481
1067 1067
1067 824
1067 1509
1067 1757
1068 1068
1068 1460
1068 92
1068 538
1069 1069
1069 1696
1069 104
1069 2661
1070 1070
1070 3085
1070 8
1070 294
1071 1071
1071 3419
1071 1732
1071 163
1072 1072
1072 3421
1072 1919
1072 593
1073 1073
1073 593
1073 575
1073 1289
1074 1074
1074 2128
1074 189
1074 8
1075 1075
1075 2204
1075 3274
1075 3521
1076 1076
1076 130
1076 2252
1076 319
1077 1077
1077 2897
1077 1353
1077 1404
1078 1078
1078 1296
1078 8
1078 294
1079 1079
1079 2846
1079 8
1079 294
1080 1080
1080 1431
1080 2095
1080 3095
1081 1081
1081 2095
1081 1431
1081 1600
1082 1082
1082 3264
1082 490
1082 875
1083 1083
1083 306
1083 1153
1083 1215
1084 1084
1084 1289
1084 1392
1084 1478
1085 1085
1085 3900
1085 908
1085 1289
1086 1086
1086 276
1086 402
1086 650
1087 1087
1087 2609
1087 1287
1087 81
1088 1088
1088 291
1088 2386
1088 2790
1089 1089
1089 1982
1089 1456
1089 2096
1090 1090
1090 1220
1090 1547
1090 3015
1091 1091
1091 8
1091 186
1091 294
1092 1092
1092 439
1092 2912
1092 41
1093 1093
1093 3626
1093 126
1093 527
1094 1094
1094 3312
1094 2927
1094 2529
1095 1095
1095 3651
1095 588
1095 36
1096 1096
1096 2860
1096 2252
1096 1017
1097 1097
1097 8
1097 186
1097 294
1098 1098
1098 2102
1098 2271
1098 1429
1099 1099
1099 3497
1099 3256
1099 573
1100 1100
1100 818
1100 2463
1100 626
1101 1101
1101 2350
1101 618
1101 2191
1102 1102
1102 179
1102 961
1102 62
1103 1103
1103 3003
1103 2560
1103 3364
1104 1104
1104 1782
1104 2666
1104 427
1105 1105
1105 2460
1105 3479
1105 328
1106 1106
1106 214
1106 515
1106 875
1107 1107
1107 588
1107 36
1107 4005
1108 1108
1108 477
1108 3386
1108 2490
1109 1109
1109 316
1109 1765
1109 3356
1110 1110
1110 489
1110 3581
1110 1786
1111 1111
1111 1368
1111 509
1111 1395
1112 1112
1112 194
1112 3516
1112 2962
1113 1113
1113 551
1113 1165
1113 1353
1114 1114
1114 959
1114 8
1114 294
1115 1115
1115 378
1115 875
1115 1204
1116 1116
1116 907
1116 2953
1116 370
1117 1117
1117 3321
1117 2283
1117 993
1118 1118
1118 130
1118 3069
1118 2016
1119 1119
1119 1736
1119 2521
1119 1878
1120 1120
1120 472
1120 4046
1120 3131
1121 1121
1121 1179
1121 779
1121 870
1122 1122
1122 62
1122 875
1122 1017
1123 1123
1123 517
1123 2581
1123 1516
1124 1124
1124 284
1124 414
1124 593
1125 1125
1125 717
1125 1572
1125 111
1126 1126
1126 1353
1126 1404
1126 1179
1127 1127
1127 1650
1127 296
1127 248
1128 1128
1128 325
1128 2171
1128 1136
1129 1129
1129 746
1129 1367
1129 111
1130 1130
1130 50
1130 130
1130 605
1131 1131
1131 2579
1131 3119
1131 788
1132 1132
1132 985
1132 208
1132 987
1133 1133
1133 2723
1133 646
1133 910
1134 1134
1134 1353
1134 1404
1134 7
1135 1135
1135 14
1135 3743
1135 1750
1136 1136
1136 1316
1136 1700
1136 2556
1137 1137
1137 3390
1137 9
1137 2782
1138 1138
1138 453
1138 378
1138 527
1139 1139
1139 2388
1139 733
1139 995
1140 1140
1140 954
1140 1017
1140 1353
1141 1141
1141 1417
1141 1609
1141 2189
1142 1142
1142 2064
1142 2749
1142 638
1143 1143
1143 409
1143 788
1143 2914
1144 1144
1144 3240
1144 2539
1144 3077
1145 1145
1145 914
1145 1456
1145 1723
1146 1146
1146 1216
1146 1536
1146 2817
1147 1147
1147 335
1147 1815
1147 378
1148 1148
1148 2628
1148 2708
1148 1904
1149 1149
1149 1471
1149 2519
1149 304
1150 1150
1150 3808
1150 3167
1150 3560
1151 233
1151 1151
1151 3166
1151 319
1152 1152
1152 3790
1152 181
1152 1499
1153 1153
1153 1522
1153 1215
1153 1456
1154 1154
1154 2800
1154 468
1154 1179
1155 1155
1155 3056
1155 169
1155 650
1156 1156
1156 3769
1156 1974
1156 2210
1157 1157
1157 1503
1157 1174
1157 430
1158 1158
1158 402
1158 8
1158 294
1159 1159
1159 2694
1159 3140
1159 2580
1160 1160
1160 2765
1160 1305
1160 1007
1161 1161
1161 2280
1161 2126
1161 3923
1162 1162
1162 867
1162 98
1162 1905
1163 1163
1163 658
1163 2929
1163 1136
1164 1164
1164 1369
1164 650
1164 989
1165 1165
1165 2139
1165 8
1165 294
1166 1166
1166 4048
1166 1786
1166 3925
1167 1167
1167 146
1167 2163
1167 1197
1168 1168
1168 1861
1168 2998
1168 423
1169 1169
1169 1688
1169 8
1169 294
1170 1170
1170 1982
1170 154
1170 800
1171 1171
1171 1211
1171 2180
1171 3134
1172 1172
1172 3444
1172 638
1172 1006
1173 1173
1173 378
1173 609
1173 1115
1174 1174
1174 1503
1174 1157
1174 430
1175 1175
1175 1692
1175 2062
1175 855
1176 1176
1176 1884
1176 699
1176 3053
1177 1177
1177 1662
1177 3502
1177 3365
1178 1178
1178 3807
1178 3702
1178 589
1179 1179
1179 8
1179 294
1179 338
1180 8
1180 294
1180 338
1180 387
1181 1181
1181 3478
1181 2209
1181 262
1182 1182
1182 1208
1182 115
1182 38
1183 1183
1183 918
1183 2587
1183 170
1184 1184
1184 403
1184 751
1184 470
1185 1185
1185 1661
1185 2483
1185 7
1186 1186
1186 1889
1186 2189
1186 3774
1187 1187
1187 2811
1187 3652
1187 2881
1188 1188
1188 1289
1188 1392
1188 1478
1189 1189
1189 2466
1189 455
1189 1535
1190 1190
1190 8
1190 294
1190 338
1191 1191
1191 2508
1191 3599
1191 3131
1192 1192
1192 3543
1192 378
1192 788
1193 1193
1193 466
1193 634
1193 177
1194 1194
1194 2824
1194 2189
1194 8
1195 1195
1195 1211
1195 2180
1195 3134
1196 1196
1196 3739
1196 1657
1196 1149
1197 1197
1197 1289
1197 1392
1197 1478
1198 1198
1198 132
1198 1022
1198 2252
1199 1199
1199 1136
1199 1316
1199 1700
1200 1200
1200 3393
1200 276
1200 1353
1201 1201
1201 408
1201 1626
1201 2004
1202 1202
1202 3821
1202 381
1202 1123
1203 1203
1203 3719
1203 2693
1203 2560
1204 1204
1204 875
1204 1299
1204 2190
1205 1205
1205 331
1205 1548
1205 217
1206 1206
1206 179
1206 533
1206 1443
1207 1207
1207 1812
1207 2210
1207 3633
1208 1208
1208 38
1208 115
1208 1182
1209 1209
1209 3620
1209 343
1209 2252
1210 1210
1210 3932
1210 3308
1210 343
1211 1211
1211 2180
1211 3134
1211 8
1212 1212
1212 1274
1212 3685
1212 230
1213 1213
1213 120
1213 523
1213 381
1214 1214
1214 3554
1214 1444
1214 310
1215 1215
1215 111
1215 1153
1215 2825
1216 1216
1216 1146
1216 1536
1216 2817
1217 1217
1217 1283
1217 1115
1217 2210
1218 1218
1218 109
1218 638
1218 902
1219 1219
1219 2718
1219 1357
1219 3111
1220 1220
1220 1547
1220 3015
1220 1090
1221 1221
1221 692
1221 154
1221 1456
1222 1222
1222 2446
1222 3992
1222 1402
1223 1223
1223 3986
1223 2824
1223 961
1224 505
1224 1224
1224 3000
1224 312
1225 1225
1225 2447
1225 850
1225 2071
1226 1226
1226 3924
1226 2086
1226 2676
1227 1227
1227 2494
1227 1601
1227 3955
1228 1228
1228 2432
1228 688
1228 200
1229 1229
1229 2144
1229 414
1229 854
1230 1230
1230 2940
1230 1632
1230 2777
1231 1231
1231 3517
1231 3626
1231 3975
1232 1232
1232 1781
1232 875
1232 1299
1233 1233
1233 2961
1233 343
1233 1831
1234 1234
1234 8
1234 294
1234 338
1235 1235
1235 2146
1235 686
1235 261
1236 1236
1236 3668
1236 296
1236 1393
1237 1237
1237 3785
1237 819
1237 1654
1238 1238
1238 4028
1238 551
1238 1165
1239 1239
1239 3369
1239 837
1239 1493
1240 1240
1240 650
1240 991
1240 1030
1241 1241
1241 2887
1241 3178
1241 8
1242 1242
1242 366
1242 1321
1242 1723
1243 1243
1243 8
1243 294
1243 338
1244 1244
1244 2995
1244 3069
1244 593
1245 1245
1245 695
1245 1030
1245 1353
1246 1246
1246 2815
1246 697
1246 111
1247 1247
1247 2772
1247 3569
1247 3717
1248 1248
1248 229
1248 3504
1248 1353
1249 1249
1249 3647
1249 685
1249 170
1250 1250
1250 833
1250 3912
1250 328
1251 1251
1251 990
1251 3010
1251 1678
1252 1252
1252 318
1252 3052
1252 2164
1253 1253
1253 1947
1253 3136
1253 811
1254 1254
1254 2488
1254 2766
1254 1858
1255 1255
1255 3466
1255 650
1255 875
1256 1256
1256 1391
1256 1460
1256 3455
1257 1257
1257 2401
1257 650
1257 991
1258 1258
1258 8
1258 290
1258 294
1259 1259
1259 104
1259 718
1259 875
1260 1260
1260 300
1260 3659
1260 776
1261 1261
1261 2215
1261 1765
1261 3356
1262 1262
1262 3031
1262 599
1262 3620
1263 1263
1263 725
1263 2334
1263 434
1264 1264
1264 1282
1264 1042
1264 3212
1265 1265
1265 716
1265 2157
1265 3265
1266 1266
1266 2959
1266 3056
1266 50
1267 1267
1267 1458
1267 2912
1267 111
1268 1268
1268 2537
1268 111
1268 875
1269 1269
1269 1661
1269 2825
1269 8
1270 1270
1270 1711
1270 588
1270 36
1271 1271
1271 3735
1271 3506
1271 944
1272 1272
1272 2099
1272 1526
1272 3428
1273 1273
1273 3525
1273 3448
1273 2210
1274 1274
1274 1212
1274 3685
1274 230
1275 1275
1275 853
1275 551
1275 1786
1276 1276
1276 3848
1276 3748
1276 138
1277 1277
1277 3502
1277 3781
1277 788
1278 8
1278 294
1278 338
1278 387
1279 1279
1279 1342
1279 3724
1279 1786
1280 1280
1280 179
1280 1375
1280 62
1281 1281
1281 8
1281 121
1281 186
1282 1282
1282 1264
1282 2192
1282 2982
1283 1283
1283 1217
1283 1514
1283 1815
1284 1284
1284 1589
1284 255
1284 1452
1285 1285
1285 3127
1285 2990
1285 851
1286 245
1286 1286
1286 2202
1286 4055
1287 1287
1287 929
1287 609
1287 3559
1288 1288
1288 3174
1288 1211
1288 2180
1289 1289
1289 1392
1289 1478
1289 8
1290 1290
1290 3503
1290 3418
1290 966
1291 1291
1291 882
1291 378
1291 609
1292 1292
1292 3641
1292 8
1292 294
1293 1293
1293 192
1293 320
1293 2626
1294 1294
1294 3740
1294 1122
1294 62
1295 1295
1295 3937
1295 8
1295 179
1296 1078
1296 1296
1296 8
1296 294
1297 1297
1297 180
1297 686
1297 3975
1298 1298
1298 518
1298 988
1298 3862
1299 875
1299 1299
1299 2190
1299 8
1300 1300
1300 65
1300 1692
1300 1955
1301 1301
1301 3382
1301 468
1301 497
1302 1302
1302 1340
1302 1353
1302 1404
1303 1303
1303 378
1303 2721
1303 2825
1304 1304
1304 2483
1304 7
1304 8
1305 1305
1305 2765
1305 1160
1305 1007
1306 1306
1306 1750
1306 342
1306 445
1307 1307
1307 650
1307 991
1307 8
1308 1308
1308 1713
1308 2845
1308 3258
1309 1309
1309 2537
1309 2632
1309 111
1310 1310
1310 3637
1310 888
1310 636
1311 1311
1311 1195
1311 1211
1311 2152
1312 1312
1312 325
1312 370
1312 2386
1313 1313
1313 3960
1313 1832
1313 451
1314 1314
1314 3358
1314 4034
1314 2669
1315 1315
1315 1833
1315 1
1315 291
1316 1136
1316 1316
1316 1700
1316 2556
1317 1317
1317 2638
1317 8
1317 294
1318 1318
1318 2484
1318 3763
1318 179
1319 1319
1319 3108
1319 3150
1319 2496
1320 1320
1320 2308
1320 2825
1320 8
1321 1321
1321 8
1321 294
1321 338
1322 1322
1322 1937
1322 3522
1322 2864
1323 1323
1323 2732
1323 87
1323 3250
1324 1324
1324 1970
1324 266
1324 733
1325 1325
1325 2252
1325 41
1325 1211
1326 1326
1326 1713
1326 1831
1326 8
1327 1327
1327 1394
1327 126
1327 363
1328 1328
1328 693
1328 2792
1328 3019
1329 1329
1329 335
1329 2772
1329 3113
1330 1330
1330 1831
1330 2845
1330 8
1331 1331
1331 317
1331 2646
1331 8
1332 1332
1332 1353
1332 1404
1332 3802
1333 1333
1333 82
1333 292
1333 3925
1334 1334
1334 3798
1334 3215
1334 3774
1335 1335
1335 3811
1335 157
1335 1777
1336 1336
1336 3123
1336 3607
1336 630
1337 1337
1337 1303
1337 378
1337 2721
1338 1338
1338 978
1338 3719
1338 1288
1339 1339
1339 2758
1339 195
1339 859
1340 1340
1340 1302
1340 1134
1340 2443
1341 446
1341 1341
1341 1768
1341 2601
1342 1342
1342 1279
1342 3724
1342 2393
1343 1343
1343 767
1343 989
1343 1047
1344 1344
1344 3611
1344 505
1344 1224
1345 1345
1345 971
1345 1041
1345 420
1346 1346
1346 3325
1346 8
1346 294
1347 1347
1347 224
1347 2397
1347 2373
1348 1348
1348 1054
1348 2174
1348 1693
1349 1349
1349 3603
1349 179
1349 2248
1350 1350
1350 595
1350 2246
1350 949
1351 1351
1351 257
1351 3487
1351 303
1352 1352
1352 691
1352 1136
1352 1316
1353 1353
1353 1404
1353 8
1353 294
1354 1354
1354 2034
1354 65
1354 1786
1355 1355
1355 172
1355 635
1355 686
1356 1356
1356 2779
1356 8
1356 290
1357 1357
1357 3111
1357 1353
1357 1404
1358 1358
1358 428
1358 455
1358 650
1359 1359
1359 3649
1359 179
1359 230
1360 1360
1360 378
1360 2721
1360 3612
1361 1361
1361 365
1361 914
1361 414
1362 1362
1362 1756
1362 2678
1362 3502
1363 1363
1363 531
1363 8
1363 294
1364 1364
1364 2483
1364 3303
1364 7
1365 1365
1365 2118
1365 2820
1365 356
1366 8
1366 294
1366 338
1366 387
1367 1367
1367 1129
1367 746
1367 397
1368 1368
1368 1111
1368 509
1368 1766
1369 1369
1369 1164
1369 3303
1369 8
1370 1370
1370 2883
1370 3628
1370 111
1371 1371
1371 2845
1371 8
1371 294
1372 1372
1372 1292
1372 3641
1372 8
1373 1373
1373 2517
1373 707
1373 720
1374 1374
1374 53
1374 2140
1374 3258
1375 1375
1375 3937
1375 8
1375 179
1376 1376
1376 2701
1376 1593
1376 1177
1377 1377
1377 2514
1377 3730
1377 2504
1378 1378
1378 805
1378 1897
1378 2001
1379 1379
1379 1211
1379 1894
1379 2180
1380 1380
1380 2067
1380 4007
1380 1871
1381 1381
1381 2426
1381 468
1381 1353
1382 1382
1382 443
1382 1703
1382 148
1383 1383
1383 3990
1383 370
1383 650
1384 1384
1384 3220
1384 2914
1384 2991
1385 1385
1385 1043
1385 1448
1385 266
1386 1386
1386 982
1386 2001
1386 2685
1387 1387
1387 3112
1387 42
1387 3632
1388 1388
1388 1958
1388 2004
1388 3122
1389 1389
1389 3065
1389 3040
1389 378
1390 1390
1390 3872
1390 650
1390 991
1391 1391
1391 3455
1391 8
1391 294
1392 1289
1392 1392
1392 1478
1392 8
1393 1393
1393 1723
1393 1889
1393 1179
1394 1394
1394 1327
1394 875
1394 1299
1395 1395
1395 1128
1395 2560
1395 3683
1396 1396
1396 650
1396 991
1396 1723
1397 1397
1397 2739
1397 312
1397 2612
1398 1398
1398 1962
1398 801
1398 1522
1399 1399
1399 733
1399 995
1399 1211
1400 1400
1400 3360
1400 2016
1400 2627
1401 1401
1401 2830
1401 2883
1401 170
1402 1402
1402 2446
1402 1222
1402 3992
1403 1403
1403 781
1403 532
1403 2152
1404 1353
1404 1404
1404 8
1404 294
1405 1405
1405 285
1405 3433
1405 248
1406 1406
1406 2210
1406 2462
1406 3295
1407 1407
1407 980
1407 1953
1407 2723
1408 1408
1408 179
1408 62
1408 296
1409 1409
1409 474
1409 312
1409 933
1410 1410
1410 2601
1410 2472
1410 2825
1411 1411
1411 3890
1411 1802
1411 4025
1412 1412
1412 604
1412 1136
1412 1316
1413 1413
1413 532
1413 781
1413 1403
1414 1414
1414 152
1414 1620
1414 2737
1415 1415
1415 58
1415 2240
1415 3531
1416 1416
1416 650
1416 801
1416 991
1417 1417
1417 1141
1417 1609
1417 2189
1418 1418
1418 3144
1418 1786
1418 291
1419 1419
1419 1661
1419 8
1419 294
1420 1420
1420 230
1420 959
1420 2104
1421 1421
1421 3999
1421 132
1421 1211
1422 1422
1422 3780
1422 3951
1422 1126
1423 1423
1423 1777
1423 3113
1423 4020
1424 1424
1424 1710
1424 2355
1424 3178
1425 1425
1425 2356
1425 875
1425 1299
1426 1426
1426 3117
1426 277
1426 2662
1427 1427
1427 1812
1427 3094
1427 2966
1428 1428
1428 2109
1428 1030
1428 1353
1429 1429
1429 2324
1429 2271
1429 650
1430 1430
1430 3721
1430 1035
1430 1190
1431 1431
1431 1080
1431 2095
1431 1081
1432 1432
1432 3194
1432 3126
1432 3306
1433 1433
1433 2271
1433 1692
1433 2060
1434 1434
1434 1692
1434 2271
1434 1452
1435 1435
1435 1667
1435 2883
1435 3543
1436 1436
1436 650
1436 731
1436 801
1437 1437
1437 1289
1437 1392
1437 1478
1438 1438
1438 2060
1438 1957
1438 1433
1439 1439
1439 2070
1439 2257
1439 3370
1440 1440
1440 2298
1440 641
1440 559
1441 1441
1441 151
1441 1353
1441 1404
1442 1442
1442 3438
1442 650
1442 991
1443 1443
1443 3193
1443 179
1443 62
1444 1444
1444 1214
1444 326
1444 3554
1445 1445
1445 575
1445 593
1445 2726
1446 8
1446 294
1446 338
1446 387
1447 1447
1447 1019
1447 2903
1447 2845
1448 1448
1448 1043
1448 1385
1448 1030
1449 1449
1449 3980
1449 2202
1449 414
1450 1450
1450 3419
1450 831
1450 2770
1451 1451
1451 1211
1451 2180
1451 3077
1452 1452
1452 41
1452 2005
1452 8
1453 1453
1453 1770
1453 2326
1453 2659
1454 1454
1454 2705
1454 2159
1454 3512
1455 1455
1455 3810
1455 420
1455 2075
1456 1456
1456 8
1456 294
1456 338
1457 1457
1457 3001
1457 2152
1457 3046
1458 1458
1458 1267
1458 2912
1458 194
1459 1459
1459 179
1459 3920
1459 62
1460 1460
1460 1179
1460 8
1460 294
1461 1461
1461 8
1461 294
1461 338
1462 1462
1462 3904
1462 577
1462 738
1463 1463
1463 3687
1463 335
1463 378
1464 1464
1464 3122
1464 92
1464 319
1465 1465
1465 3741
1465 1292
1465 1393
1466 1466
1466 241
1466 2436
1466 2681
1467 1467
1467 2091
1467 428
1467 961
1468 1468
1468 2639
1468 1928
1468 84
1469 1469
1469 1781
1469 1786
1469 2601
1470 1470
1470 3317
1470 3970
1470 3
1471 1471
1471 2519
1471 304
1471 1149
1472 1472
1472 8
1472 294
1472 338
1473 1473
1473 686
1473 2154
1473 3215
1474 1474
1474 81
1474 875
1474 1299
1475 1475
1475 661
1475 3033
1475 3728
1476 1476
1476 272
1476 605
1476 989
1477 1477
1477 3285
1477 3885
1477 468
1478 1289
1478 1392
1478 1478
1478 8
1479 1479
1479 179
1479 345
1479 62
1480 1480
1480 2894
1480 659
1480 2601
1481 1481
1481 3191
1481 1898
1481 2937
1482 1482
1482 2483
1482 3178
1482 7
1483 1483
1483 3105
1483 2152
1483 704
1484 1484
1484 680
1484 2515
1484 92
1485 1485
1485 774
1485 3049
1485 8
1486 1486
1486 8
1486 294
1486 338
1487 1487
1487 904
1487 2230
1487 1303
1488 1488
1488 729
1488 94
1488 319
1489 1489
1489 3152
1489 168
1489 3074
1490 1490
1490 711
1490 69
1490 3916
1491 1491
1491 3739
1491 1196
1491 3293
1492 1492
1492 733
1492 995
1492 1289
1493 1493
1493 1121
1493 3369
1493 3077
1494 1494
1494 3679
1494 2378
1494 1893
1495 1495
1495 2150
1495 2572
1495 3859
1496 1496
1496 2454
1496 3320
1496 8
1497 1497
1497 103
1497 2252
1497 343
1498 1498
1498 1832
1498 2970
1498 437
1499 1499
1499 3790
1499 1152
1499 181
1500 1500
1500 325
1500 1980
1500 2252
1501 1501
1501 4024
1501 4054
1501 2189
1502 1502
1502 2123
1502 3707
1502 2271
1503 1503
1503 1157
1503 1174
1503 430
1504 1504
1504 3626
1504 126
1504 875
1505 1505
1505 240
1505 414
1505 325
1506 1506
1506 1796
1506 2904
1506 2386
1507 1507
1507 130
1507 170
1507 1211
1508 1508
1508 179
1508 1786
1508 62
1509 1509
1509 3419
1509 3899
1509 1757
1510 1510
1510 2914
1510 2991
1510 3085
1511 1511
1511 2687
1511 2994
1511 3549
1512 1512
1512 130
1512 1197
1512 1211
1513 1513
1513 3022
1513 2872
1513 2664
1514 1514
1514 2413
1514 2552
1514 2914
1515 1515
1515 1907
1515 2068
1515 417
1516 1516
1516 517
1516 1353
1516 1404
1517 1517
1517 3534
1517 1602
1517 515
1518 1518
1518 2589
1518 2552
1518 618
1519 1519
1519 2440
1519 3850
1519 2914
1520 1520
1520 316
1520 1109
1520 1765
1521 1521
1521 2397
1521 2373
1521 1599
1522 1522
1522 1153
1522 1982
1522 1215
1523 816
1523 1523
1523 1439
1523 2070
1524 1524
1524 900
1524 2073
1524 157
1525 1525
1525 81
1525 650
1525 991
1526 1526
1526 1272
1526 2099
1526 3428
1527 1527
1527 2791
1527 650
1527 991
1528 1528
1528 3372
1528 325
1528 319
1529 1529
1529 1188
1529 1259
1529 1384
1530 1530
1530 344
1530 2547
1530 468
1531 1531
1531 3037
1531 3719
1531 4051
1532 1532
1532 179
1532 62
1532 296
1533 1533
1533 711
1533 1490
1533 3588
1534 1534
1534 674
1534 2294
1534 3024
1535 1535
1535 650
1535 991
1535 8
1536 1536
1536 1146
1536 1216
1536 2817
1537 1537
1537 1735
1537 2252
1537 1211
1538 8
1538 294
1538 338
1538 387
1539 1539
1539 642
1539 989
1539 2221
1540 1540
1540 1786
1540 3626
1540 126
1541 1541
1541 81
1541 538
1541 875
1542 1542
1542 41
1542 989
1542 2005
1543 1543
1543 2959
1543 3303
1543 8
1544 1544
1544 2203
1544 2080
1544 2532
1545 1545
1545 126
1545 363
1545 586
1546 1546
1546 114
1546 2363
1546 2927
1547 1547
1547 3015
1547 1220
1547 519
1548 1548
1548 331
1548 1205
1548 217
1549 1549
1549 3044
1549 2175
1549 334
1550 1550
1550 3570
1550 2825
1550 8
1551 1551
1551 2245
1551 1522
1551 1153
1552 1552
1552 3246
1552 1744
1552 1489
1553 1553
1553 651
1553 1346
1553 1831
1554 1554
1554 3488
1554 2188
1554 428
1555 1555
1555 2803
1555 2932
1555 1550
1556 1556
1556 44
1556 347
1556 2800
1557 1557
1557 3606
1557 2698
1557 1608
1558 937
1558 1558
1558 1843
1558 1288
1559 1559
1559 617
1559 2157
1559 296
1560 1560
1560 2271
1560 92
1560 490
1561 1561
1561 734
1561 2084
1561 2
1562 1562
1562 613
1562 3225
1562 1865
1563 1563
1563 3446
1563 822
1563 1710
1564 254
1564 1564
1564 767
1564 4050
1565 1565
1565 788
1565 2483
1565 7
1566 1566
1566 1165
1566 2139
1566 2355
1567 1567
1567 48
1567 3569
1567 875
1568 1568
1568 2601
1568 1179
1568 8
1569 1569
1569 1243
1569 8
1569 294
1570 1570
1570 3341
1570 62
1570 397
1571 1571
1571 230
1571 81
1571 402
1572 1572
1572 717
1572 1522
1572 111
1573 1573
1573 1939
1573 874
1573 3158
1574 1574
1574 43
1574 65
1574 186
1575 1575
1575 3487
1575 1351
1575 257
1576 1576
1576 3502
1576 1305
1576 1277
1577 1577
1577 2566
1577 2278
1577 255
1578 1578
1578 989
1578 1353
1578 1404
1579 1579
1579 2535
1579 526
1579 2655
1580 1580
1580 261
1580 1496
1580 2406
1581 1581
1581 3812
1581 3951
1581 718
1582 1582
1582 2729
1582 324
1582 3674
1583 1583
1583 4024
1583 2929
1583 658
1584 1584
1584 2129
1584 715
1584 4030
1585 1585
1585 620
1585 496
1585 1936
1586 1586
1586 3822
1586 1924
1586 1944
1587 1587
1587 3207
1587 443
1587 1382
1588 1588
1588 346
1588 1171
1588 1460
1589 1589
1589 1284
1589 2891
1589 3567
1590 1590
1590 184
1590 1940
1590 2182
1591 1591
1591 8
1591 294
1591 338
1592 1592
1592 3975
1592 1992
1592 3243
1593 1593
1593 92
1593 104
1593 157
1594 1594
1594 2595
1594 310
1594 707
1595 1595
1595 2711
1595 3090
1595 343
1596 1596
1596 2722
1596 358
1596 858
1597 1597
1597 1380
1597 1871
1597 4007
1598 1598
1598 2979
1598 1191
1598 2248
1599 1599
1599 2373
1599 2397
1599 1521
1600 1600
1600 230
1600 1864
1600 2584
1601 1601
1601 1461
1601 3282
1601 3413
1602 1602
1602 1269
1602 735
1602 2825
1603 1603
1603 1748
1603 8
1603 294
1604 1604
1604 3543
1604 144
1604 378
1605 1605
1605 110
1605 1514
1605 2241
1606 1606
1606 2338
1606 3323
1606 170
1607 1607
1607 3833
1607 179
1607 1443
1608 1608
1608 3606
1608 2698
1608 1837
1609 1609
1609 1417
1609 81
1609 1141
1610 1610
1610 37
1610 3614
1610 801
1611 1611
1611 3480
1611 2152
1611 729
1612 1612
1612 2197
1612 157
1612 2451
1613 1613
1613 2809
1613 2874
1613 81
1614 1614
1614 2252
1614 569
1614 1211
1615 1615
1615 593
1615 575
1615 537
1616 1616
1616 2226
1616 3258
1616 2001
1617 1617
1617 153
1617 1289
1617 1392
1618 1618
1618 2687
1618 2994
1618 3549
1619 1619
1619 3063
1619 2927
1619 699
1620 1620
1620 2737
1620 851
1620 2152
1621 1621
1621 2925
1621 868
1621 391
1622 1622
1622 3415
1622 737
1622 3514
1623 1623
1623 415
1623 801
1623 1289
1624 1624
1624 1639
1624 3276
1624 170
1625 1625
1625 4016
1625 1966
1625 658
1626 1626
1626 618
1626 989
1626 1211
1627 1627
1627 130
1627 650
1627 991
1628 1628
1628 149
1628 635
1628 989
1629 1629
1629 8
1629 294
1629 338
1630 1630
1630 412
1630 3930
1630 727
1631 1631
1631 1909
1631 2414
1631 733
1632 1632
1632 1230
1632 2940
1632 2777
1633 1633
1633 551
1633 1165
1633 2139
1634 1634
1634 3626
1634 126
1634 875
1635 1635
1635 2211
1635 731
1635 1211
1636 1636
1636 2917
1636 2870
1636 2037
1637 1637
1637 2531
1637 1777
1637 2576
1638 1638
1638 2939
1638 650
1638 991
1639 1639
1639 1624
1639 1767
1639 2295
1640 1640
1640 1451
1640 3077
1640 961
1641 1641
1641 1281
1641 2306
1641 1017
1642 1642
1642 1138
1642 453
1642 1646
1643 1643
1643 547
1643 692
1643 2976
1644 1644
1644 1775
1644 2887
1644 3649
1645 1645
1645 609
1645 365
1645 378
1646 1646
1646 1982
1646 2927
1646 1456
1647 1647
1647 1672
1647 896
1647 3826
1648 1648
1648 2787
1648 85
1648 2496
1649 1649
1649 707
1649 1980
1649 370
1650 1650
1650 1127
1650 179
1650 296
1651 1651
1651 809
1651 2643
1651 3258
1652 1652
1652 414
1652 1537
1652 2252
1653 1653
1653 2816
1653 3699
1653 1306
1654 1654
1654 819
1654 3785
1654 618
1655 1655
1655 526
1655 2772
1655 468
1656 1656
1656 3574
1656 552
1656 487
1657 1657
1657 1890
1657 801
1657 3747
1658 1658
1658 1692
1658 2271
1658 3763
1659 1659
1659 694
1659 2281
1659 310
1660 1660
1660 2085
1660 2532
1660 1023
1661 1661
1661 8
1661 294
1661 338
1662 1662
1662 1177
1662 1904
1662 3502
1663 1663
1663 2819
1663 1022
1663 2252
1664 1664
1664 3642
1664 2914
1664 2991
1665 1665
1665 3677
1665 1453
1665 1770
1666 1666
1666 2220
1666 320
1666 3666
1667 1667
1667 378
1667 1211
1667 2180
1668 1668
1668 495
1668 1730
1668 20
1669 1669
1669 3519
1669 2365
1669 1060
1670 1670
1670 2863
1670 2816
1670 3158
1671 1671
1671 3364
1671 3719
1671 4054
1672 1672
1672 707
1672 2966
1672 3403
1673 1673
1673 1873
1673 2421
1673 1519
1674 1674
1674 2835
1674 2217
1674 3367
1675 1675
1675 357
1675 2610
1675 2746
1676 1676
1676 989
1676 2221
1676 2914
1677 1677
1677 3343
1677 854
1677 2726
1678 1678
1678 3010
1678 990
1678 1251
1679 1679
1679 1055
1679 3931
1679 378
1680 1680
1680 2122
1680 2952
1680 2932
1681 1681
1681 258
1681 175
1681 1170
1682 1682
1682 2655
1682 875
1682 1025
1683 1683
1683 650
1683 918
1683 991
1684 1684
1684 1895
1684 383
1684 8
1685 1685
1685 3888
1685 546
1685 447
1686 1686
1686 283
1686 1669
1686 2583
1687 1687
1687 3303
1687 8
1687 294
1688 1688
1688 8
1688 294
1688 338
1689 1689
1689 2838
1689 1776
1689 854
1690 1690
1690 2434
1690 8
1690 294
1691 1691
1691 583
1691 3872
1691 650
1692 1692
1692 2271
1692 62
1692 875
1693 1693
1693 130
1693 291
1693 1211
1694 1694
1694 1047
1694 1153
1694 1215
1695 1695
1695 8
1695 294
1695 338
1696 1696
1696 1069
1696 538
1696 2976
1697 1697
1697 743
1697 2613
1697 1136
1698 1698
1698 3971
1698 2442
1698 3841
1699 1699
1699 1393
1699 1786
1699 3188
1700 1136
1700 1316
1700 1700
1700 2556
1701 1701
1701 52
1701 2834
1701 2888
1702 1702
1702 1816
1702 179
1702 1443
1703 1703
1703 1382
1703 443
1703 148
1704 1704
1704 3619
1704 2992
1704 446
1705 1705
1705 650
1705 991
1705 1831
1706 1706
1706 3482
1706 2863
1706 398
1707 1707
1707 2399
1707 2437
1707 575
1708 1708
1708 1986
1708 838
1708 370
1709 1709
1709 312
1709 2612
1709 8
1710 1710
1710 312
1710 1424
1710 2612
1711 1711
1711 36
1711 588
1711 3593
1712 1712
1712 569
1712 414
1712 593
1713 1713
1713 8
1713 294
1713 338
1714 1714
1714 222
1714 692
1714 2537
1715 1715
1715 188
1715 1777
1715 193
1716 1716
1716 3886
1716 1247
1716 2152
1717 1717
1717 2603
1717 255
1717 1922
1718 1718
1718 514
1718 3824
1718 714
1719 1719
1719 872
1719 777
1719 1844
1720 1720
1720 3973
1720 3468
1720 660
1721 1721
1721 2469
1721 368
1721 3655
1722 1722
1722 2057
1722 2001
1722 2685
1723 1723
1723 8
1723 294
1723 338
1724 1724
1724 321
1724 221
1724 2931
1725 1725
1725 2968
1725 1692
1725 2271
1726 1726
1726 2247
1726 2986
1726 1667
1727 1727
1727 14
1727 2407
1727 538
1728 1728
1728 2132
1728 391
1728 1730
1729 1729
1729 1889
1729 2355
1729 8
1730 1730
1730 1757
1730 1728
1730 391
1731 1731
1731 8
1731 294
1731 338
1732 1732
1732 163
1732 468
1732 875
1733 1733
1733 2912
1733 1303
1733 2073
1734 968
1734 1734
1734 3284
1734 2159
1735 1735
1735 1537
1735 1211
1735 2180
1736 1736
1736 3533
1736 1759
1736 821
1737 905
1737 1737
1737 1015
1737 1464
1738 1738
1738 427
1738 3763
1738 179
1739 1739
1739 2601
1739 2496
1739 2958
1740 1740
1740 2771
1740 3508
1740 559
1741 1741
1741 161
1741 1308
1741 1330
1742 1742
1742 8
1742 294
1742 338
1743 1743
1743 1688
1743 8
1743 294
1744 1744
1744 3246
1744 1552
1744 3104
1745 1745
1745 104
1745 918
1745 2152
1746 1746
1746 2491
1746 3024
1746 1393
1747 1747
1747 3077
1747 2549
1747 650
1748 1748
1748 1603
1748 2468
1748 8
1749 1749
1749 2205
1749 851
1749 1519
1750 1750
1750 342
1750 1306
1750 2548
1751 1751
1751 279
1751 1353
1751 1404
1752 1752
1752 1614
1752 2252
1752 569
1753 1753
1753 3242
1753 2901
1753 3929
1754 1754
1754 2342
1754 3713
1754 2078
1755 1755
1755 761
1755 875
1755 1299
1756 1756
1756 1362
1756 2678
1756 3502
1757 1757
1757 1509
1757 3419
1757 1730
1758 1758
1758 8
1758 294
1758 338
1759 1759
1759 555
1759 2274
1759 2857
1760 1760
1760 1211
1760 2180
1760 3134
1761 1761
1761 199
1761 1128
1761 2152
1762 1762
1762 81
1762 840
1762 1017
1763 1763
1763 8
1763 294
1763 335
1764 1764
1764 1821
1764 2579
1764 2176
1765 1765
1765 3356
1765 3372
1765 3981
1766 1766
1766 509
1766 2075
1766 3077
1767 1767
1767 2295
1767 1980
1767 2252
1768 1768
1768 2601
1768 1179
1768 3126
1769 1769
1769 8
1769 294
1769 338
1770 1770
1770 1453
1770 2659
1770 1519
1771 8
1771 294
1771 338
1771 387
1772 1772
1772 2186
1772 1289
1772 1392
1773 1773
1773 1815
1773 365
1773 458
1774 1774
1774 989
1774 2221
1774 2496
1775 1775
1775 8
1775 294
1775 338
1776 1776
1776 854
1776 2073
1776 2537
1777 1777
1777 1289
1777 1392
1777 1478
1778 1778
1778 487
1778 552
1778 1656
1779 1779
1779 1983
1779 358
1779 858
1780 1780
1780 3587
1780 1973
1780 310
1781 1781
1781 875
1781 1232
1781 1299
1782 1782
1782 2666
1782 3589
1782 428
1783 1783
1783 2476
1783 379
1783 3904
1784 1784
1784 3258
1784 8
1784 294
1785 1785
1785 8
1785 294
1785 338
1786 1786
1786 875
1786 1299
1786 1353
1787 1787
1787 7
1787 8
1787 294
1788 1788
1788 956
1788 2191
1788 2284
1789 1789
1789 388
1789 3952
1789 1472
1790 1790
1790 2348
1790 1695
1790 1211
1791 1791
1791 1727
1791 2158
1791 2343
1792 1792
1792 3118
1792 3562
1792 329
1793 1793
1793 3263
1793 2730
1793 79
1794 1794
1794 2073
1794 384
1794 624
1795 1795
1795 1289
1795 1392
1795 1478
1796 1506
1796 1796
1796 2904
1796 2386
1797 1797
1797 3165
1797 2000
1797 2746
1798 1798
1798 3335
1798 3836
1798 3047
1799 1799
1799 3843
1799 8
1799 294
1800 1800
1800 1882
1800 3208
1800 2578
1801 1801
1801 2680
1801 8
1801 294
1802 1802
1802 319
1802 851
1802 1179
1803 1803
1803 92
1803 650
1803 918
1804 1804
1804 650
1804 875
1804 918
1805 1805
1805 834
1805 8
1805 294
1806 1806
1806 719
1806 1127
1806 1650
1807 1807
1807 3496
1807 2475
1807 3719
1808 1808
1808 3206
1808 8
1808 294
1809 1809
1809 593
1809 3141
1809 40
1810 1810
1810 1289
1810 1392
1810 1478
1811 1811
1811 2287
1811 2921
1811 545
1812 1812
1812 1207
1812 1427
1812 924
1813 1813
1813 8
1813 294
1813 338
1814 1814
1814 587
1814 1670
1814 1023
1815 1815
1815 2210
1815 378
1815 2721
1816 1816
1816 1702
1816 82
1816 292
1817 1817
1817 1332
1817 2372
1817 65
1818 1818
1818 3101
1818 3490
1818 3705
1819 1819
1819 2652
1819 459
1819 179
1820 1820
1820 428
1820 455
1820 1038
1821 1821
1821 650
1821 822
1821 991
1822 1822
1822 8
1822 294
1822 338
1823 1823
1823 3546
1823 784
1823 973
1824 1824
1824 2235
1824 3161
1824 2785
1825 1825
1825 2072
1825 3303
1825 8
1826 1826
1826 103
1826 3494
1826 414
1827 1827
1827 618
1827 989
1827 1165
1828 909
1828 1828
1828 2825
1828 1179
1829 1829
1829 634
1829 3576
1829 2173
1830 1830
1830 3325
1830 8
1830 186
1831 1831
1831 8
1831 294
1831 338
1832 1832
1832 1885
1832 2970
1832 1313
1833 1833
1833 1
1833 1315
1833 2953
1834 1834
1834 3568
1834 3946
1834 8
1835 1835
1835 2073
1835 2159
1835 3512
1836 1836
1836 2487
1836 1936
1836 690
1837 1837
1837 3606
1837 2698
1837 1608
1838 1838
1838 312
1838 2386
1838 2612
1839 1839
1839 4043
1839 2525
1839 2779
1840 1840
1840 2435
1840 527
1840 3965
1841 1841
1841 378
1841 1831
1841 2721
1842 1842
1842 2707
1842 8
1842 188
1843 1843
1843 179
1843 2767
1843 3731
1844 1844
1844 3844
1844 123
1844 1540
1845 1845
1845 208
1845 3220
1845 319
1846 1846
1846 405
1846 1324
1846 559
1847 1847
1847 3319
1847 2252
1847 732
1848 1848
1848 864
1848 81
1848 1353
1849 1849
1849 2483
1849 7
1849 8
1850 1850
1850 2820
1850 507
1850 2708
1851 1851
1851 3282
1851 3710
1851 1831
1852 1852
1852 8
1852 294
1852 338
1853 1853
1853 2930
1853 731
1853 1831
1854 40
1854 1854
1854 593
1854 537
1855 1855
1855 305
1855 650
1855 813
1856 1856
1856 482
1856 8
1856 294
1857 1857
1857 606
1857 2985
1857 3285
1858 1858
1858 2488
1858 1174
1858 2580
1859 1859
1859 2299
1859 2446
1859 3992
1860 1860
1860 1503
1860 1174
1860 3542
1861 1861
1861 1168
1861 2998
1861 423
1862 1862
1862 2778
1862 851
1862 3719
1863 1863
1863 1693
1863 2414
1863 2960
1864 1864
1864 179
1864 1346
1864 2497
1865 1865
1865 1562
1865 613
1865 3225
1866 1866
1866 638
1866 1496
1866 2454
1867 1867
1867 2779
1867 1136
1867 1316
1868 1868
1868 0
1868 875
1868 1232
1869 1869
1869 2358
1869 2839
1869 414
1870 1870
1870 793
1870 8
1870 294
1871 1871
1871 3771
1871 4007
1871 1380
1872 1872
1872 2906
1872 3171
1872 1265
1873 1873
1873 1673
1873 2421
1873 1499
1874 1874
1874 3069
1874 2016
1874 2971
1875 1875
1875 663
1875 491
1875 2665
1876 1876
1876 538
1876 875
1876 1232
1877 1877
1877 35
1877 2960
1877 3131
1878 1878
1878 2521
1878 1815
1878 2210
1879 1879
1879 2407
1879 1727
1879 1791
1880 1880
1880 1831
1880 8
1880 294
1881 1881
1881 2633
1881 1786
1881 1877
1882 1882
1882 2578
1882 3208
1882 3169
1883 1883
1883 2999
1883 580
1883 2386
1884 1884
1884 1176
1884 3053
1884 699
1885 1885
1885 2310
1885 1832
1885 451
1886 1886
1886 28
1886 493
1886 2916
1887 1887
1887 3674
1887 677
1887 3056
1888 1888
1888 248
1888 230
1888 2530
1889 1889
1889 8
1889 294
1889 338
1890 1890
1890 801
1890 1289
1890 1392
1891 1891
1891 2437
1891 650
1891 695
1892 1892
1892 3624
1892 989
1892 2221
1893 1893
1893 2378
1893 4047
1893 3679
1894 1894
1894 1211
1894 2180
1894 3134
1895 1895
1895 1684
1895 383
1895 989
1896 1896
1896 366
1896 571
1896 1165
1897 1897
1897 805
1897 1378
1897 3119
1898 1898
1898 2937
1898 3778
1898 2406
1899 1899
1899 2483
1899 7
1899 8
1900 1900
1900 3990
1900 92
1900 102
1901 1901
1901 92
1901 538
1901 650
1902 1902
1902 2898
1902 1723
1902 893
1903 1903
1903 1609
1903 1417
1903 1016
1904 1904
1904 1662
1904 3365
1904 1177
1905 1905
1905 867
1905 98
1905 1162
1906 1906
1906 8
1906 294
1906 338
1907 1907
1907 1515
1907 3189
1907 2584
1908 1908
1908 150
1908 2412
1908 3725
1909 1909
1909 733
1909 995
1909 1723
1910 1910
1910 1713
1910 8
1910 294
1911 1911
1911 2390
1911 179
1911 650
1912 1912
1912 457
1912 575
1912 593
1913 1913
1913 580
1913 537
1913 828
1914 1914
1914 989
1914 1047
1914 1321
1915 1915
1915 59
1915 142
1915 686
1916 1916
1916 2061
1916 2124
1916 2821
1917 1917
1917 1128
1917 2914
1917 2991
1918 1918
1918 2922
1918 3107
1918 3963
1919 1919
1919 3421
1919 1072
1919 2594
1920 1920
1920 875
1920 1204
1920 1299
1921 1921
1921 662
1921 1346
1921 468
1922 255
1922 1922
1922 179
1922 1786
1923 1923
1923 62
1923 3925
1923 179
1924 1924
1924 1944
1924 514
1924 2560
1925 1925
1925 2384
1925 8
1925 81
1926 1926
1926 282
1926 1601
1926 1461
1927 1927
1927 483
1927 81
1927 527
1928 1928
1928 2639
1928 1468
1928 84
1929 1929
1929 2669
1929 1314
1929 1982
1930 1930
1930 1289
1930 1392
1930 1478
1931 1931
1931 875
1931 1299
1931 2190
1932 1932
1932 3143
1932 230
1932 345
1933 1933
1933 731
1933 1353
1933 1404
1934 1934
1934 2798
1934 1136
1934 1316
1935 1935
1935 3895
1935 1064
1935 2949
1936 1936
1936 496
1936 1836
1936 620
1937 1937
1937 1322
1937 3522
1937 958
1938 1938
1938 153
1938 1617
1938 882
1939 1939
1939 3158
1939 1573
1939 468
1940 1940
1940 799
1940 3713
1940 1590
1941 1941
1941 1519
1941 2440
1941 3850
1942 1942
1942 414
1942 2252
1942 170
1943 1943
1943 603
1943 2387
1943 2447
1944 1924
1944 1944
1944 514
1944 2560
1945 1945
1945 2656
1945 722
1945 3978
1946 1946
1946 901
1946 1550
1946 2912
1947 1947
1947 3136
1947 875
1947 1299
1948 1948
1948 3543
1948 378
1948 527
1949 1949
1949 3426
1949 276
1949 363
1950 1950
1950 2271
1950 237
1950 428
1951 1951
1951 788
1951 8
1951 294
1952 1952
1952 1688
1952 8
1952 294
1953 1953
1953 980
1953 2723
1953 1824
1954 1954
1954 296
1954 397
1954 813
1955 1955
1955 1692
1955 2271
1955 1786
1956 1956
1956 2961
1956 343
1956 2560
1957 1957
1957 2060
1957 1438
1957 104
1958 1958
1958 1388
1958 3372
1958 1528
1959 1959
1959 3642
1959 3958
1959 67
1960 1960
1960 468
1960 2825
1960 8
1961 1961
1961 650
1961 733
1961 991
1962 1962
1962 1398
1962 4046
1962 801
1963 1963
1963 3396
1963 596
1963 3332
1964 1964
1964 347
1964 44
1964 248
1965 1965
1965 2100
1965 8
1965 294
1966 1966
1966 3217
1966 8
1966 294
1967 1967
1967 179
1967 230
1967 1295
1968 1968
1968 1289
1968 1392
1968 1478
1969 1969
1969 3192
1969 704
1969 3122
1970 1970
1970 733
1970 995
1970 2135
1971 1971
1971 788
1971 3220
1971 1025
1972 1972
1972 3941
1972 1889
1972 2601
1973 1973
1973 1780
1973 3587
1973 3977
1974 1974
1974 2210
1974 365
1974 378
1975 779
1975 870
1975 1975
1975 8
1976 1976
1976 1362
1976 2678
1976 1756
1977 1977
1977 433
1977 170
1977 1211
1978 1978
1978 2845
1978 8
1978 294
1979 1979
1979 3095
1979 3038
1979 3056
1980 1980
1980 1649
1980 2252
1980 2883
1981 1981
1981 41
1981 650
1981 991
1982 1982
1982 1456
1982 8
1982 294
1983 1983
1983 358
1983 858
1983 657
1984 1984
1984 29
1984 166
1984 3916
1985 1985
1985 264
1985 3075
1985 255
1986 1986
1986 1708
1986 838
1986 2496
1987 1987
1987 2301
1987 1786
1987 3626
1988 1988
1988 374
1988 625
1988 179
1989 1989
1989 1522
1989 1982
1989 2772
1990 1990
1990 378
1990 2276
1990 2406
1991 1991
1991 414
1991 593
1991 2883
1992 1992
1992 3243
1992 650
1992 991
1993 1993
1993 3117
1993 3553
1993 335
1994 1994
1994 295
1994 959
1994 1179
1995 1995
1995 8
1995 294
1995 338
1996 1996
1996 8
1996 294
1996 338
1997 1997
1997 1460
1997 3285
1997 1179
1998 1998
1998 1692
1998 1725
1998 281
1999 1999
1999 2881
1999 1187
1999 2811
2000 2000
2000 3165
2000 1797
2000 1634
2001 2001
2001 2685
2001 8
2001 294
2002 2002
2002 1804
2002 2896
2002 497
2003 2003
2003 3139
2003 296
2003 2104
2004 2004
2004 4014
2004 704
2004 2252
2005 41
2005 2005
2005 8
2005 294
2006 2006
2006 215
2006 1394
2006 2285
2007 2007
2007 81
2007 1211
2007 1496
2008 1002
2008 2008
2008 3085
2008 8
2009 2009
2009 3297
2009 1841
2009 378
2010 2010
2010 3203
2010 570
2010 92
2011 2011
2011 1017
2011 2272
2011 2808
2012 2012
2012 875
2012 1299
2012 2190
2013 2013
2013 3950
2013 205
2013 1679
2014 2014
2014 157
2014 538
2014 788
2015 2015
2015 8
2015 294
2015 338
2016 2016
2016 3069
2016 3085
2016 8
2017 2017
2017 902
2017 354
2017 650
2018 2018
2018 612
2018 1790
2018 2348
2019 2019
2019 298
2019 720
2019 1027
2020 2020
2020 107
2020 1834
2020 1439
2021 2021
2021 3258
2021 8
2021 294
2022 2022
2022 3583
2022 2494
2022 583
2023 2023
2023 3548
2023 650
2023 991
2024 2024
2024 2540
2024 959
2024 3354
2025 2025
2025 3405
2025 2534
2025 2292
2026 2026
2026 1713
2026 2434
2026 3318
2027 2027
2027 378
2027 2721
2027 3612
2028 2028
2028 3305
2028 364
2028 365
2029 2029
2029 3515
2029 323
2029 3081
2030 2030
2030 3521
2030 2462
2030 134
2031 2031
2031 1496
2031 2454
2031 3320
2032 2032
2032 8
2032 294
2032 338
2033 2033
2033 1353
2033 1404
2033 8
2034 2034
2034 1354
2034 65
2034 1786
2035 2035
2035 468
2035 8
2035 294
2036 2036
2036 660
2036 2248
2036 179
2037 2037
2037 2870
2037 652
2037 454
2038 2038
2038 1799
2038 2825
2038 8
2039 2039
2039 363
2039 2746
2039 3058
2040 2040
2040 3340
2040 2428
2040 3145
2041 2041
2041 91
2041 2449
2041 2575
2042 2042
2042 3119
2042 378
2042 609
2043 2043
2043 1006
2043 1777
2043 801
2044 2044
2044 1128
2044 2560
2044 3683
2045 2045
2045 2833
2045 2887
2045 8
2046 2046
2046 8
2046 294
2046 338
2047 2047
2047 930
2047 538
2047 731
2048 2048
2048 640
2048 902
2048 3557
2049 2049
2049 888
2049 2983
2049 3229
2050 2050
2050 3626
2050 126
2050 134
2051 2051
2051 2774
2051 177
2051 3470
2052 2052
2052 733
2052 989
2052 995
2053 2053
2053 8
2053 197
2053 294
2054 2054
2054 528
2054 854
2054 2159
2055 2055
2055 2538
2055 2845
2055 8
2056 2056
2056 39
2056 1522
2056 3094
2057 2057
2057 1722
2057 2001
2057 2685
2058 2058
2058 3931
2058 8
2058 294
2059 2059
2059 1803
2059 2292
2059 1545
2060 2060
2060 1957
2060 1438
2060 1433
2061 2061
2061 1916
2061 3719
2061 2124
2062 2062
2062 1175
2062 1765
2062 3356
2063 2063
2063 345
2063 3212
2063 296
2064 2064
2064 2749
2064 803
2064 2451
2065 2065
2065 3079
2065 2211
2065 731
2066 2066
2066 420
2066 2935
2066 414
2067 2067
2067 1380
2067 1579
2067 2535
2068 2068
2068 2416
2068 1515
2068 3189
2069 2069
2069 3161
2069 646
2069 910
2070 1439
2070 2070
2070 2257
2070 3370
2071 2071
2071 2447
2071 849
2071 3688
2072 1825
2072 2072
2072 3303
2072 8
2073 2073
2073 384
2073 624
2073 875
2074 2074
2074 3543
2074 378
2074 609
2075 2075
2075 8
2075 294
2075 338
2076 8
2076 294
2076 338
2076 387
2077 2077
2077 436
2077 3366
2077 176
2078 2078
2078 2342
2078 1754
2078 1013
2079 2079
2079 3083
2079 2530
2079 230
2080 2080
2080 2203
2080 3562
2080 3532
2081 2081
2081 967
2081 146
2081 822
2082 2082
2082 1333
2082 650
2082 991
2083 2083
2083 378
2083 2386
2083 2721
2084 2084
2084 734
2084 1561
2084 446
2085 2085
2085 2532
2085 161
2085 2326
2086 2086
2086 610
2086 1128
2086 4040
2087 2087
2087 2845
2087 8
2087 294
2088 2088
2088 793
2088 8
2088 294
2089 2089
2089 2978
2089 650
2089 991
2090 2090
2090 4046
2090 3120
2090 468
2091 2091
2091 1467
2091 1786
2091 237
2092 2092
2092 99
2092 2004
2092 4014
2093 2093
2093 271
2093 3841
2093 1071
2094 2094
2094 731
2094 8
2094 294
2095 2095
2095 1080
2095 3352
2095 1600
2096 2096
2096 1089
2096 1982
2096 733
2097 2097
2097 3961
2097 2108
2097 2241
2098 2098
2098 3373
2098 2642
2098 511
2099 2099
2099 1272
2099 1526
2099 3428
2100 1965
2100 2100
2100 8
2100 294
2101 2101
2101 621
2101 1186
2101 428
2102 2102
2102 1098
2102 2271
2102 1429
2103 2103
2103 2816
2103 639
2103 1670
2104 2104
2104 2914
2104 2991
2104 3937
2105 2105
2105 3350
2105 2075
2105 2623
2106 2106
2106 2137
2106 1733
2106 2478
2107 8
2107 294
2107 338
2107 387
2108 2108
2108 1292
2108 2406
2108 2468
2109 2109
2109 1428
2109 1357
2109 3111
2110 2110
2110 400
2110 3453
2110 989
2111 2111
2111 1001
2111 650
2111 991
2112 2112
2112 3822
2112 414
2112 978
2113 2113
2113 2243
2113 2625
2113 217
2114 2114
2114 3252
2114 3975
2114 3990
2115 2115
2115 71
2115 2222
2115 2275
2116 2116
2116 3148
2116 2336
2116 145
2117 8
2117 294
2117 338
2117 387
2118 2118
2118 1365
2118 2820
2118 356
2119 2119
2119 2988
2119 2403
2119 2661
2120 2120
2120 3753
2120 8
2120 294
2121 2121
2121 3725
2121 2412
2121 389
2122 2122
2122 3565
2122 3657
2122 2932
2123 2123
2123 3766
2123 291
2123 2347
2124 2124
2124 3128
2124 2061
2124 729
2125 2125
2125 3038
2125 92
2125 650
2126 2126
2126 2280
2126 1161
2126 2673
2127 2127
2127 3670
2127 822
2127 2496
2128 2128
2128 189
2128 1074
2128 733
2129 2129
2129 1584
2129 4030
2129 715
2130 2130
2130 852
2130 2564
2130 3575
2131 2131
2131 426
2131 2286
2131 469
2132 2132
2132 3117
2132 1728
2132 391
2133 2133
2133 3885
2133 580
2133 2483
2134 2134
2134 8
2134 290
2134 294
2135 2135
2135 1970
2135 650
2135 733
2136 2136
2136 3303
2136 8
2136 294
2137 2137
2137 2106
2137 2478
2137 3371
2138 2138
2138 2259
2138 1035
2138 1179
2139 1165
2139 2139
2139 8
2139 294
2140 2140
2140 53
2140 1374
2140 3258
2141 2141
2141 1112
2141 939
2141 2404
2142 2142
2142 2386
2142 2746
2142 2790
2143 2143
2143 2985
2143 999
2143 606
2144 2144
2144 1229
2144 414
2144 593
2145 2145
2145 179
2145 284
2145 692
2146 2146
2146 1235
2146 2897
2146 686
2147 2147
2147 2499
2147 593
2147 144
2148 2148
2148 2325
2148 593
2148 130
2149 2149
2149 2423
2149 3527
2149 912
2150 2150
2150 2572
2150 1495
2150 3859
2151 2151
2151 2516
2151 296
2151 179
2152 2152
2152 704
2152 729
2152 1022
2153 2153
2153 3164
2153 3966
2153 1179
2154 2154
2154 2655
2154 875
2154 1299
2155 2155
2155 2975
2155 8
2155 294
2156 2156
2156 586
2156 8
2156 294
2157 2157
2157 179
2157 62
2157 296
2158 2158
2158 236
2158 2343
2158 414
2159 2159
2159 3512
2159 2073
2159 384
2160 2160
2160 2965
2160 3397
2160 303
2161 2161
2161 161
2161 650
2161 991
2162 2162
2162 4009
2162 296
2162 3212
2163 2163
2163 146
2163 3568
2163 3946
2164 2164
2164 318
2164 3052
2164 1252
2165 2165
2165 2601
2165 92
2165 157
2166 2166
2166 3936
2166 3966
2166 8
2167 2167
2167 348
2167 2306
2167 8
2168 2168
2168 74
2168 960
2168 185
2169 2169
2169 624
2169 1028
2169 1794
2170 537
2170 828
2170 2170
2170 8
2171 2171
2171 325
2171 1128
2171 1136
2172 2172
2172 1604
2172 3543
2172 378
2173 2173
2173 1829
2173 3460
2173 2282
2174 2174
2174 1054
2174 1348
2174 2959
2175 2175
2175 3923
2175 1549
2175 2282
2176 2176
2176 2579
2176 1131
2176 161
2177 2177
2177 8
2177 294
2177 338
2178 2178
2178 2171
2178 3069
2178 3786
2179 2179
2179 10
2179 2914
2179 2991
2180 1211
2180 2180
2180 3134
2180 8
2181 2181
2181 882
2181 3131
2181 989
2182 2182
2182 26
2182 3303
2182 959
2183 2183
2183 825
2183 732
2183 3292
2184 2184
2184 378
2184 650
2184 991
2185 2185
2185 707
2185 2883
2185 1211
2186 2186
2186 1772
2186 1289
2186 1392
2187 2187
2187 2864
2187 1197
2187 3113
2188 2188
2188 1353
2188 1404
2188 1889
2189 2189
2189 8
2189 294
2189 338
2190 875
2190 1299
2190 2190
2190 8
2191 2191
2191 650
2191 989
2191 991
2192 2192
2192 2982
2192 3937
2192 8
2193 2193
2193 1831
2193 8
2193 134
2194 2194
2194 1425
2194 2356
2194 3475
2195 2195
2195 1232
2195 179
2195 1781
2196 2196
2196 3684
2196 335
2196 237
2197 2197
2197 1612
2197 501
2197 707
2198 1020
2198 2198
2198 989
2198 2221
2199 2199
2199 2959
2199 658
2199 3568
2200 2200
2200 826
2200 2448
2200 381
2201 2201
2201 534
2201 3144
2201 740
2202 2202
2202 4055
2202 245
2202 1286
2203 2203
2203 2080
2203 3562
2203 329
2204 2204
2204 1982
2204 1456
2204 2472
2205 2205
2205 319
2205 851
2205 1179
2206 2206
2206 788
2206 875
2206 1299
2207 2207
2207 0
2207 65
2207 3137
2208 2208
2208 3970
2208 684
2208 2418
2209 2209
2209 3478
2209 1181
2209 262
2210 2210
2210 378
2210 2721
2210 2914
2211 2211
2211 731
2211 8
2211 294
2212 2212
2212 8
2212 294
2212 338
2213 2213
2213 648
2213 666
2213 1462
2214 2214
2214 1179
2214 8
2214 294
2215 2215
2215 3935
2215 876
2215 188
2216 2216
2216 2981
2216 1786
2216 875
2217 2217
2217 3367
2217 378
2217 2406
2218 2218
2218 2756
2218 296
2218 179
2219 2219
2219 8
2219 294
2219 338
2220 2220
2220 1666
2220 320
2220 192
2221 989
2221 2221
2221 2496
2221 2958
2222 2222
2222 71
2222 2115
2222 2275
2223 2223
2223 402
2223 624
2223 875
2224 2224
2224 3295
2224 2462
2224 104
2225 2225
2225 970
2225 2550
2225 3626
2226 2226
2226 1616
2226 957
2226 3178
2227 2227
2227 2306
2227 2386
2227 2790
2228 2228
2228 343
2228 3449
2228 875
2229 2229
2229 3954
2229 733
2229 995
2230 2230
2230 2825
2230 8
2230 294
2231 2231
2231 319
2231 2975
2231 3303
2232 2232
2232 1031
2232 3748
2232 3848
2233 2233
2233 3625
2233 177
2233 3470
2234 2234
2234 3827
2234 92
2234 402
2235 2235
2235 2785
2235 3719
2235 2252
2236 2236
2236 550
2236 3474
2236 3857
2237 2237
2237 788
2237 2483
2237 3843
2238 2238
2238 2724
2238 3789
2238 702
2239 2239
2239 3379
2239 3497
2239 2291
2240 2240
2240 299
2240 58
2240 3531
2241 2241
2241 650
2241 991
2241 8
2242 2242
2242 8
2242 294
2242 338
2243 2243
2243 1126
2243 2113
2243 1030
2244 2244
2244 1911
2244 2390
2244 3562
2245 2245
2245 1551
2245 1522
2245 668
2246 2246
2246 949
2246 1350
2246 1507
2247 2247
2247 2986
2247 1726
2247 1667
2248 2248
2248 179
2248 62
2248 296
2249 2249
2249 593
2249 707
2249 3633
2250 2250
2250 472
2250 669
2250 3091
2251 2251
2251 2845
2251 8
2251 272
2252 2252
2252 1211
2252 1325
2252 2180
2253 2253
2253 2402
2253 58
2253 3711
2254 2254
2254 1518
2254 296
2254 179
2255 2255
2255 1197
2255 1234
2255 1970
2256 2256
2256 924
2256 3499
2256 3543
2257 1439
2257 2070
2257 2257
2257 3370
2258 2258
2258 624
2258 900
2258 1028
2259 2138
2259 2259
2259 1035
2259 1179
2260 2260
2260 3125
2260 416
2260 2761
2261 2261
2261 1980
2261 414
2261 1649
2262 2262
2262 2560
2262 3683
2262 8
2263 2263
2263 230
2263 248
2263 2530
2264 2264
2264 2303
2264 857
2264 1460
2265 2265
2265 549
2265 187
2265 794
2266 2266
2266 3146
2266 692
2266 2228
2267 2267
2267 1127
2267 1650
2267 3191
2268 2268
2268 8
2268 134
2268 294
2269 2269
2269 1781
2269 3626
2269 126
2270 2270
2270 3884
2270 2483
2270 3966
2271 2271
2271 1692
2271 8
2271 294
2272 1017
2272 2272
2272 2858
2272 8
2273 2273
2273 1635
2273 310
2273 343
2274 2274
2274 555
2274 2857
2274 1759
2275 2275
2275 71
2275 2115
2275 2222
2276 2276
2276 2845
2276 8
2276 294
2277 2277
2277 3872
2277 650
2277 991
2278 2278
2278 2566
2278 1577
2278 255
2279 2279
2279 3533
2279 1039
2279 1759
2280 2280
2280 2126
2280 1161
2280 2673
2281 2281
2281 2919
2281 3744
2281 2252
2282 2282
2282 3460
2282 3923
2282 2766
2283 2283
2283 2578
2283 3208
2283 993
2284 2284
2284 8
2284 294
2284 338
2285 2285
2285 2006
2285 2462
2285 2485
2286 2286
2286 426
2286 1627
2286 2131
2287 2287
2287 2921
2287 545
2287 1811
2288 2288
2288 650
2288 991
2288 1030
2289 2289
2289 3931
2289 8
2289 186
2290 2290
2290 3303
2290 1179
2290 8
2291 2291
2291 3497
2291 573
2291 4033
2292 2292
2292 2537
2292 111
2292 875
2293 2293
2293 520
2293 2406
2293 2483
2294 2294
2294 674
2294 1534
2294 3024
2295 1767
2295 2295
2295 1980
2295 2252
2296 2296
2296 179
2296 62
2296 296
2297 2297
2297 1983
2297 947
2297 358
2298 2298
2298 1440
2298 641
2298 2801
2299 2299
2299 1859
2299 2446
2299 3992
2300 2300
2300 62
2300 624
2300 875
2301 2301
2301 1769
2301 438
2301 638
2302 2302
2302 2888
2302 1970
2302 2834
2303 2303
2303 2264
2303 3499
2303 468
2304 2304
2304 3673
2304 1035
2304 8
2305 2305
2305 2252
2305 1211
2305 1325
2306 2306
2306 1353
2306 1404
2306 8
2307 2307
2307 1738
2307 1127
2307 1554
2308 2308
2308 8
2308 294
2308 338
2309 2309
2309 3151
2309 785
2309 757
2310 2310
2310 451
2310 1885
2310 1832
2311 2311
2311 3843
2311 8
2311 294
2312 2312
2312 352
2312 2726
2312 575
2313 2313
2313 650
2313 991
2313 1688
2314 2314
2314 593
2314 527
2314 575
2315 2315
2315 650
2315 801
2315 991
2316 2316
2316 2779
2316 2825
2316 1179
2317 2317
2317 2923
2317 3994
2317 609
2318 2318
2318 3157
2318 571
2318 312
2319 2319
2319 3505
2319 62
2319 296
2320 2320
2320 1006
2320 1777
2320 2883
2321 2321
2321 449
2321 580
2321 1321
2322 2322
2322 209
2322 3106
2322 495
2323 2323
2323 2459
2323 308
2323 108
2324 1429
2324 2324
2324 2271
2324 650
2325 2325
2325 2148
2325 130
2325 319
2326 2326
2326 8
2326 294
2326 338
2327 2327
2327 3424
2327 1917
2327 514
2328 2328
2328 3416
2328 801
2328 1496
2329 2329
2329 62
2329 65
2329 179
2330 2330
2330 1211
2330 1456
2330 2180
2331 2331
2331 41
2331 2005
2331 8
2332 2332
2332 1215
2332 2230
2332 2643
2333 2333
2333 3520
2333 2645
2333 3711
2334 2334
2334 725
2334 1263
2334 1308
2335 2335
2335 2477
2335 1535
2335 1136
2336 2336
2336 3148
2336 2116
2336 145
2337 2337
2337 1292
2337 3641
2337 8
2338 1606
2338 2338
2338 3323
2338 170
2339 2339
2339 343
2339 3122
2339 370
2340 2340
2340 190
2340 2758
2340 859
2341 2341
2341 1037
2341 2435
2341 1646
2342 2342
2342 1754
2342 3713
2342 2464
2343 2343
2343 2158
2343 296
2343 248
2344 2344
2344 2949
2344 586
2344 650
2345 2345
2345 770
2345 91
2345 2449
2346 2346
2346 609
2346 2210
2346 60
2347 2347
2347 325
2347 2386
2347 2790
2348 2348
2348 1790
2348 2897
2348 3077
2349 2349
2349 3407
2349 186
2349 718
2350 2350
2350 2191
2350 1101
2350 2284
2351 2351
2351 282
2351 1926
2351 3042
2352 2352
2352 208
2352 987
2352 3975
2353 2353
2353 3412
2353 2306
2353 1004
2354 2354
2354 24
2354 3631
2354 1482
2355 2355
2355 8
2355 294
2355 338
2356 1425
2356 2356
2356 875
2356 1299
2357 2357
2357 276
2357 402
2357 650
2358 1869
2358 2358
2358 2839
2358 414
2359 2359
2359 8
2359 186
2359 294
2360 2360
2360 3935
2360 213
2360 3675
2361 2361
2361 538
2361 1179
2361 8
2362 2362
2362 1153
2362 126
2362 1522
2363 2363
2363 822
2363 1982
2363 2927
2364 2364
2364 1394
2364 3379
2364 583
2365 2365
2365 1669
2365 3519
2365 949
2366 2366
2366 3368
2366 801
2366 2551
2367 2367
2367 2563
2367 3286
2367 3925
2368 2368
2368 800
2368 179
2368 1982
2369 2369
2369 4012
2369 650
2369 991
2370 2370
2370 760
2370 312
2370 438
2371 2371
2371 179
2371 230
2371 720
2372 2372
2372 1496
2372 1723
2372 2454
2373 2373
2373 1599
2373 2397
2373 1521
2374 2374
2374 2789
2374 593
2374 3113
2375 2375
2375 1200
2375 1625
2375 3399
2376 2376
2376 832
2376 3594
2376 2863
2377 2377
2377 2383
2377 766
2377 230
2378 2378
2378 1893
2378 1494
2378 4047
2379 2379
2379 2655
2379 3056
2379 3332
2380 2380
2380 193
2380 3285
2380 1997
2381 2381
2381 326
2381 296
2381 2315
2382 2382
2382 1061
2382 3929
2382 335
2383 2383
2383 766
2383 2377
2383 230
2384 2384
2384 1925
2384 1113
2384 2007
2385 2385
2385 2266
2385 650
2385 692
2386 2386
2386 2790
2386 8
2386 294
2387 2387
2387 603
2387 3013
2387 41
2388 1139
2388 2388
2388 733
2388 995
2389 2389
2389 4045
2389 3159
2389 168
2390 2390
2390 1911
2390 1967
2390 2244
2391 2391
2391 41
2391 67
2391 2005
2392 2392
2392 788
2392 538
2392 2552
2393 2393
2393 551
2393 3198
2393 1353
2394 2394
2394 994
2394 2451
2394 3318
2395 2395
2395 1165
2395 2139
2395 2825
2396 2396
2396 2636
2396 2799
2396 960
2397 2397
2397 1521
2397 2373
2397 1599
2398 728
2398 2398
2398 2001
2398 2685
2399 2399
2399 1707
2399 650
2399 731
2400 2400
2400 1849
2400 312
2400 2483
2401 2401
2401 1257
2401 362
2401 1692
2402 2402
2402 2253
2402 3711
2402 58
2403 2403
2403 2845
2403 8
2403 294
2404 2404
2404 939
2404 2073
2404 2159
2405 2405
2405 749
2405 3085
2405 8
2406 2406
2406 8
2406 294
2406 338
2407 2407
2407 1727
2407 1879
2407 14
2408 2408
2408 2884
2408 1103
2408 3003
2409 2409
2409 2537
2409 111
2409 378
2410 2410
2410 656
2410 126
2410 2545
2411 2411
2411 2458
2411 1082
2411 2537
2412 2412
2412 3725
2412 389
2412 2121
2413 1514
2413 2413
2413 2552
2413 2914
2414 2414
2414 1723
2414 2386
2414 2790
2415 2415
2415 1980
2415 130
2415 319
2416 2416
2416 2068
2416 1515
2416 3189
2417 2417
2417 1050
2417 1303
2417 2210
2418 2418
2418 3970
2418 2208
2418 3820
2419 2419
2419 179
2419 230
2419 601
2420 2420
2420 3038
2420 650
2420 991
2421 2421
2421 78
2421 1906
2421 1726
2422 2422
2422 23
2422 1045
2422 593
2423 2423
2423 3527
2423 2149
2423 912
2424 2424
2424 3336
2424 1106
2424 214
2425 2425
2425 566
2425 2306
2425 1240
2426 1381
2426 2426
2426 468
2426 1353
2427 2427
2427 3380
2427 583
2427 62
2428 2428
2428 3340
2428 840
2428 2437
2429 2429
2429 3990
2429 370
2429 650
2430 2430
2430 468
2430 1321
2430 8
2431 2431
2431 77
2431 2091
2431 1467
2432 2432
2432 200
2432 1228
2432 688
2433 2433
2433 1634
2433 8
2433 294
2434 2434
2434 8
2434 294
2434 338
2435 2435
2435 1840
2435 1037
2435 3919
2436 241
2436 2436
2436 81
2436 3056
2437 2437
2437 650
2437 991
2437 8
2438 2438
2438 157
2438 1136
2438 1316
2439 2439
2439 2414
2439 3188
2439 276
2440 1519
2440 2440
2440 3850
2440 2914
2441 2441
2441 1190
2441 8
2441 294
2442 2442
2442 3971
2442 2779
2442 924
2443 2443
2443 1353
2443 1404
2443 2468
2444 2444
2444 3784
2444 3803
2444 8
2445 2445
2445 2457
2445 941
2445 2753
2446 2446
2446 1222
2446 3992
2446 1402
2447 2447
2447 850
2447 849
2447 1225
2448 826
2448 2448
2448 2200
2448 989
2449 2449
2449 93
2449 2575
2449 91
2450 2450
2450 873
2450 2627
2450 2793
2451 2451
2451 1713
2451 1179
2451 8
2452 2452
2452 3882
2452 3968
2452 1740
2453 2453
2453 3354
2453 2577
2453 3455
2454 1496
2454 2454
2454 3320
2454 8
2455 2455
2455 3113
2455 527
2455 624
2456 2456
2456 1055
2456 1234
2456 1982
2457 2457
2457 1503
2457 3542
2457 3923
2458 2458
2458 2411
2458 1082
2458 3616
2459 2459
2459 2323
2459 108
2459 308
2460 2460
2460 217
2460 2284
2460 1105
2461 2461
2461 41
2461 989
2461 1047
2462 2462
2462 3295
2462 1522
2462 1982
2463 2463
2463 2271
2463 1692
2463 1136
2464 2464
2464 1013
2464 3713
2464 2342
2465 2465
2465 377
2465 3526
2465 315
2466 2466
2466 1189
2466 650
2466 801
2467 2467
2467 3722
2467 273
2467 637
2468 2468
2468 2406
2468 8
2468 294
2469 2469
2469 368
2469 1721
2469 3655
2470 2470
2470 563
2470 134
2470 2537
2471 2471
2471 174
2471 915
2471 169
2472 2472
2472 8
2472 294
2472 338
2473 2473
2473 1165
2473 2139
2473 1179
2474 2474
2474 2620
2474 2560
2474 3133
2475 2475
2475 1667
2475 2252
2475 378
2476 2476
2476 1783
2476 379
2476 2520
2477 2477
2477 2335
2477 1136
2477 1316
2478 2478
2478 3371
2478 1688
2478 2825
2479 2479
2479 3281
2479 481
2479 2864
2480 2480
2480 2391
2480 1057
2480 41
2481 2481
2481 3180
2481 3205
2481 788
2482 2482
2482 173
2482 1604
2482 2210
2483 2483
2483 7
2483 8
2483 294
2484 2484
2484 1318
2484 179
2484 2655
2485 2485
2485 1982
2485 378
2485 800
2486 2486
2486 1713
2486 8
2486 294
2487 2487
2487 690
2487 1836
2487 1047
2488 2488
2488 1858
2488 2290
2488 2457
2489 2489
2489 3698
2489 2605
2489 1786
2490 2490
2490 3386
2490 477
2490 1108
2491 1746
2491 2491
2491 3024
2491 1393
2492 2492
2492 989
2492 2221
2492 3178
2493 2493
2493 3275
2493 3563
2493 3049
2494 2494
2494 1227
2494 779
2494 870
2495 2495
2495 1289
2495 1392
2495 1478
2496 2496
2496 2958
2496 989
2496 2221
2497 2497
2497 179
2497 62
2497 296
2498 2498
2498 2741
2498 3131
2498 2496
2499 2499
2499 1772
2499 593
2499 2437
2500 2500
2500 672
2500 1832
2500 437
2501 2501
2501 319
2501 325
2501 2152
2502 2502
2502 1006
2502 2601
2502 3214
2503 2503
2503 760
2503 1292
2503 2483
2504 2504
2504 2514
2504 3730
2504 1377
2505 2505
2505 2604
2505 3349
2505 2560
2506 2506
2506 539
2506 540
2506 583
2507 2507
2507 8
2507 294
2507 338
2508 2508
2508 3599
2508 3131
2508 618
2509 2509
2509 414
2509 593
2509 1022
2510 2510
2510 1765
2510 3356
2510 1635
2511 2511
2511 1688
2511 3085
2511 3413
2512 2512
2512 3351
2512 3409
2512 1852
2513 2513
2513 2248
2513 179
2513 2497
2514 2514
2514 3730
2514 1377
2514 2504
2515 2515
2515 1484
2515 680
2515 92
2516 2516
2516 2151
2516 179
2516 255
2517 2517
2517 1373
2517 954
2517 1017
2518 2518
2518 614
2518 104
2518 1815
2519 2519
2519 1471
2519 304
2519 1149
2520 2520
2520 379
2520 134
2520 363
2521 2521
2521 1878
2521 1815
2521 2210
2522 2522
2522 538
2522 8
2522 294
2523 2523
2523 351
2523 741
2523 1020
2524 2524
2524 319
2524 291
2524 325
2525 2525
2525 8
2525 188
2525 294
2526 2526
2526 1016
2526 1609
2526 1903
2527 2527
2527 2614
2527 255
2527 533
2528 2528
2528 2837
2528 2567
2528 419
2529 2529
2529 286
2529 1115
2529 1815
2530 2530
2530 1889
2530 8
2530 230
2531 2531
2531 1637
2531 1777
2531 2576
2532 2532
2532 2085
2532 2520
2532 3562
2533 2533
2533 1227
2533 2494
2533 3387
2534 2534
2534 2689
2534 2025
2534 2292
2535 2535
2535 1579
2535 2655
2535 875
2536 2536
2536 593
2536 575
2536 3027
2537 2537
2537 111
2537 875
2537 1299
2538 2538
2538 8
2538 294
2538 338
2539 2539
2539 1144
2539 3557
2539 801
2540 2024
2540 2540
2540 959
2540 3354
2541 2541
2541 2845
2541 2914
2541 2991
2542 2542
2542 126
2542 586
2542 8
2543 2543
2543 3258
2543 8
2543 294
2544 2544
2544 2779
2544 8
2544 294
2545 2545
2545 3258
2545 8
2545 294
2546 2546
2546 3354
2546 1496
2546 2355
2547 2547
2547 3523
2547 344
2547 3874
2548 2548
2548 2074
2548 3040
2548 3119
2549 2549
2549 1747
2549 408
2549 704
2550 2550
2550 2914
2550 2991
2550 8
2551 2551
2551 468
2551 989
2551 1353
2552 2552
2552 1514
2552 2413
2552 2914
2553 2553
2553 1292
2553 1889
2553 3641
2554 2554
2554 147
2554 162
2554 836
2555 2555
2555 575
2555 875
2555 1299
2556 1136
2556 1316
2556 1700
2556 2556
2557 2557
2557 179
2557 62
2557 296
2558 2558
2558 468
2558 847
2558 1292
2559 2559
2559 2780
2559 378
2559 989
2560 2560
2560 3683
2560 8
2560 294
2561 2561
2561 3145
2561 3188
2561 1723
2562 2562
2562 745
2562 3463
2562 3693
2563 2563
2563 2367
2563 3286
2563 40
2564 2564
2564 2130
2564 852
2564 3575
2565 2565
2565 1786
2565 875
2565 1289
2566 2566
2566 802
2566 360
2566 2278
2567 2567
2567 2837
2567 3858
2567 3529
2568 2568
2568 354
2568 442
2568 1153
2569 2569
2569 2444
2569 3803
2569 3784
2570 2570
2570 50
2570 130
2570 1211
2571 2571
2571 586
2571 2777
2571 8
2572 2572
2572 2150
2572 1495
2572 3859
2573 2573
2573 343
2573 1831
2573 2560
2574 2574
2574 3228
2574 593
2574 2536
2575 2575
2575 2449
2575 93
2575 91
2576 2576
2576 2308
2576 537
2576 828
2577 2577
2577 3354
2577 580
2577 2453
2578 2578
2578 3208
2578 1882
2578 2283
2579 2579
2579 1131
2579 2176
2579 3119
2580 2580
2580 3307
2580 1503
2580 1174
2581 2581
2581 517
2581 1123
2581 1516
2582 2582
2582 580
2582 2483
2582 7
2583 2583
2583 2483
2583 7
2583 8
2584 2584
2584 1864
2584 1600
2584 1907
2585 2585
2585 2600
2585 378
2585 2721
2586 2586
2586 3493
2586 1777
2586 3113
2587 2587
2587 2779
2587 8
2587 294
2588 2588
2588 179
2588 2073
2588 3113
2589 2589
2589 1518
2589 618
2589 1514
2590 2590
2590 1982
2590 2927
2590 1456
2591 2591
2591 261
2591 1006
2591 1419
2592 2592
2592 1786
2592 111
2592 237
2593 2593
2593 276
2593 527
2593 618
2594 2594
2594 130
2594 1211
2594 1889
2595 1594
2595 2595
2595 310
2595 707
2596 2596
2596 2731
2596 428
2596 1346
2597 2597
2597 462
2597 315
2597 2912
2598 2598
2598 882
2598 1460
2598 468
2599 2599
2599 1656
2599 816
2599 1523
2600 2600
2600 2585
2600 3588
2600 875
2601 2601
2601 1179
2601 8
2601 294
2602 2602
2602 892
2602 1826
2602 2659
2603 2603
2603 1717
2603 248
2603 1479
2604 2505
2604 2604
2604 3349
2604 2560
2605 2605
2605 3698
2605 2489
2605 1786
2606 2606
2606 378
2606 904
2606 2475
2607 2607
2607 2757
2607 438
2607 1542
2608 2608
2608 1692
2608 2271
2608 1134
2609 2609
2609 1087
2609 575
2609 2601
2610 2610
2610 357
2610 1675
2610 2746
2611 2611
2611 1211
2611 2180
2611 3134
2612 312
2612 2612
2612 8
2612 294
2613 2613
2613 3591
2613 1697
2613 743
2614 2614
2614 2527
2614 255
2614 533
2615 2615
2615 8
2615 294
2615 338
2616 2616
2616 2960
2616 92
2616 650
2617 2617
2617 959
2617 1211
2617 1321
2618 2618
2618 946
2618 3231
2618 1692
2619 2619
2619 312
2619 536
2619 1688
2620 2620
2620 2474
2620 3422
2620 442
2621 2621
2621 1321
2621 3178
2621 2001
2622 2622
2622 590
2622 179
2622 1443
2623 2623
2623 1136
2623 1316
2623 1700
2624 2624
2624 977
2624 2451
2624 1910
2625 2625
2625 2113
2625 217
2625 2243
2626 2626
2626 1293
2626 320
2626 732
2627 2627
2627 8
2627 294
2627 338
2628 2628
2628 1983
2628 358
2628 2908
2629 2629
2629 378
2629 510
2629 2721
2630 2630
2630 309
2630 179
2630 1742
2631 2631
2631 8
2631 294
2631 338
2632 2632
2632 8
2632 294
2632 338
2633 2633
2633 1881
2633 1786
2633 483
2634 2634
2634 3278
2634 851
2634 3719
2635 2635
2635 58
2635 3531
2635 3813
2636 2636
2636 2396
2636 2799
2636 960
2637 2637
2637 2690
2637 3071
2637 291
2638 1317
2638 2638
2638 8
2638 294
2639 2639
2639 84
2639 1928
2639 1468
2640 2640
2640 788
2640 1332
2640 1353
2641 2641
2641 2251
2641 721
2641 1590
2642 2642
2642 3373
2642 2098
2642 511
2643 2643
2643 8
2643 294
2643 338
2644 2644
2644 2073
2644 2537
2644 111
2645 2645
2645 3711
2645 3520
2645 2333
2646 2646
2646 317
2646 3435
2646 1331
2647 2647
2647 2727
2647 1038
2647 428
2648 2648
2648 8
2648 294
2648 338
2649 2649
2649 1066
2649 102
2649 1030
2650 2650
2650 3772
2650 650
2650 991
2651 2651
2651 2152
2651 704
2651 2710
2652 2652
2652 1819
2652 459
2652 62
2653 2653
2653 8
2653 294
2653 338
2654 2654
2654 3676
2654 225
2654 3202
2655 2655
2655 2661
2655 875
2655 1299
2656 2656
2656 1945
2656 722
2656 1179
2657 2657
2657 283
2657 1163
2657 658
2658 2658
2658 169
2658 650
2658 991
2659 2659
2659 3093
2659 1770
2659 1453
2660 2660
2660 2537
2660 111
2660 875
2661 2661
2661 875
2661 1299
2661 2190
2662 2662
2662 2242
2662 8
2662 294
2663 2663
2663 8
2663 294
2663 338
2664 2664
2664 8
2664 294
2664 338
2665 2665
2665 3856
2665 527
2665 663
2666 2666
2666 1782
2666 2924
2666 3589
2667 2667
2667 341
2667 907
2667 1116
2668 2668
2668 1027
2668 1496
2668 2454
2669 2669
2669 1929
2669 1314
2669 1456
2670 2670
2670 593
2670 1234
2670 575
2671 2671
2671 3766
2671 2123
2671 1877
2672 2672
2672 1166
2672 4048
2672 1928
2673 2673
2673 278
2673 3456
2673 1136
2674 2674
2674 863
2674 3995
2674 28
2675 2675
2675 3
2675 2960
2675 3768
2676 2676
2676 8
2676 294
2676 338
2677 2677
2677 2210
2677 3040
2677 378
2678 2678
2678 1362
2678 1756
2678 3502
2679 2679
2679 3892
2679 3
2679 3768
2680 1801
2680 2680
2680 8
2680 294
2681 2681
2681 1466
2681 2703
2681 3982
2682 2682
2682 3598
2682 695
2682 2406
2683 2683
2683 8
2683 294
2683 338
2684 2684
2684 2783
2684 2386
2684 2790
2685 2001
2685 2685
2685 8
2685 294
2686 2686
2686 3543
2686 378
2686 2472
2687 2687
2687 2994
2687 3549
2687 1511
2688 2688
2688 3992
2688 1222
2688 2446
2689 2689
2689 1327
2689 2534
2689 363
2690 2690
2690 2637
2690 3071
2690 2675
2691 2691
2691 642
2691 2306
2691 2914
2692 2692
2692 3916
2692 954
2692 538
2693 2693
2693 593
2693 575
2693 854
2694 2694
2694 1159
2694 3625
2694 3140
2695 2695
2695 3708
2695 3794
2695 4017
2696 2696
2696 899
2696 3975
2696 700
2697 2697
2697 3493
2697 2601
2697 67
2698 2698
2698 3606
2698 1608
2698 1837
2699 2699
2699 1777
2699 2887
2699 3056
2700 2700
2700 724
2700 2406
2700 468
2701 2701
2701 555
2701 2274
2701 3637
2702 2702
2702 2623
2702 1128
2702 1705
2703 2703
2703 2681
2703 3102
2703 3982
2704 2704
2704 947
2704 358
2704 2908
2705 1454
2705 2705
2705 2159
2705 3512
2706 2706
2706 1199
2706 221
2706 2931
2707 2707
2707 8
2707 294
2707 338
2708 2708
2708 507
2708 3055
2708 1850
2709 2709
2709 1646
2709 2601
2709 1153
2710 2710
2710 4054
2710 310
2710 1022
2711 1595
2711 2711
2711 3090
2711 343
2712 2712
2712 875
2712 1299
2712 2190
2713 2713
2713 2252
2713 527
2713 1211
2714 2714
2714 2912
2714 2073
2714 111
2715 2715
2715 3049
2715 50
2715 1215
2716 2716
2716 1582
2716 475
2716 2074
2717 2717
2717 378
2717 875
2717 1299
2718 1219
2718 2718
2718 1357
2718 3111
2719 2719
2719 826
2719 2448
2719 2200
2720 2720
2720 437
2720 451
2720 2970
2721 378
2721 2721
2721 3612
2721 8
2722 2722
2722 358
2722 858
2722 1596
2723 2723
2723 1133
2723 646
2723 910
2724 2724
2724 2238
2724 875
2724 1204
2725 2725
2725 1667
2725 170
2725 3139
2726 2726
2726 575
2726 593
2726 854
2727 2727
2727 2647
2727 301
2727 2188
2728 2728
2728 182
2728 428
2728 650
2729 2729
2729 1582
2729 1733
2729 1835
2730 2730
2730 3263
2730 79
2730 1793
2731 2731
2731 2252
2731 732
2731 3292
2732 1323
2732 2732
2732 87
2732 3250
2733 2733
2733 1303
2733 111
2733 378
2734 2734
2734 3325
2734 8
2734 294
2735 2735
2735 8
2735 294
2735 338
2736 2736
2736 2210
2736 3119
2736 378
2737 2737
2737 1620
2737 1414
2737 152
2738 2738
2738 2447
2738 849
2738 3394
2739 1397
2739 2739
2739 312
2739 2612
2740 2740
2740 758
2740 800
2740 1982
2741 2498
2741 2741
2741 3131
2741 2496
2742 2742
2742 312
2742 875
2742 1299
2743 2743
2743 1195
2743 3198
2743 3303
2744 2744
2744 3630
2744 305
2744 1604
2745 2745
2745 1234
2745 2631
2745 8
2746 2746
2746 1889
2746 2142
2746 2386
2747 2747
2747 3040
2747 378
2747 629
2748 2748
2748 3178
2748 8
2748 294
2749 2749
2749 803
2749 2064
2749 1713
2750 2750
2750 81
2750 529
2750 3178
2751 2751
2751 650
2751 991
2751 2189
2752 2752
2752 2852
2752 3274
2752 2050
2753 2753
2753 430
2753 2457
2753 3542
2754 2754
2754 3564
2754 3834
2754 3486
2755 2755
2755 3148
2755 2336
2755 145
2756 2218
2756 2756
2756 296
2756 179
2757 2757
2757 733
2757 840
2757 995
2758 2758
2758 2340
2758 1339
2758 859
2759 2759
2759 2241
2759 650
2759 933
2760 2760
2760 2374
2760 2769
2760 2789
2761 2761
2761 2130
2761 3708
2761 852
2762 2762
2762 2945
2762 1006
2762 1777
2763 2763
2763 3902
2763 179
2763 1437
2764 2764
2764 1395
2764 63
2764 343
2765 2765
2765 1160
2765 1305
2765 1007
2766 2766
2766 2282
2766 1174
2766 3460
2767 2767
2767 179
2767 62
2767 170
2768 2768
2768 1128
2768 2975
2768 3755
2769 2769
2769 1289
2769 1392
2769 1478
2770 2770
2770 706
2770 2161
2770 3327
2771 2771
2771 2845
2771 1179
2771 1019
2772 2772
2772 1190
2772 8
2772 294
2773 2773
2773 228
2773 1034
2773 2172
2774 2774
2774 3542
2774 2051
2774 1174
2775 2775
2775 961
2775 384
2775 650
2776 2776
2776 788
2776 847
2776 1292
2777 2777
2777 1289
2777 1392
2777 1478
2778 2778
2778 1862
2778 851
2778 3719
2779 2779
2779 8
2779 294
2779 338
2780 2780
2780 989
2780 2221
2780 3966
2781 2781
2781 8
2781 294
2781 338
2782 2782
2782 3390
2782 1137
2782 3651
2783 2783
2783 2684
2783 692
2783 1786
2784 2784
2784 575
2784 875
2784 1299
2785 2785
2785 1019
2785 2903
2785 2252
2786 2786
2786 875
2786 1299
2786 2190
2787 1648
2787 2787
2787 85
2787 2496
2788 2788
2788 378
2788 1017
2788 1831
2789 2789
2789 3113
2789 1289
2789 1392
2790 2386
2790 2790
2790 8
2790 294
2791 2791
2791 650
2791 991
2791 1452
2792 2792
2792 3138
2792 1353
2792 1372
2793 2793
2793 873
2793 3517
2793 296
2794 2794
2794 2483
2794 7
2794 8
2795 2795
2795 177
2795 3470
2795 3682
2796 2796
2796 444
2796 3878
2796 91
2797 2797
2797 2655
2797 296
2797 875
2798 1934
2798 2798
2798 1136
2798 1316
2799 2799
2799 2636
2799 2396
2799 95
2800 2800
2800 8
2800 230
2800 294
2801 2801
2801 641
2801 2298
2801 111
2802 2802
2802 3583
2802 3327
2802 598
2803 2803
2803 1555
2803 1680
2803 2122
2804 2804
2804 926
2804 650
2804 991
2805 2805
2805 718
2805 801
2805 2352
2806 2806
2806 307
2806 1292
2806 1894
2807 2807
2807 2913
2807 111
2807 173
2808 2808
2808 8
2808 294
2808 338
2809 2809
2809 1613
2809 2874
2809 2736
2810 733
2810 995
2810 2810
2810 8
2811 2811
2811 1187
2811 3652
2811 2881
2812 2812
2812 813
2812 179
2812 3872
2813 2813
2813 989
2813 1020
2813 2198
2814 2814
2814 2837
2814 419
2814 231
2815 2815
2815 1246
2815 697
2815 111
2816 2816
2816 1653
2816 1670
2816 2863
2817 2817
2817 2588
2817 2384
2817 428
2818 2818
2818 3483
2818 3909
2818 3447
2819 2819
2819 1663
2819 3115
2819 3719
2820 2820
2820 1850
2820 3055
2820 3982
2821 2821
2821 1211
2821 2180
2821 3134
2822 2822
2822 3478
2822 262
2822 2209
2823 2823
2823 866
2823 3005
2823 814
2824 2824
2824 1194
2824 3986
2824 2189
2825 2825
2825 8
2825 294
2825 338
2826 2826
2826 2846
2826 8
2826 294
2827 2827
2827 921
2827 1815
2827 2210
2828 2828
2828 707
2828 1292
2828 1799
2829 2829
2829 3077
2829 650
2829 991
2830 2830
2830 144
2830 733
2830 995
2831 2831
2831 2564
2831 852
2831 2130
2832 2832
2832 212
2832 1128
2832 2560
2833 2833
2833 2045
2833 2887
2833 3588
2834 2834
2834 1701
2834 52
2834 2888
2835 2835
2835 1674
2835 2217
2835 3367
2836 2836
2836 468
2836 1292
2836 1496
2837 2837
2837 2567
2837 419
2837 2528
2838 2838
2838 1689
2838 1776
2838 854
2839 2839
2839 1869
2839 2358
2839 414
2840 8
2840 294
2840 338
2840 387
2841 2841
2841 1058
2841 638
2841 2794
2842 2842
2842 4025
2842 414
2842 572
2843 2843
2843 2483
2843 3774
2843 7
2844 2844
2844 779
2844 870
2844 1975
2845 2845
2845 8
2845 294
2845 338
2846 2846
2846 8
2846 294
2846 338
2847 2847
2847 3377
2847 65
2847 1179
2848 2848
2848 1982
2848 1165
2848 1456
2849 2849
2849 8
2849 294
2849 338
2850 2850
2850 3163
2850 856
2850 2637
2851 2851
2851 527
2851 1713
2851 3965
2852 2852
2852 3659
2852 1260
2852 300
2853 2853
2853 8
2853 294
2853 338
2854 2854
2854 2883
2854 501
2854 1211
2855 2855
2855 3413
2855 8
2855 294
2856 2856
2856 2938
2856 3149
2856 3548
2857 2857
2857 2274
2857 555
2857 1759
2858 1017
2858 2272
2858 2858
2858 8
2859 2859
2859 149
2859 989
2859 1292
2860 2860
2860 2252
2860 1096
2860 1211
2861 2861
2861 3116
2861 3715
2861 3250
2862 2862
2862 3366
2862 176
2862 3175
2863 2863
2863 1670
2863 445
2863 832
2864 2864
2864 3991
2864 1190
2864 2386
2865 2865
2865 3880
2865 319
2865 3147
2866 2866
2866 4042
2866 509
2866 1766
2867 2867
2867 4049
2867 1197
2867 1289
2868 2868
2868 170
2868 296
2868 618
2869 2869
2869 540
2869 539
2869 575
2870 2870
2870 3271
2870 2037
2870 3397
2871 2871
2871 104
2871 2210
2871 2601
2872 2872
2872 1513
2872 3022
2872 2936
2873 2873
2873 1321
2873 8
2873 294
2874 2874
2874 1613
2874 2809
2874 201
2875 2875
2875 1595
2875 2711
2875 3090
2876 2876
2876 1289
2876 1392
2876 1478
2877 2877
2877 806
2877 3547
2877 3124
2878 2878
2878 924
2878 3675
2878 335
2879 2879
2879 778
2879 4022
2879 3638
2880 2880
2880 494
2880 1022
2880 2305
2881 2881
2881 2811
2881 1187
2881 3652
2882 2882
2882 1321
2882 2552
2882 8
2883 2883
2883 1211
2883 2180
2883 3134
2884 2884
2884 2408
2884 1103
2884 3003
2885 2885
2885 3640
2885 1974
2885 2083
2886 2886
2886 584
2886 65
2886 583
2887 2887
2887 8
2887 294
2887 338
2888 2888
2888 2302
2888 3185
2888 2834
2889 646
2889 910
2889 2889
2889 3161
2890 2890
2890 312
2890 1321
2890 2612
2891 2891
2891 1589
2891 1284
2891 159
2892 2892
2892 3915
2892 8
2892 294
2893 2893
2893 650
2893 801
2893 991
2894 2894
2894 659
2894 3557
2894 354
2895 2895
2895 2176
2895 807
2895 1988
2896 2896
2896 296
2896 378
2896 510
2897 2897
2897 1353
2897 1404
2897 8
2898 2898
2898 1902
2898 3188
2898 1723
2899 2899
2899 989
2899 2221
2899 2496
2900 2900
2900 947
2900 358
2900 922
2901 2901
2901 2967
2901 1753
2901 3242
2902 2902
2902 1713
2902 8
2902 294
2903 1019
2903 2903
2903 2560
2903 2845
2904 2904
2904 1506
2904 1796
2904 3786
2905 2905
2905 3042
2905 2394
2905 1395
2906 2906
2906 1872
2906 3171
2906 1005
2907 2907
2907 3758
2907 3556
2907 2210
2908 2908
2908 858
2908 947
2908 358
2909 2909
2909 3806
2909 1936
2909 620
2910 2910
2910 1289
2910 1392
2910 1478
2911 2911
2911 3852
2911 3381
2911 739
2912 2912
2912 2073
2912 2714
2912 111
2913 2913
2913 1688
2913 8
2913 294
2914 2914
2914 2991
2914 8
2914 294
2915 8
2915 294
2915 338
2915 387
2916 2916
2916 28
2916 4033
2916 3660
2917 2917
2917 1636
2917 2870
2917 3271
2918 2918
2918 875
2918 1204
2918 1299
2919 2919
2919 3744
2919 2281
2919 1165
2920 2920
2920 3514
2920 3415
2920 737
2921 2921
2921 2287
2921 545
2921 1811
2922 2922
2922 1918
2922 3107
2922 3775
2923 2317
2923 2923
2923 3994
2923 609
2924 2924
2924 2666
2924 956
2924 1134
2925 2925
2925 868
2925 3889
2925 2575
2926 2926
2926 3639
2926 1889
2926 8
2927 2927
2927 1982
2927 1456
2927 1889
2928 2928
2928 3047
2928 3450
2928 2252
2929 2929
2929 658
2929 1136
2929 1316
2930 2930
2930 1831
2930 3258
2930 8
2931 221
2931 2931
2931 2706
2931 989
2932 2932
2932 2496
2932 2958
2932 179
2933 2933
2933 3550
2933 1069
2933 2011
2934 2934
2934 580
2934 8
2934 294
2935 2935
2935 2066
2935 420
2935 2171
2936 2936
2936 2872
2936 434
2936 1263
2937 1898
2937 2937
2937 3778
2937 2406
2938 2938
2938 2856
2938 3149
2938 2893
2939 2939
2939 1638
2939 3198
2939 3303
2940 2940
2940 1230
2940 1632
2940 2777
2941 2941
2941 179
2941 230
2941 41
2942 2942
2942 1153
2942 3584
2942 422
2943 2943
2943 1769
2943 650
2943 991
2944 2944
2944 3918
2944 3247
2944 81
2945 2945
2945 2762
2945 1006
2945 1777
2946 2946
2946 378
2946 1190
2946 2721
2947 2947
2947 2152
2947 704
2947 2789
2948 2948
2948 296
2948 529
2948 179
2949 2949
2949 3085
2949 8
2949 186
2950 2950
2950 3366
2950 176
2950 3175
2951 2951
2951 750
2951 2239
2951 976
2952 2952
2952 3975
2952 2887
2952 650
2953 2953
2953 291
2953 319
2953 1128
2954 2954
2954 169
2954 650
2954 991
2955 2955
2955 721
2955 917
2955 404
2956 2956
2956 253
2956 3621
2956 2989
2957 2957
2957 3338
2957 761
2957 961
2958 2496
2958 2958
2958 989
2958 2221
2959 2959
2959 3303
2959 8
2959 294
2960 2960
2960 3131
2960 3226
2960 989
2961 2961
2961 1956
2961 343
2961 2560
2962 2962
2962 194
2962 3516
2962 1781
2963 2963
2963 655
2963 914
2963 2845
2964 2964
2964 775
2964 3021
2964 839
2965 2965
2965 2160
2965 3397
2965 303
2966 2966
2966 3403
2966 1303
2966 3433
2967 2967
2967 2901
2967 3006
2967 3242
2968 2968
2968 1786
2968 2655
2968 875
2969 2969
2969 362
2969 1661
2969 2271
2970 2970
2970 1832
2970 1498
2970 2720
2971 2971
2971 8
2971 294
2971 338
2972 8
2972 294
2972 338
2972 387
2973 2973
2973 1514
2973 2308
2973 2413
2974 2974
2974 2355
2974 3325
2974 8
2975 2975
2975 8
2975 294
2975 338
2976 2976
2976 2406
2976 8
2976 294
2977 2977
2977 3847
2977 564
2977 109
2978 2089
2978 2978
2978 650
2978 991
2979 2979
2979 1598
2979 2036
2979 660
2980 2980
2980 3623
2980 3751
2980 3792
2981 2981
2981 1769
2981 3626
2981 8
2982 2192
2982 2982
2982 3937
2982 8
2983 2983
2983 2049
2983 888
2983 3229
2984 2984
2984 362
2984 2969
2984 1163
2985 2985
2985 3285
2985 2143
2985 3885
2986 2986
2986 2247
2986 1726
2986 1309
2987 2987
2987 1889
2987 8
2987 186
2988 2988
2988 2119
2988 468
2988 2629
2989 2989
2989 253
2989 3621
2989 2956
2990 2990
2990 3127
2990 1285
2990 733
2991 2914
2991 2991
2991 8
2991 294
2992 2992
2992 3619
2992 1704
2992 2845
2993 2993
2993 3937
2993 8
2993 179
2994 2687
2994 2994
2994 3549
2994 1511
2995 2995
2995 1244
2995 593
2995 40
2996 2996
2996 8
2996 294
2996 338
2997 2997
2997 3742
2997 821
2997 555
2998 2998
2998 1861
2998 1168
2998 1047
2999 2999
2999 1883
2999 144
2999 2825
3000 505
3000 1224
3000 3000
3000 312
3001 3001
3001 1030
3001 1353
3001 1404
3002 3002
3002 2835
3002 2217
3002 3367
3003 1103
3003 3003
3003 2560
3003 3364
3004 3004
3004 2601
3004 157
3004 538
3005 866
3005 3005
3005 2823
3005 814
3006 3006
3006 134
3006 771
3006 8
3007 3007
3007 2202
3007 4055
3007 1611
3008 3008
3008 2016
3008 3626
3008 126
3009 3009
3009 3084
3009 1017
3009 1688
3010 3010
3010 990
3010 1251
3010 1678
3011 3011
3011 2154
3011 902
3011 961
3012 3012
3012 3374
3012 3889
3012 3094
3013 3013
3013 41
3013 2005
3013 483
3014 3014
3014 3477
3014 3764
3014 840
3015 3015
3015 1547
3015 1220
3015 519
3016 406
3016 3016
3016 1611
3016 3202
3017 3017
3017 3085
3017 8
3017 294
3018 129
3018 3018
3018 3131
3018 2496
3019 3019
3019 270
3019 2287
3019 2921
3020 3020
3020 68
3020 3650
3020 3923
3021 3021
3021 775
3021 839
3021 3762
3022 3022
3022 1513
3022 2872
3022 3602
3023 3023
3023 578
3023 109
3023 157
3024 3024
3024 369
3024 820
3024 1746
3025 3025
3025 3887
3025 1544
3025 3532
3026 3026
3026 933
3026 3937
3026 8
3027 3027
3027 3860
3027 8
3027 294
3028 3028
3028 881
3028 3733
3028 2701
3029 155
3029 3029
3029 586
3029 2825
3030 3030
3030 875
3030 1299
3030 2190
3031 3031
3031 1262
3031 599
3031 408
3032 3032
3032 1746
3032 2491
3032 1576
3033 3033
3033 3728
3033 2887
3033 1475
3034 3034
3034 3569
3034 3631
3034 344
3035 3035
3035 109
3035 208
3035 284
3036 3036
3036 2437
3036 3056
3036 3814
3037 3037
3037 1531
3037 4051
3037 851
3038 3038
3038 650
3038 991
3038 3085
3039 3039
3039 638
3039 10
3039 261
3040 3040
3040 378
3040 2721
3040 3612
3041 3041
3041 3182
3041 2188
3041 255
3042 3042
3042 2905
3042 282
3042 2394
3043 3043
3043 1822
3043 8
3043 294
3044 3044
3044 1549
3044 984
3044 3124
3045 3045
3045 3419
3045 2226
3045 96
3046 3046
3046 1211
3046 2180
3046 3134
3047 3047
3047 3450
3047 2560
3047 3683
3048 3048
3048 587
3048 874
3048 639
3049 3049
3049 3671
3049 8
3049 294
3050 869
3050 3050
3050 3495
3050 2483
3051 3051
3051 3900
3051 111
3051 650
3052 3052
3052 318
3052 2164
3052 1252
3053 3053
3053 699
3053 2496
3053 2958
3054 3054
3054 1353
3054 1404
3054 2386
3055 3055
3055 2820
3055 2708
3055 507
3056 3056
3056 650
3056 991
3056 8
3057 3057
3057 8
3057 294
3057 338
3058 3058
3058 2914
3058 2991
3058 8
3059 3059
3059 3536
3059 402
3059 1158
3060 855
3060 3060
3060 1661
3060 8
3061 3061
3061 1909
3061 733
3061 875
3062 3062
3062 3745
3062 917
3062 3901
3063 3063
3063 1619
3063 2204
3063 2927
3064 3064
3064 3392
3064 3815
3064 2959
3065 3065
3065 1389
3065 3040
3065 378
3066 3066
3066 548
3066 1006
3066 1211
3067 3067
3067 3415
3067 737
3067 1741
3068 3068
3068 2567
3068 2837
3068 419
3069 3069
3069 2016
3069 130
3069 1211
3070 3070
3070 230
3070 2800
3070 179
3071 3071
3071 2637
3071 2690
3071 291
3072 3072
3072 3325
3072 8
3072 294
3073 3073
3073 358
3073 858
3073 657
3074 3074
3074 168
3074 1489
3074 3152
3075 3075
3075 264
3075 179
3075 2655
3076 3076
3076 3082
3076 730
3076 2339
3077 3077
3077 650
3077 991
3077 1211
3078 3078
3078 3364
3078 343
3078 414
3079 2065
3079 3079
3079 2211
3079 731
3080 3080
3080 3896
3080 1136
3080 1316
3081 3081
3081 3467
3081 2029
3081 3515
3082 3082
3082 730
3082 3076
3082 440
3083 2079
3083 3083
3083 2530
3083 230
3084 3084
3084 3009
3084 1952
3084 1017
3085 3085
3085 8
3085 294
3085 338
3086 3086
3086 731
3086 1211
3086 2180
3087 3087
3087 1008
3087 414
3087 650
3088 3088
3088 3122
3088 370
3088 650
3089 3089
3089 5
3089 652
3089 1255
3090 1595
3090 2711
3090 3090
3090 343
3091 3091
3091 2250
3091 669
3091 2306
3092 3092
3092 1211
3092 1289
3092 1392
3093 3093
3093 2659
3093 1770
3093 1753
3094 3094
3094 1115
3094 1604
3094 2537
3095 3095
3095 1979
3095 559
3095 405
3096 3096
3096 2808
3096 8
3096 294
3097 3097
3097 827
3097 104
3097 2317
3098 3098
3098 733
3098 875
3098 995
3099 3099
3099 2211
3099 731
3099 1017
3100 3100
3100 2
3100 1047
3100 1626
3101 3101
3101 3490
3101 1818
3101 3705
3102 3102
3102 3073
3102 3169
3102 2703
3103 3103
3103 1831
3103 8
3103 294
3104 3104
3104 3246
3104 1744
3104 3415
3105 3105
3105 3122
3105 370
3105 650
3106 3106
3106 121
3106 173
3106 709
3107 3107
3107 3775
3107 2308
3107 159
3108 3108
3108 1319
3108 3150
3108 140
3109 3109
3109 170
3109 1211
3109 2180
3110 3110
3110 28
3110 2870
3110 3397
3111 1357
3111 3111
3111 1353
3111 1404
3112 3112
3112 1387
3112 42
3112 2930
3113 3113
3113 1289
3113 1392
3113 1478
3114 3114
3114 733
3114 840
3114 995
3115 3115
3115 2819
3115 767
3115 4050
3116 3116
3116 2861
3116 3715
3116 1323
3117 3117
3117 1993
3117 2132
3117 3543
3118 3118
3118 1792
3118 3562
3118 329
3119 3119
3119 378
3119 2721
3119 3258
3120 3120
3120 2090
3120 883
3120 4046
3121 3121
3121 1473
3121 2154
3121 2725
3122 3122
3122 370
3122 650
3122 991
3123 3123
3123 3607
3123 1336
3123 2560
3124 3124
3124 806
3124 441
3124 2877
3125 3125
3125 416
3125 2260
3125 1179
3126 3126
3126 3306
3126 8
3126 294
3127 3127
3127 1285
3127 2990
3127 851
3128 3128
3128 2124
3128 1393
3128 1889
3129 3129
3129 483
3129 296
3129 875
3130 3130
3130 768
3130 450
3130 1969
3131 3131
3131 989
3131 2221
3131 2496
3132 3132
3132 2462
3132 1522
3132 1982
3133 3133
3133 3703
3133 3058
3133 2560
3134 1211
3134 2180
3134 3134
3134 8
3135 3135
3135 1179
3135 3040
3135 8
3136 1947
3136 3136
3136 875
3136 1299
3137 3137
3137 959
3137 1353
3137 1404
3138 3138
3138 1331
3138 3077
3138 2437
3139 3139
3139 1667
3139 378
3139 1211
3140 3140
3140 3625
3140 2447
3140 2071
3141 3141
3141 3843
3141 1179
3141 8
3142 3142
3142 3402
3142 2886
3142 2173
3143 3143
3143 1932
3143 345
3143 1479
3144 3144
3144 1418
3144 92
3144 740
3145 3145
3145 312
3145 1723
3145 2612
3146 3146
3146 2266
3146 875
3146 1299
3147 3147
3147 130
3147 1165
3147 1211
3148 3148
3148 2336
3148 145
3148 2116
3149 3149
3149 2938
3149 2856
3149 571
3150 3150
3150 3108
3150 1319
3150 92
3151 3151
3151 2309
3151 785
3151 1808
3152 1489
3152 3152
3152 168
3152 3074
3153 8
3153 294
3153 338
3153 387
3154 3154
3154 45
3154 126
3154 586
3155 3155
3155 2791
3155 1452
3155 3056
3156 3156
3156 2661
3156 527
3156 875
3157 3157
3157 2318
3157 312
3157 2355
3158 3158
3158 1939
3158 875
3158 1299
3159 3159
3159 875
3159 1299
3159 2190
3160 3160
3160 2089
3160 2978
3160 2211
3161 3161
3161 646
3161 910
3161 2889
3162 3162
3162 806
3162 441
3162 3124
3163 3163
3163 856
3163 2850
3163 330
3164 3164
3164 2153
3164 822
3164 161
3165 3165
3165 2000
3165 1797
3165 1692
3166 233
3166 1151
3166 3166
3166 319
3167 3167
3167 3808
3167 161
3167 875
3168 3168
3168 252
3168 3738
3168 3216
3169 3169
3169 1882
3169 2578
3169 3208
3170 3170
3170 2347
3170 3431
3170 325
3171 3171
3171 1872
3171 2906
3171 1005
3172 3172
3172 593
3172 3662
3172 378
3173 3173
3173 3828
3173 301
3173 1391
3174 1288
3174 3174
3174 1211
3174 2180
3175 3175
3175 3366
3175 176
3175 436
3176 3176
3176 1667
3176 2210
3176 3040
3177 3177
3177 1211
3177 2180
3177 2914
3178 3178
3178 8
3178 294
3178 338
3179 3179
3179 41
3179 527
3179 1889
3180 3180
3180 2481
3180 3205
3180 788
3181 3181
3181 3363
3181 3464
3181 1232
3182 3182
3182 3041
3182 255
3182 1786
3183 3183
3183 638
3183 731
3183 959
3184 3184
3184 1303
3184 1900
3184 2966
3185 3185
3185 2888
3185 1614
3185 1712
3186 3186
3186 2187
3186 1215
3186 2332
3187 3187
3187 693
3187 255
3187 1134
3188 3188
3188 1353
3188 1404
3188 1723
3189 3189
3189 2068
3189 2416
3189 1907
3190 3190
3190 3551
3190 3959
3190 3277
3191 3191
3191 1481
3191 1898
3191 2937
3192 3192
3192 1353
3192 1404
3192 2386
3193 1443
3193 3193
3193 179
3193 62
3194 3194
3194 1432
3194 3126
3194 3306
3195 3195
3195 3845
3195 2953
3195 1128
3196 3196
3196 501
3196 1321
3196 2913
3197 3197
3197 3706
3197 2675
3197 753
3198 3198
3198 2707
3198 3303
3198 3937
3199 3199
3199 877
3199 3775
3199 402
3200 3200
3200 1063
3200 2560
3200 3683
3201 3201
3201 3335
3201 1798
3201 2363
3202 3202
3202 3868
3202 2252
3202 732
3203 3203
3203 2010
3203 570
3203 92
3204 3204
3204 2561
3204 696
3204 3586
3205 3205
3205 3180
3205 2481
3205 551
3206 1808
3206 3206
3206 8
3206 294
3207 3207
3207 1587
3207 1023
3207 263
3208 3208
3208 2578
3208 1882
3208 2283
3209 3209
3209 1190
3209 3753
3209 8
3210 3210
3210 618
3210 989
3210 1889
3211 3211
3211 3737
3211 3626
3211 126
3212 3212
3212 1211
3212 2180
3212 3134
3213 3213
3213 733
3213 851
3213 989
3214 3214
3214 3444
3214 1006
3214 144
3215 3215
3215 8
3215 294
3215 338
3216 3216
3216 2537
3216 111
3216 170
3217 3217
3217 1966
3217 8
3217 294
3218 3218
3218 56
3218 1625
3218 3679
3219 3219
3219 8
3219 179
3219 294
3220 3220
3220 2914
3220 2991
3220 8
3221 3221
3221 343
3221 1917
3221 3057
3222 3222
3222 3077
3222 170
3222 490
3223 3223
3223 3030
3223 875
3223 1299
3224 3224
3224 16
3224 236
3224 414
3225 3225
3225 613
3225 1562
3225 1006
3226 3226
3226 2960
3226 3131
3226 989
3227 3227
3227 796
3227 3872
3227 650
3228 3228
3228 2574
3228 2536
3228 130
3229 3229
3229 888
3229 2049
3229 2983
3230 3230
3230 2846
3230 8
3230 188
3231 3231
3231 3837
3231 2271
3231 1692
3232 3232
3232 3976
3232 925
3232 3851
3233 3233
3233 986
3233 1519
3233 2440
3234 3234
3234 455
3234 704
3234 3077
3235 3235
3235 3540
3235 3442
3235 20
3236 3236
3236 1604
3236 3119
3236 3543
3237 3237
3237 81
3237 989
3237 1047
3238 3238
3238 1179
3238 8
3238 294
3239 3239
3239 981
3239 2530
3239 230
3240 3240
3240 1144
3240 3077
3240 650
3241 3241
3241 8
3241 294
3241 338
3242 3242
3242 952
3242 1753
3242 3929
3243 1992
3243 3243
3243 650
3243 991
3244 3244
3244 8
3244 294
3244 338
3245 3245
3245 572
3245 2252
3245 2713
3246 3246
3246 1552
3246 1744
3246 168
3247 3247
3247 179
3247 62
3247 296
3248 3248
3248 1186
3248 2177
3248 2189
3249 3249
3249 322
3249 947
3249 4011
3250 3250
3250 87
3250 1323
3250 2732
3251 3251
3251 593
3251 575
3251 1211
3252 3252
3252 1017
3252 2272
3252 2858
3253 3253
3253 394
3253 3816
3253 877
3254 3254
3254 997
3254 784
3254 2085
3255 3255
3255 3309
3255 1136
3255 1316
3256 3256
3256 3167
3256 3808
3256 3379
3257 3257
3257 3739
3257 1406
3257 3295
3258 3258
3258 8
3258 294
3258 338
3259 3259
3259 4035
3259 1634
3259 2189
3260 3260
3260 955
3260 3626
3260 126
3261 3261
3261 2845
3261 2887
3261 8
3262 3262
3262 810
3262 2723
3262 646
3263 3263
3263 2730
3263 79
3263 1793
3264 3264
3264 1082
3264 3743
3264 533
3265 3265
3265 260
3265 1265
3265 3920
3266 3266
3266 3826
3266 2658
3266 3462
3267 3267
3267 961
3267 296
3267 875
3268 3268
3268 8
3268 294
3268 338
3269 3269
3269 408
3269 414
3269 2252
3270 8
3270 294
3270 338
3270 387
3271 3271
3271 2870
3271 3397
3271 2541
3272 3272
3272 793
3272 1165
3272 1393
3273 3273
3273 179
3273 1786
3273 62
3274 3274
3274 1982
3274 2485
3274 3543
3275 3275
3275 3563
3275 2493
3275 2780
3276 3276
3276 1035
3276 1211
3276 1215
3277 3277
3277 3551
3277 3190
3277 998
3278 3278
3278 2634
3278 319
3278 851
3279 3279
3279 8
3279 179
3279 230
3280 3280
3280 3755
3280 1136
3280 1316
3281 3281
3281 1197
3281 481
3281 1066
3282 3282
3282 3710
3282 94
3282 1831
3283 3283
3283 1370
3283 1781
3283 111
3284 968
3284 1734
3284 3284
3284 2159
3285 3285
3285 3885
3285 1997
3285 2985
3286 3286
3286 593
3286 628
3286 1197
3287 3287
3287 3966
3287 8
3287 294
3288 386
3288 3288
3288 2887
3288 592
3289 3289
3289 73
3289 156
3289 378
3290 3290
3290 2016
3290 130
3290 1190
3291 3291
3291 3886
3291 1716
3291 1738
3292 732
3292 3292
3292 2252
3292 2560
3293 3293
3293 3739
3293 3447
3293 3909
3294 3294
3294 875
3294 1299
3294 2190
3295 3295
3295 2462
3295 1522
3295 1982
3296 3296
3296 371
3296 3615
3296 3959
3297 3297
3297 2009
3297 104
3297 2210
3298 3298
3298 3623
3298 2980
3298 3751
3299 3299
3299 3765
3299 2914
3299 2991
3300 3300
3300 3420
3300 58
3300 3531
3301 3301
3301 890
3301 618
3301 1163
3302 3302
3302 3701
3302 136
3302 2847
3303 3303
3303 8
3303 294
3303 338
3304 3304
3304 57
3304 527
3304 1713
3305 3305
3305 2028
3305 364
3305 365
3306 3126
3306 3306
3306 8
3306 294
3307 2580
3307 3307
3307 1503
3307 1174
3308 3308
3308 343
3308 1767
3308 1980
3309 3309
3309 3255
3309 2662
3309 62
3310 3310
3310 2284
3310 217
3310 538
3311 3311
3311 1017
3311 2272
3311 2825
3312 3312
3312 3846
3312 2204
3312 2927
3313 3313
3313 3507
3313 2560
3313 3683
3314 3314
3314 1035
3314 2914
3314 2991
3315 3315
3315 3069
3315 1931
3315 2016
3316 3316
3316 731
3316 875
3316 1299
3317 3317
3317 1312
3317 2560
3317 3683
3318 3318
3318 157
3318 1179
3318 8
3319 3319
3319 1847
3319 2252
3319 732
3320 1496
3320 2454
3320 3320
3320 8
3321 3321
3321 993
3321 2283
3321 1091
3322 893
3322 3322
3322 1723
3322 698
3323 1606
3323 2338
3323 3323
3323 170
3324 3324
3324 3560
3324 875
3324 1299
3325 3325
3325 8
3325 294
3325 338
3326 3326
3326 1472
3326 1781
3326 3626
3327 3327
3327 2770
3327 2161
3327 2802
3328 3328
3328 880
3328 1128
3328 514
3329 3329
3329 164
3329 179
3329 3443
3330 3330
3330 3958
3330 527
3330 1661
3331 3331
3331 3056
3331 468
3331 650
3332 3332
3332 3303
3332 8
3332 294
3333 3333
3333 8
3333 294
3333 338
3334 3334
3334 562
3334 815
3334 1723
3335 3335
3335 1798
3335 3201
3335 2363
3336 3336
3336 2424
3336 214
3336 1106
3337 3337
3337 4044
3337 255
3337 1922
3338 3338
3338 2957
3338 1967
3338 3920
3339 3339
3339 619
3339 2004
3339 3122
3340 3340
3340 2428
3340 525
3340 2040
3341 3341
3341 1570
3341 62
3341 179
3342 3342
3342 170
3342 788
3342 875
3343 3343
3343 1677
3343 2726
3343 575
3344 3344
3344 3583
3344 2022
3344 3327
3345 8
3345 294
3345 338
3345 387
3346 3346
3346 2914
3346 2991
3346 3258
3347 3347
3347 1604
3347 1667
3347 1841
3348 3348
3348 2027
3348 3119
3348 3258
3349 2505
3349 2604
3349 3349
3349 2560
3350 3350
3350 2105
3350 2702
3350 248
3351 3351
3351 2552
3351 2887
3351 2914
3352 3352
3352 2095
3352 128
3352 2916
3353 3353
3353 1289
3353 1392
3353 1478
3354 3354
3354 3455
3354 8
3354 294
3355 3355
3355 304
3355 1149
3355 1471
3356 1765
3356 3356
3356 3372
3356 3981
3357 3357
3357 302
3357 1900
3357 3501
3358 3358
3358 1314
3358 4034
3358 2669
3359 3359
3359 3840
3359 740
3359 3835
3360 3360
3360 1400
3360 2831
3360 1686
3361 3361
3361 609
3361 733
3361 995
3362 3362
3362 2811
3362 1187
3362 3652
3363 3363
3363 3181
3363 992
3363 3464
3364 3364
3364 2252
3364 1211
3364 1325
3365 3365
3365 1177
3365 1662
3365 2997
3366 3366
3366 176
3366 3175
3366 436
3367 2217
3367 3367
3367 378
3367 2406
3368 3368
3368 2366
3368 718
3368 202
3369 3369
3369 1239
3369 1493
3369 1195
3370 3370
3370 1439
3370 2070
3370 2257
3371 2478
3371 3371
3371 1688
3371 2825
3372 3372
3372 1528
3372 2601
3372 948
3373 3373
3373 2098
3373 2642
3373 511
3374 3374
3374 3012
3374 1689
3374 714
3375 3375
3375 242
3375 393
3375 788
3376 3376
3376 481
3376 3991
3376 202
3377 3377
3377 1179
3377 8
3377 294
3378 3378
3378 2825
3378 8
3378 294
3379 3379
3379 1327
3379 1394
3379 2689
3380 3380
3380 2427
3380 490
3380 822
3381 3381
3381 2911
3381 3852
3381 739
3382 3382
3382 1301
3382 3670
3382 167
3383 3383
3383 926
3383 2804
3383 1514
3384 3384
3384 1667
3384 378
3384 510
3385 3385
3385 1211
3385 1688
3385 2180
3386 3386
3386 477
3386 2490
3386 1108
3387 3387
3387 3087
3387 1008
3387 2533
3388 3388
3388 650
3388 918
3388 991
3389 3389
3389 41
3389 2005
3389 8
3390 3390
3390 1137
3390 2782
3390 2661
3391 3391
3391 1769
3391 468
3391 1289
3392 3064
3392 3392
3392 3815
3392 2959
3393 3393
3393 3756
3393 1353
3393 1404
3394 3394
3394 2447
3394 555
3394 849
3395 3395
3395 593
3395 760
3395 951
3396 3396
3396 1963
3396 596
3396 2748
3397 3397
3397 303
3397 2160
3397 2965
3398 1136
3398 1316
3398 1700
3398 2556
3399 3399
3399 275
3399 464
3399 317
3400 3400
3400 1211
3400 2180
3400 2189
3401 3401
3401 989
3401 1321
3401 2221
3402 3402
3402 177
3402 3470
3402 2795
3403 2966
3403 3403
3403 1303
3403 3433
3404 3404
3404 1281
3404 8
3404 188
3405 3405
3405 263
3405 8
3405 294
3406 3406
3406 871
3406 3524
3406 3670
3407 3407
3407 296
3407 179
3407 2497
3408 3408
3408 8
3408 294
3408 338
3409 3409
3409 1070
3409 2887
3409 3085
3410 3410
3410 4005
3410 588
3410 36
3411 3411
3411 2811
3411 3652
3411 1187
3412 3412
3412 2353
3412 575
3412 593
3413 3413
3413 8
3413 294
3413 338
3414 3414
3414 650
3414 761
3414 875
3415 3415
3415 737
3415 3514
3415 2920
3416 3416
3416 2328
3416 123
3416 2271
3417 3417
3417 650
3417 991
3417 8
3418 3418
3418 1996
3418 1353
3418 1404
3419 3419
3419 1974
3419 2210
3419 3119
3420 3420
3420 691
3420 1136
3420 1316
3421 3421
3421 1072
3421 1919
3421 593
3422 3422
3422 2620
3422 8
3422 294
3423 3423
3423 593
3423 40
3423 1854
3424 2327
3424 3424
3424 1917
3424 514
3425 3425
3425 8
3425 294
3425 338
3426 3426
3426 1949
3426 1145
3426 276
3427 3427
3427 1237
3427 819
3427 291
3428 3428
3428 1272
3428 2099
3428 1526
3429 3429
3429 1289
3429 1392
3429 1478
3430 3430
3430 813
3430 875
3430 1017
3431 3431
3431 2347
3431 325
3431 2386
3432 3432
3432 1017
3432 1496
3432 2272
3433 3433
3433 689
3433 1303
3433 1604
3434 3434
3434 2933
3434 355
3434 2568
3435 3435
3435 317
3435 2646
3435 464
3436 3436
3436 614
3436 2518
3436 1535
3437 3437
3437 8
3437 294
3437 312
3438 1442
3438 3438
3438 650
3438 991
3439 3439
3439 3189
3439 1515
3439 1983
3440 3440
3440 325
3440 1128
3440 2386
3441 3441
3441 979
3441 2194
3441 277
3442 3442
3442 3110
3442 28
3442 20
3443 3443
3443 624
3443 875
3443 1299
3444 3444
3444 1006
3444 3214
3444 144
3445 3445
3445 1303
3445 378
3445 2721
3446 3446
3446 1563
3446 1710
3446 312
3447 3447
3447 3909
3447 3258
3447 8
3448 3448
3448 1273
3448 3525
3448 2292
3449 3449
3449 8
3449 294
3449 338
3450 3047
3450 3450
3450 2560
3450 3683
3451 3451
3451 956
3451 92
3451 650
3452 3452
3452 2535
3452 2655
3452 533
3453 3453
3453 400
3453 2110
3453 989
3454 3454
3454 3873
3454 3061
3454 2485
3455 3455
3455 8
3455 294
3455 338
3456 3456
3456 2673
3456 278
3456 1010
3457 3457
3457 2837
3457 2567
3457 3858
3458 3458
3458 65
3458 1786
3458 1838
3459 3459
3459 312
3459 586
3459 2355
3460 3460
3460 2282
3460 2173
3460 634
3461 3461
3461 953
3461 707
3461 2883
3462 3462
3462 650
3462 991
3462 1353
3463 3463
3463 3693
3463 2562
3463 1136
3464 3464
3464 3363
3464 3181
3464 428
3465 723
3465 3465
3465 2772
3465 3569
3466 3466
3466 2478
3466 3371
3466 3126
3467 3467
3467 363
3467 2039
3467 586
3468 3468
3468 3973
3468 1720
3468 2036
3469 3469
3469 527
3469 1292
3469 3258
3470 177
3470 3470
3470 634
3470 2795
3471 3471
3471 1055
3471 2437
3471 3119
3472 3472
3472 2023
3472 2616
3472 2960
3473 3473
3473 1822
3473 2601
3473 3043
3474 3474
3474 459
3474 2652
3474 62
3475 3475
3475 447
3475 4026
3475 2194
3476 3476
3476 8
3476 230
3476 294
3477 3477
3477 3764
3477 1211
3477 2180
3478 3478
3478 2209
3478 262
3478 2822
3479 3479
3479 1786
3479 2712
3479 875
3480 1611
3480 3480
3480 2152
3480 729
3481 3481
3481 217
3481 1010
3481 2284
3482 3482
3482 1706
3482 170
3482 3658
3483 3483
3483 2818
3483 510
3483 2629
3484 3484
3484 405
3484 1921
3484 559
3485 3485
3485 793
3485 571
3485 638
3486 3486
3486 2710
3486 3834
3486 2687
3487 3487
3487 1575
3487 1351
3487 257
3488 3488
3488 312
3488 1889
3488 2612
3489 3489
3489 1350
3489 595
3489 2246
3490 3490
3490 3101
3490 3705
3490 1818
3491 3491
3491 4043
3491 60
3491 1211
3492 3492
3492 3588
3492 533
3492 3916
3493 3493
3493 2914
3493 2991
3493 1179
3494 3494
3494 1826
3494 2961
3494 851
3495 869
3495 3050
3495 3495
3495 2483
3496 3496
3496 1807
3496 2210
3496 378
3497 3497
3497 573
3497 375
3497 3877
3498 3498
3498 2813
3498 1141
3498 1647
3499 3499
3499 8
3499 294
3499 338
3500 3500
3500 650
3500 918
3500 991
3501 3501
3501 3709
3501 104
3501 1454
3502 3502
3502 1277
3502 3781
3502 788
3503 3503
3503 1290
3503 966
3503 3418
3504 3504
3504 229
3504 1248
3504 2241
3505 3505
3505 2319
3505 1085
3505 296
3506 3506
3506 1271
3506 3735
3506 944
3507 3507
3507 3313
3507 3486
3507 3834
3508 3508
3508 1740
3508 2771
3508 1846
3509 3509
3509 581
3509 1393
3509 497
3510 3510
3510 2558
3510 3823
3510 468
3511 3511
3511 813
3511 179
3511 692
3512 2159
3512 3512
3512 2073
3512 384
3513 3513
3513 8
3513 294
3513 338
3514 3514
3514 737
3514 2920
3514 3415
3515 3515
3515 2029
3515 126
3515 1769
3516 194
3516 3516
3516 1303
3516 2966
3517 3517
3517 650
3517 875
3517 991
3518 3518
3518 179
3518 62
3518 296
3519 3519
3519 1140
3519 3898
3519 1669
3520 3520
3520 3711
3520 2333
3520 2645
3521 3521
3521 1982
3521 2485
3521 378
3522 3522
3522 2306
3522 1017
3522 1353
3523 3523
3523 2547
3523 3874
3523 344
3524 3524
3524 871
3524 3406
3524 2127
3525 3525
3525 1273
3525 3448
3525 2210
3526 3526
3526 1112
3526 194
3526 3516
3527 3527
3527 2423
3527 912
3527 335
3528 3528
3528 2306
3528 1909
3528 1970
3529 3529
3529 2567
3529 2837
3529 3858
3530 3530
3530 118
3530 62
3530 384
3531 3531
3531 3813
3531 58
3531 2240
3532 3532
3532 3562
3532 329
3532 3887
3533 3533
3533 1039
3533 2279
3533 1736
3534 3534
3534 1517
3534 1602
3534 1981
3535 3535
3535 343
3535 1614
3535 2252
3536 3536
3536 3059
3536 402
3536 1158
3537 3537
3537 218
3537 1540
3537 3817
3538 3538
3538 65
3538 1017
3538 1353
3539 3539
3539 201
3539 3601
3539 2579
3540 3540
3540 3235
3540 3442
3540 3256
3541 3541
3541 41
3541 2005
3541 3931
3542 3542
3542 3547
3542 1503
3542 2457
3543 3543
3543 378
3543 2721
3543 3556
3544 3544
3544 2152
3544 3077
3544 4040
3545 83
3545 3545
3545 1723
3545 2472
3546 3546
3546 1823
3546 784
3546 398
3547 3547
3547 729
3547 319
3547 3786
3548 3548
3548 1992
3548 3243
3548 1136
3549 2687
3549 2994
3549 3549
3549 1511
3550 3550
3550 2933
3550 2011
3550 959
3551 3551
3551 3190
3551 3585
3551 3277
3552 3552
3552 580
3552 8
3552 294
3553 3553
3553 335
3553 527
3553 3178
3554 3554
3554 1214
3554 310
3554 732
3555 3555
3555 305
3555 875
3555 1299
3556 3556
3556 3543
3556 378
3556 758
3557 3557
3557 8
3557 294
3557 338
3558 3558
3558 3588
3558 3916
3558 8
3559 3559
3559 1688
3559 8
3559 294
3560 3560
3560 875
3560 1299
3560 2190
3561 3561
3561 671
3561 172
3561 2601
3562 3562
3562 329
3562 3532
3562 3887
3563 3563
3563 3275
3563 2493
3563 2663
3564 3564
3564 2754
3564 111
3564 2537
3565 3565
3565 2122
3565 3657
3565 1680
3566 3566
3566 565
3566 161
3566 2751
3567 3567
3567 1777
3567 527
3567 1289
3568 3568
3568 3946
3568 8
3568 294
3569 3569
3569 1190
3569 2914
3569 2991
3570 1550
3570 3570
3570 2825
3570 8
3571 3571
3571 325
3571 370
3571 1312
3572 3572
3572 2189
3572 3897
3572 92
3573 3573
3573 1289
3573 1392
3573 1478
3574 3574
3574 816
3574 1523
3574 1656
3575 3575
3575 852
3575 2130
3575 2564
3576 3576
3576 1829
3576 634
3576 2173
3577 3577
3577 632
3577 27
3577 1123
3578 3578
3578 247
3578 1052
3578 989
3579 3579
3579 296
3579 179
3579 692
3580 3580
3580 593
3580 457
3580 575
3581 3581
3581 1110
3581 489
3581 1357
3582 3582
3582 1456
3582 1775
3582 2913
3583 3583
3583 3344
3583 2022
3583 2802
3584 3584
3584 2846
3584 8
3584 294
3585 3585
3585 624
3585 875
3585 1299
3586 3586
3586 760
3586 1289
3586 1392
3587 3587
3587 1780
3587 310
3587 1118
3588 3588
3588 3916
3588 8
3588 294
3589 3589
3589 8
3589 294
3589 338
3590 3590
3590 3215
3590 8
3590 294
3591 3591
3591 2613
3591 1030
3591 1289
3592 3592
3592 1289
3592 1392
3592 1478
3593 3593
3593 1289
3593 1392
3593 1478
3594 3594
3594 947
3594 358
3594 1418
3595 3595
3595 8
3595 294
3595 338
3596 3596
3596 397
3596 1211
3596 2180
3597 3597
3597 1166
3597 4048
3597 2672
3598 2682
3598 3598
3598 695
3598 2406
3599 3599
3599 2508
3599 3131
3599 618
3600 3600
3600 916
3600 1667
3600 2210
3601 3601
3601 3040
3601 609
3601 1667
3602 3602
3602 1974
3602 2210
3602 3119
3603 3603
3603 1349
3603 2248
3603 179
3604 3604
3604 644
3604 61
3604 401
3605 3605
3605 422
3605 788
3605 1079
3606 3606
3606 2698
3606 1608
3606 1837
3607 3123
3607 3607
3607 1336
3607 2560
3608 8
3608 294
3608 338
3608 387
3609 3609
3609 2914
3609 2991
3609 8
3610 3610
3610 1775
3610 8
3610 294
3611 3611
3611 1344
3611 505
3611 1224
3612 378
3612 2721
3612 3612
3612 8
3613 3613
3613 1179
3613 8
3613 294
3614 3614
3614 1610
3614 37
3614 801
3615 3615
3615 371
3615 3296
3615 3959
3616 3616
3616 3975
3616 650
3616 918
3617 3617
3617 4029
3617 767
3617 4050
3618 3618
3618 314
3618 92
3618 1017
3619 3619
3619 2992
3619 3126
3619 3306
3620 3620
3620 2252
3620 1211
3620 1325
3621 3621
3621 253
3621 2956
3621 2989
3622 3622
3622 3557
3622 312
3622 1353
3623 3623
3623 2980
3623 3751
3623 3792
3624 3624
3624 1892
3624 989
3624 2221
3625 3625
3625 3140
3625 2233
3625 3688
3626 3626
3626 126
3626 875
3626 1299
3627 3627
3627 2362
3627 1987
3627 1153
3628 3628
3628 2883
3628 1211
3628 2180
3629 3629
3629 3938
3629 3049
3629 2046
3630 3630
3630 2744
3630 305
3630 1604
3631 3631
3631 2550
3631 650
3631 991
3632 3632
3632 2981
3632 42
3632 875
3633 3633
3633 8
3633 294
3633 338
3634 3634
3634 2447
3634 2279
3634 750
3635 3635
3635 1974
3635 2210
3635 134
3636 3636
3636 3541
3636 3931
3636 8
3637 3637
3637 636
3637 888
3637 1310
3638 3638
3638 4022
3638 778
3638 2879
3639 3639
3639 2926
3639 561
3639 2284
3640 3640
3640 2885
3640 1974
3640 2083
3641 1292
3641 3641
3641 8
3641 294
3642 3642
3642 2914
3642 2991
3642 8
3643 3643
3643 1211
3643 2180
3643 3134
3644 3644
3644 1627
3644 426
3644 2286
3645 3645
3645 804
3645 3898
3645 179
3646 3646
3646 3943
3646 883
3646 602
3647 1249
3647 3647
3647 685
3647 170
3648 3648
3648 601
3648 1456
3648 1179
3649 3649
3649 875
3649 1299
3649 2190
3650 3650
3650 68
3650 2282
3650 3020
3651 3651
3651 1095
3651 1137
3651 2782
3652 3652
3652 2811
3652 1187
3652 3411
3653 3653
3653 2601
3653 959
3653 989
3654 3654
3654 4047
3654 1893
3654 3679
3655 3655
3655 2469
3655 368
3655 1721
3656 3656
3656 2276
3656 2845
3656 8
3657 3657
3657 2122
3657 3565
3657 2932
3658 3658
3658 875
3658 1299
3658 2190
3659 3659
3659 1260
3659 300
3659 776
3660 3660
3660 2916
3660 28
3660 3110
3661 3661
3661 1567
3661 2870
3661 3045
3662 3662
3662 378
3662 2721
3662 3612
3663 3663
3663 913
3663 378
3663 2406
3664 85
3664 3664
3664 2960
3664 3131
3665 3665
3665 976
3665 2548
3665 378
3666 3666
3666 1986
3666 1708
3666 320
3667 3667
3667 50
3667 2821
3667 3085
3668 3668
3668 3990
3668 370
3668 650
3669 3669
3669 1179
3669 8
3669 294
3670 3670
3670 2127
3670 1301
3670 2241
3671 3671
3671 3049
3671 8
3671 294
3672 3672
3672 609
3672 2317
3672 2923
3673 2304
3673 3673
3673 1035
3673 8
3674 3674
3674 3975
3674 650
3674 991
3675 3675
3675 2210
3675 378
3675 629
3676 3676
3676 225
3676 2654
3676 1171
3677 3677
3677 3006
3677 2901
3677 134
3678 333
3678 3678
3678 3543
3678 378
3679 3679
3679 1494
3679 1893
3679 2378
3680 3680
3680 499
3680 4001
3680 1097
3681 3681
3681 2857
3681 888
3681 2049
3682 3682
3682 634
3682 2795
3682 177
3683 2560
3683 3683
3683 8
3683 294
3684 3684
3684 2196
3684 954
3684 335
3685 3685
3685 1274
3685 1212
3685 882
3686 3686
3686 8
3686 294
3686 338
3687 3687
3687 1463
3687 335
3687 1192
3688 3688
3688 849
3688 2071
3688 2447
3689 3689
3689 1353
3689 1404
3689 2386
3690 3690
3690 442
3690 731
3690 875
3691 3691
3691 2132
3691 3117
3691 391
3692 3692
3692 3694
3692 3948
3692 80
3693 3463
3693 3693
3693 2562
3693 1136
3694 3694
3694 3692
3694 3948
3694 179
3695 3695
3695 378
3695 733
3695 995
3696 3696
3696 533
3696 179
3696 583
3697 3697
3697 3252
3697 402
3697 635
3698 3698
3698 2605
3698 2489
3698 1786
3699 3699
3699 2816
3699 2701
3699 1745
3700 3700
3700 1136
3700 1316
3700 1700
3701 3701
3701 136
3701 2847
3701 3302
3702 3702
3702 3807
3702 1178
3702 589
3703 3133
3703 3703
3703 3058
3703 2560
3704 3704
3704 650
3704 991
3704 1091
3705 3705
3705 3101
3705 3490
3705 1818
3706 3706
3706 3197
3706 767
3706 4050
3707 3707
3707 2271
3707 2463
3707 1128
3708 3708
3708 2695
3708 248
3708 2483
3709 3501
3709 3709
3709 104
3709 1454
3710 3282
3710 3710
3710 94
3710 1831
3711 3711
3711 3520
3711 3031
3711 2402
3712 3712
3712 230
3712 345
3712 956
3713 3713
3713 2464
3713 1013
3713 2342
3714 3714
3714 104
3714 2357
3714 169
3715 3715
3715 2861
3715 3116
3715 3250
3716 3716
3716 1039
3716 3533
3716 2447
3717 3717
3717 8
3717 294
3717 338
3718 3718
3718 1519
3718 2440
3718 3850
3719 3719
3719 2252
3719 733
3719 851
3720 3720
3720 354
3720 2808
3720 8
3721 1430
3721 3721
3721 1035
3721 1190
3722 3722
3722 273
3722 637
3722 893
3723 3723
3723 127
3723 533
3723 2152
3724 3724
3724 3779
3724 1279
3724 1342
3725 3725
3725 2121
3725 389
3725 2412
3726 3726
3726 875
3726 1299
3726 1321
3727 3727
3727 1321
3727 1661
3727 2189
3728 3728
3728 3033
3728 2887
3728 1475
3729 3729
3729 2707
3729 8
3729 134
3730 3730
3730 2514
3730 1377
3730 2504
3731 3731
3731 1843
3731 2767
3731 179
3732 3732
3732 2560
3732 3683
3732 1136
3733 3733
3733 881
3733 3028
3733 965
3734 3734
3734 2918
3734 41
3734 875
3735 3735
3735 944
3735 1271
3735 2380
3736 3736
3736 81
3736 875
3736 1299
3737 3737
3737 3626
3737 126
3737 875
3738 3738
3738 3168
3738 252
3738 1060
3739 3739
3739 1889
3739 2845
3739 1196
3740 3740
3740 1294
3740 2658
3740 248
3741 3741
3741 1465
3741 348
3741 1496
3742 3742
3742 2447
3742 2997
3742 849
3743 3743
3743 3264
3743 130
3743 1232
3744 3744
3744 2919
3744 2281
3744 1165
3745 3745
3745 2194
3745 447
3745 3475
3746 3746
3746 1353
3746 1404
3746 1831
3747 801
3747 3747
3747 650
3747 991
3748 3748
3748 3848
3748 138
3748 1276
3749 3749
3749 1012
3749 1556
3749 288
3750 3750
3750 8
3750 294
3750 338
3751 3751
3751 3623
3751 2980
3751 3792
3752 3752
3752 8
3752 294
3752 338
3753 3753
3753 8
3753 294
3753 338
3754 3754
3754 731
3754 1153
3754 1215
3755 3755
3755 1831
3755 1136
3755 1316
3756 3756
3756 3393
3756 1353
3756 1404
3757 3757
3757 3802
3757 156
3757 1332
3758 3758
3758 2907
3758 3058
3758 3569
3759 3759
3759 312
3759 1496
3759 2454
3760 3760
3760 956
3760 1725
3760 2968
3761 3761
3761 1496
3761 2308
3761 2454
3762 839
3762 3762
3762 775
3762 179
3763 3763
3763 179
3763 62
3763 296
3764 3764
3764 3477
3764 3014
3764 280
3765 3765
3765 3299
3765 92
3765 2914
3766 3766
3766 2671
3766 2123
3766 2104
3767 3767
3767 3908
3767 169
3767 1443
3768 3768
3768 3
3768 3892
3768 2679
3769 3769
3769 2210
3769 378
3769 2721
3770 3770
3770 2601
3770 1787
3770 1179
3771 3771
3771 1871
3771 3732
3771 1136
3772 3772
3772 2650
3772 296
3772 1889
3773 3773
3773 358
3773 858
3773 657
3774 3774
3774 8
3774 294
3774 338
3775 3775
3775 3199
3775 877
3775 3107
3776 3776
3776 3178
3776 8
3776 294
3777 3777
3777 2152
3777 729
3777 1022
3778 1898
3778 2937
3778 3778
3778 2406
3779 3779
3779 3724
3779 65
3779 92
3780 3780
3780 1422
3780 3951
3780 2772
3781 3781
3781 3502
3781 1277
3781 742
3782 3782
3782 1970
3782 733
3782 851
3783 3783
3783 829
3783 3980
3783 2953
3784 3784
3784 8
3784 294
3784 338
3785 3785
3785 819
3785 1654
3785 906
3786 3786
3786 2305
3786 132
3786 572
3787 3787
3787 2537
3787 111
3787 875
3788 3788
3788 1128
3788 2171
3788 2601
3789 3789
3789 2238
3789 497
3789 702
3790 3790
3790 181
3790 1152
3790 1499
3791 3791
3791 1615
3791 1889
3791 2914
3792 3792
3792 3623
3792 2980
3792 3751
3793 3793
3793 92
3793 157
3793 964
3794 3794
3794 2695
3794 428
3794 1353
3795 3795
3795 2661
3795 62
3795 92
3796 3796
3796 468
3796 1889
3796 8
3797 3797
3797 312
3797 1688
3797 2612
3798 3798
3798 1334
3798 8
3798 294
3799 3799
3799 239
3799 164
3799 3279
3800 116
3800 3800
3800 3934
3800 3056
3801 3801
3801 414
3801 729
3801 2252
3802 3802
3802 1353
3802 1404
3802 8
3803 3803
3803 3784
3803 2444
3803 2347
3804 3804
3804 1289
3804 1392
3804 1478
3805 3805
3805 2655
3805 875
3805 1299
3806 3806
3806 2909
3806 1936
3806 620
3807 3807
3807 1178
3807 3702
3807 589
3808 3808
3808 3167
3808 2845
3808 875
3809 3809
3809 813
3809 104
3809 179
3810 1455
3810 3810
3810 420
3810 2075
3811 3811
3811 1335
3811 157
3811 104
3812 3812
3812 1581
3812 1393
3812 1661
3813 3813
3813 3531
3813 58
3813 299
3814 3814
3814 3258
3814 8
3814 294
3815 3815
3815 3064
3815 3392
3815 2959
3816 3816
3816 394
3816 3253
3816 877
3817 3817
3817 3537
3817 218
3817 1540
3818 3818
3818 3212
3818 230
3818 248
3819 3819
3819 1667
3819 378
3819 569
3820 3820
3820 325
3820 2347
3820 691
3821 3821
3821 1202
3821 1516
3821 2188
3822 3822
3822 1586
3822 2112
3822 3574
3823 3823
3823 1496
3823 2454
3823 2893
3824 514
3824 3824
3824 2560
3824 3683
3825 3825
3825 580
3825 650
3825 991
3826 3826
3826 3266
3826 2658
3826 92
3827 3827
3827 2234
3827 92
3827 402
3828 3828
3828 3173
3828 301
3828 3857
3829 8
3829 294
3829 338
3829 387
3830 3830
3830 171
3830 8
3830 294
3831 3831
3831 3415
3831 737
3831 3514
3832 3832
3832 381
3832 989
3832 1030
3833 1607
3833 3833
3833 179
3833 1443
3834 3834
3834 2710
3834 3308
3834 4054
3835 3835
3835 740
3835 875
3835 1299
3836 3836
3836 1017
3836 2272
3836 2845
3837 3837
3837 2483
3837 3231
3837 7
3838 3838
3838 1477
3838 1587
3838 1382
3839 3839
3839 8
3839 294
3839 338
3840 3840
3840 3359
3840 740
3840 3835
3841 3841
3841 1698
3841 2585
3841 3971
3842 3842
3842 3716
3842 2447
3842 2279
3843 3843
3843 8
3843 294
3843 338
3844 3844
3844 875
3844 1299
3844 1634
3845 3845
3845 3195
3845 2667
3845 341
3846 3846
3846 2927
3846 3312
3846 1456
3847 3847
3847 2977
3847 564
3847 2719
3848 3848
3848 3748
3848 1276
3848 138
3849 3849
3849 593
3849 3113
3849 40
3850 1519
3850 2440
3850 3850
3850 2914
3851 925
3851 3851
3851 81
3851 8
3852 3852
3852 2911
3852 3381
3852 739
3853 3853
3853 65
3853 204
3853 2248
3854 3854
3854 1466
3854 443
3854 1382
3855 3855
3855 2408
3855 2884
3855 1103
3856 2665
3856 3856
3856 527
3856 663
3857 3857
3857 301
3857 550
3857 65
3858 3858
3858 2567
3858 231
3858 2837
3859 3859
3859 1495
3859 2572
3859 2150
3860 3027
3860 3860
3860 8
3860 294
3861 3861
3861 325
3861 1128
3861 2104
3862 3862
3862 8
3862 294
3862 338
3863 3863
3863 319
3863 851
3863 1128
3864 8
3864 294
3864 338
3864 387
3865 3865
3865 1126
3865 1353
3865 1404
3866 3866
3866 422
3866 563
3866 3220
3867 3867
3867 500
3867 3620
3867 2560
3868 3202
3868 3868
3868 2252
3868 732
3869 3869
3869 100
3869 1256
3869 109
3870 3870
3870 3672
3870 161
3870 126
3871 3871
3871 402
3871 650
3871 731
3872 3872
3872 3925
3872 3966
3872 8
3873 3873
3873 3061
3873 3454
3873 1522
3874 3874
3874 2547
3874 3523
3874 344
3875 3875
3875 1496
3875 2454
3875 3320
3876 3876
3876 2587
3876 170
3876 761
3877 3877
3877 375
3877 573
3877 3497
3878 3878
3878 726
3878 2796
3878 91
3879 3879
3879 947
3879 358
3879 2704
3880 3880
3880 989
3880 2221
3880 3303
3881 3881
3881 160
3881 3208
3881 2578
3882 3882
3882 3968
3882 2452
3882 624
3883 3883
3883 3927
3883 2961
3883 1956
3884 3884
3884 2270
3884 2483
3884 7
3885 3885
3885 3285
3885 2133
3885 2985
3886 3886
3886 1716
3886 2152
3886 1519
3887 3887
3887 3562
3887 329
3887 3532
3888 3888
3888 1685
3888 546
3888 447
3889 3889
3889 48
3889 1567
3889 1153
3890 3890
3890 1411
3890 2284
3890 157
3891 3891
3891 179
3891 62
3891 296
3892 3892
3892 2679
3892 3
3892 3768
3893 3893
3893 2914
3893 2991
3893 3085
3894 3894
3894 335
3894 1970
3894 378
3895 3895
3895 1935
3895 844
3895 1064
3896 3080
3896 3896
3896 1136
3896 1316
3897 3897
3897 1179
3897 8
3897 294
3898 3898
3898 324
3898 650
3898 801
3899 3899
3899 3119
3899 378
3899 1024
3900 3900
3900 1085
3900 1931
3900 3051
3901 3901
3901 1223
3901 1136
3901 1316
3902 3902
3902 2763
3902 551
3902 1165
3903 3903
3903 827
3903 163
3903 3893
3904 3904
3904 379
3904 3040
3904 3500
3905 3905
3905 1634
3905 286
3905 961
3906 3906
3906 58
3906 2240
3906 3531
3907 3907
3907 114
3907 3763
3907 179
3908 3908
3908 3767
3908 169
3908 767
3909 3909
3909 3447
3909 3672
3909 3346
3910 963
3910 3910
3910 81
3910 875
3911 3911
3911 3382
3911 1064
3911 2836
3912 3912
3912 1250
3912 328
3912 833
3913 3913
3913 1353
3913 1404
3913 8
3914 3914
3914 378
3914 402
3914 2721
3915 3915
3915 2892
3915 3103
3915 1831
3916 3916
3916 3588
3916 8
3916 294
3917 3917
3917 3668
3917 520
3917 3990
3918 3918
3918 3247
3918 2944
3918 179
3919 3919
3919 50
3919 266
3919 989
3920 3920
3920 179
3920 62
3920 170
3921 3921
3921 1289
3921 1392
3921 1478
3922 3922
3922 2252
3922 1211
3922 1325
3923 3923
3923 220
3923 2282
3923 2457
3924 3924
3924 1226
3924 2086
3924 3803
3925 3925
3925 3872
3925 1353
3925 1404
3926 3926
3926 92
3926 538
3926 650
3927 3927
3927 3883
3927 2755
3927 319
3928 3928
3928 3651
3928 1095
3928 588
3929 3929
3929 1061
3929 3242
3929 3178
3930 3930
3930 412
3930 727
3930 1630
3931 3931
3931 3541
3931 8
3931 294
3932 3932
3932 1210
3932 1767
3932 2004
3933 3933
3933 2188
3933 989
3933 1353
3934 116
3934 3800
3934 3934
3934 3056
3935 3935
3935 2360
3935 2215
3935 3675
3936 3936
3936 8
3936 294
3936 338
3937 3937
3937 8
3937 179
3937 294
3938 3938
3938 2046
3938 3049
3938 3671
3939 3939
3939 1003
3939 119
3939 345
3940 3940
3940 2001
3940 2685
3940 8
3941 3941
3941 1972
3941 2601
3941 3872
3942 3942
3942 1393
3942 1889
3942 1179
3943 3943
3943 602
3943 3646
3943 414
3944 3944
3944 875
3944 1299
3944 2190
3945 3945
3945 428
3945 9
3945 568
3946 3568
3946 3946
3946 8
3946 294
3947 3947
3947 8
3947 294
3947 338
3948 3948
3948 3692
3948 3694
3948 3920
3949 3949
3949 2601
3949 312
3949 468
3950 3950
3950 205
3950 2013
3950 3126
3951 3951
3951 3780
3951 1422
3951 109
3952 3952
3952 442
3952 1030
3952 1353
3953 3953
3953 8
3953 294
3953 338
3954 2229
3954 3954
3954 733
3954 995
3955 3955
3955 1601
3955 1227
3955 3069
3956 3956
3956 106
3956 3385
3956 490
3957 3957
3957 704
3957 1197
3957 2252
3958 3958
3958 1661
3958 8
3958 294
3959 3959
3959 475
3959 1153
3959 1456
3960 3960
3960 1313
3960 260
3960 2292
3961 3961
3961 2097
3961 3188
3961 438
3962 3962
3962 2252
3962 1211
3962 1325
3963 3963
3963 2316
3963 744
3963 3137
3964 3964
3964 593
3964 575
3964 959
3965 527
3965 3965
3965 8
3965 294
3966 3966
3966 8
3966 294
3966 338
3967 3967
3967 3056
3967 3113
3967 402
3968 3968
3968 3348
3968 2027
3968 3119
3969 3969
3969 974
3969 625
3969 374
3970 3970
3970 8
3970 294
3970 338
3971 3971
3971 2442
3971 1698
3971 1303
3972 3972
3972 3637
3972 888
3972 3229
3973 3973
3973 3468
3973 1720
3973 296
3974 3974
3974 497
3974 125
3974 468
3975 3975
3975 650
3975 991
3975 3674
3976 3976
3976 3232
3976 925
3976 3851
3977 3977
3977 731
3977 8
3977 294
3978 3978
3978 8
3978 294
3978 338
3979 3979
3979 1006
3979 1952
3979 769
3980 3980
3980 3783
3980 414
3980 2953
3981 3981
3981 2601
3981 2627
3981 3057
3982 3982
3982 507
3982 3055
3982 2820
3983 3983
3983 244
3983 267
3983 65
3984 3984
3984 8
3984 134
3984 294
3985 3985
3985 2186
3985 1772
3985 2499
3986 3986
3986 2824
3986 1223
3986 961
3987 3987
3987 992
3987 3363
3987 92
3988 3988
3988 2305
3988 1980
3988 2252
3989 3989
3989 2142
3989 248
3989 428
3990 3990
3990 370
3990 650
3990 991
3991 3991
3991 2864
3991 1970
3991 202
3992 3992
3992 2688
3992 2446
3992 1222
3993 3993
3993 2544
3993 3763
3993 3937
3994 2317
3994 2923
3994 3994
3994 609
3995 3995
3995 931
3995 2674
3995 493
3996 3996
3996 2897
3996 1353
3996 1404
3997 3997
3997 170
3997 1211
3997 1289
3998 3998
3998 81
3998 1571
3998 3763
3999 3999
3999 1421
3999 132
3999 2252
4000 4000
4000 175
4000 3049
4000 248
4001 4001
4001 3680
4001 71
4001 3162
4002 4002
4002 356
4002 1466
4002 736
4003 4003
4003 2494
4003 179
4003 1635
4004 4004
4004 1289
4004 1392
4004 1478
4005 4005
4005 3410
4005 588
4005 36
4006 4006
4006 130
4006 4033
4006 1667
4007 4007
4007 1380
4007 1871
4007 2067
4008 4008
4008 3135
4008 1303
4008 1472
4009 4009
4009 3247
4009 179
4009 296
4010 4010
4010 875
4010 1299
4010 2190
4011 4011
4011 322
4011 687
4011 2330
4012 4012
4012 2369
4012 1153
4012 3295
4013 4013
4013 405
4013 3346
4013 3602
4014 2004
4014 4014
4014 704
4014 2252
4015 4015
4015 332
4015 261
4015 378
4016 4016
4016 1625
4016 3217
4016 1966
4017 4017
4017 2361
4017 2601
4017 92
4018 4018
4018 3113
4018 3825
4018 580
4019 4019
4019 2496
4019 2958
4019 989
4020 4020
4020 1289
4020 1392
4020 1478
4021 4021
4021 3517
4021 281
4021 568
4022 4022
4022 778
4022 2879
4022 3638
4023 4023
4023 527
4023 2544
4023 2779
4024 4024
4024 1583
4024 1501
4024 223
4025 4025
4025 851
4025 2152
4025 3719
4026 4026
4026 447
4026 3475
4026 2194
4027 4027
4027 953
4027 3461
4027 1337
4028 4028
4028 1238
4028 551
4028 1165
4029 4029
4029 3617
4029 767
4029 4050
4030 4030
4030 2129
4030 715
4030 1584
4031 4031
4031 3731
4031 1843
4031 179
4032 4032
4032 3056
4032 650
4032 991
4033 4033
4033 3497
4033 1435
4033 573
4034 4034
4034 1314
4034 3358
4034 2669
4035 4035
4035 3259
4035 1304
4035 1372
4036 4036
4036 1289
4036 1392
4036 1478
4037 4037
4037 1496
4037 2454
4037 3320
4038 4038
4038 8
4038 294
4038 338
4039 4039
4039 208
4039 987
4039 157
4040 4040
4040 1917
4040 3122
4040 370
4041 4041
4041 642
4041 1496
4041 2454
4042 4042
4042 2866
4042 748
4042 509
4043 4043
4043 3491
4043 1839
4043 3893
4044 3337
4044 4044
4044 255
4044 1922
4045 4045
4045 3159
4045 2389
4045 168
4046 4046
4046 2090
4046 883
4046 468
4047 4047
4047 1893
4047 2378
4047 3654
4048 4048
4048 1166
4048 1786
4048 3925
4049 2867
4049 4049
4049 1197
4049 1289
4050 767
4050 4050
4050 2496
4050 2958
4051 4051
4051 2252
4051 1211
4051 1325
4052 4052
4052 801
4052 3747
4052 650
4053 4053
4053 276
4053 402
4053 1353
4054 4054
4054 310
4054 1022
4054 2252
4055 4055
4055 2202
4055 245
4055 1286
4056 4056
4056 2914
4056 2991
4056 8
