0 0
0 2406
0 3178
0 3774
0 8
0 294
1 1
1 1833
1 1315
1 2953
1 514
1 1924
2 2
2 3100
2 1047
2 1626
2 3922
2 157
3 3
3 3768
3 3892
3 2679
3 343
3 2252
4 4
4 3624
4 1892
4 989
4 2221
4 2496
5 5
5 3089
5 1255
5 188
5 2308
5 2845
6 6
6 1908
6 2412
6 3725
6 3980
6 3783
7 7
7 2483
7 8
7 294
7 338
7 387
8 8
8 294
8 338
8 387
8 557
8 773
9 9
9 650
9 991
9 1688
9 8
9 294
10 10
10 8
10 294
10 338
10 387
10 557
11 11
11 975
11 609
11 2074
11 689
11 939
12 12
12 490
12 1456
12 2845
12 8
12 294
13 13
13 3556
13 3543
13 378
13 758
13 875
14 14
14 1727
14 538
14 3836
14 3674
14 609
15 15
15 1777
15 3113
15 41
15 144
15 1289
16 16
16 3224
16 236
16 2252
16 3719
16 414
17 17
17 1524
17 900
17 1115
17 2073
17 3094
18 18
18 312
18 1165
18 2139
18 2612
18 2887
19 19
19 3056
19 169
19 291
19 536
19 650
20 20
20 3419
20 28
20 391
20 1509
20 96
21 21
21 3405
21 2025
21 2534
21 263
21 1967
22 22
22 538
22 801
22 1289
22 1392
22 1478
23 23
23 2422
23 744
23 2188
23 2265
23 1077
24 24
24 2354
24 1482
24 2601
24 4017
24 635
25 25
25 3354
25 33
25 312
25 1456
25 2355
26 26
26 989
26 2221
26 2492
26 3178
26 2496
27 27
27 3577
27 632
27 1126
27 1460
27 3958
28 28
28 2916
28 3110
28 1886
28 3119
28 1303
29 29
29 166
29 1984
29 3916
29 296
29 2882
30 30
30 1819
30 2652
30 459
30 533
30 179
31 31
31 2825
31 8
31 294
31 338
31 387
32 32
32 875
32 1299
32 1688
32 2074
32 2190
33 33
33 650
33 991
33 8
33 186
33 294
34 34
34 312
34 1353
34 1404
34 2612
34 8
35 35
35 1877
35 2960
35 3131
35 3226
35 989
36 36
36 588
36 4005
36 1107
36 3410
36 1711
37 37
37 1610
37 3614
37 801
37 3747
37 650
38 38
38 115
38 567
38 1208
38 1470
38 509
39 39
39 2056
39 1522
39 1153
39 1646
39 2590
40 40
40 1854
40 593
40 537
40 828
40 2170
41 41
41 2005
41 8
41 294
41 338
41 387
42 42
42 3632
42 875
42 989
42 1289
42 1299
43 43
43 2483
43 7
43 8
43 294
43 338
44 44
44 1556
44 347
44 1964
44 248
44 296
45 45
45 3154
45 126
45 586
45 875
45 1017
46 46
46 188
46 1035
46 3258
46 8
46 294
47 47
47 216
47 700
47 1118
47 1810
47 2152
48 48
48 2914
48 2991
48 2210
48 3569
48 3893
49 49
49 179
49 62
49 296
49 397
49 533
50 50
50 3085
50 8
50 294
50 338
50 387
51 51
51 312
51 875
51 1299
51 2190
51 2612
52 52
52 1701
52 2834
52 3185
52 2302
52 2888
53 53
53 1374
53 2140
53 3258
53 8
53 294
54 54
54 696
54 3849
54 3204
54 2561
54 3541
55 55
55 208
55 1460
55 2914
55 2991
55 3753
56 56
56 3218
56 1625
56 3399
56 275
56 1163
57 57
57 3304
57 179
57 2451
57 2655
57 3805
58 58
58 2240
58 3531
58 299
58 3813
58 2402
59 59
59 1915
59 142
59 686
59 432
59 468
60 60
60 2914
60 2991
60 8
60 188
60 294
61 61
61 401
61 3135
61 1321
61 1353
61 1404
62 62
62 179
62 296
62 397
62 533
62 813
63 63
63 2560
63 3683
63 8
63 240
63 294
64 64
64 3122
64 41
64 325
64 370
64 527
65 65
65 1786
65 875
65 1299
65 1353
65 1404
66 66
66 631
66 310
66 370
66 64
66 211
67 67
67 580
67 2391
67 2914
67 2991
67 8
68 68
68 3020
68 3650
68 2282
68 2766
68 2173
69 69
69 1490
69 930
69 711
69 3916
69 179
70 70
70 2601
70 157
70 2643
70 1179
70 8
71 71
71 2115
71 2222
71 2275
71 4001
71 3680
72 72
72 2469
72 368
72 1721
72 3655
72 588
73 73
73 3289
73 156
73 3556
73 3119
73 3543
74 74
74 2168
74 185
74 960
74 2396
74 2636
75 75
75 3476
75 3178
75 8
75 230
75 294
76 76
76 319
76 2959
76 483
76 851
76 875
77 77
77 2431
77 2091
77 1017
77 2272
77 2858
78 78
78 650
78 875
78 991
78 1299
78 2190
79 79
79 3263
79 2730
79 1793
79 756
79 3489
80 80
80 8
80 294
80 338
80 387
80 557
81 81
81 3178
81 8
81 294
81 338
81 387
82 82
82 8
82 294
82 338
82 387
82 557
83 83
83 3545
83 1723
83 2472
83 893
83 3322
84 84
84 2639
84 1928
84 1468
84 2188
84 402
85 85
85 3664
85 2960
85 3131
85 3226
85 2496
86 86
86 1190
86 8
86 134
86 175
86 294
87 87
87 3250
87 1323
87 2732
87 3
87 3768
88 88
88 361
88 3219
88 2925
88 3497
88 4033
89 89
89 516
89 702
89 104
89 365
89 2210
90 90
90 2699
90 2099
90 109
90 1272
90 2241
91 91
91 2041
91 93
91 444
91 2575
91 2449
92 92
92 650
92 991
92 1179
92 8
92 294
93 93
93 2449
93 444
93 2575
93 91
93 2041
94 94
94 3282
94 3710
94 343
94 1488
94 1831
95 95
95 2027
95 378
95 2721
95 3119
95 3178
96 96
96 3419
96 391
96 3045
96 1567
96 3117
97 97
97 2
97 3100
97 3190
97 1047
97 2172
98 98
98 867
98 1162
98 1905
98 2132
98 3117
99 99
99 2092
99 2152
99 704
99 729
99 2252
100 100
100 3869
100 339
100 1902
100 109
100 2898
101 101
101 3920
101 170
101 761
101 875
101 1299
102 102
102 144
102 3444
102 3541
102 3931
102 1136
103 103
103 2505
103 2604
103 3349
103 2560
103 3683
104 104
104 875
104 1299
104 2190
104 2914
104 2991
105 105
105 1027
105 1017
105 1496
105 2272
105 2454
106 106
106 2587
106 538
106 788
106 1025
106 2779
107 107
107 2020
107 1834
107 2052
107 2960
107 3226
108 108
108 2323
108 2459
108 308
108 92
108 1769
109 109
109 208
109 1496
109 2454
109 2914
109 2991
110 110
110 1605
110 1188
110 1437
110 1777
110 144
111 111
111 2537
111 875
111 1215
111 1299
111 2190
112 112
112 1017
112 2272
112 2683
112 2858
112 1179
113 113
113 635
113 1353
113 1404
113 2483
113 7
114 114
114 3920
114 170
114 761
114 875
114 1017
115 115
115 38
115 567
115 1208
115 3970
115 1470
116 116
116 3800
116 3934
116 3056
116 650
116 991
117 117
117 1723
117 8
117 294
117 338
117 387
118 118
118 3530
118 62
118 384
118 813
118 875
119 119
119 3939
119 1003
119 345
119 2154
119 230
120 120
120 1213
120 381
120 1372
120 2024
120 2496
121 121
121 1281
121 3543
121 378
121 1024
121 2721
122 122
122 1982
122 1145
122 1456
122 1723
122 1831
123 123
123 2328
123 3900
123 3416
123 179
123 455
124 124
124 772
124 8
124 294
124 338
124 387
125 125
125 527
125 3965
125 8
125 294
125 338
126 126
126 3626
126 586
126 875
126 1299
126 1634
127 127
127 1767
127 1980
127 2252
127 2295
127 2883
128 128
128 3049
128 1289
128 1392
128 1456
128 1478
129 129
129 3018
129 3131
129 2496
129 2958
129 618
130 130
130 1211
130 2180
130 3069
130 3085
130 3134
131 131
131 1022
131 1537
131 2252
131 1211
131 1321
132 132
132 2252
132 1211
132 1325
132 1496
132 2180
133 133
133 1568
133 2601
133 92
133 157
133 650
134 134
134 875
134 1299
134 2190
134 8
134 179
135 135
135 1031
135 2232
135 138
135 3748
135 992
136 136
136 3701
136 3302
136 2847
136 808
136 1237
137 137
137 421
137 3103
137 1831
137 2914
137 2991
138 138
138 3748
138 3848
138 1276
138 2232
138 135
139 139
139 2355
139 8
139 186
139 294
139 338
140 140
140 3077
140 2893
140 2035
140 638
140 2191
141 141
141 854
141 575
141 3649
141 593
141 1776
142 142
142 1915
142 59
142 8
142 294
142 338
143 143
143 3925
143 3872
143 1353
143 1404
143 2271
144 144
144 733
144 995
144 2810
144 3444
144 8
145 145
145 3070
145 179
145 3920
145 296
145 533
146 146
146 2163
146 967
146 2177
146 1167
146 3872
147 147
147 2554
147 162
147 836
147 1519
147 2440
148 148
148 1382
148 443
148 1703
148 2071
148 3688
149 149
149 989
149 1292
149 2221
149 3641
149 2496
150 150
150 650
150 991
150 3122
150 8
150 294
151 151
151 1441
151 2293
151 4020
151 2876
151 3354
152 152
152 1414
152 1620
152 2737
152 1508
152 179
153 153
153 1617
153 1938
153 1197
153 1289
153 1392
154 154
154 1456
154 8
154 294
154 338
154 387
155 155
155 3029
155 586
155 2825
155 3455
155 8
156 156
156 3543
156 286
156 378
156 2721
156 3556
157 157
157 3318
157 1179
157 8
157 188
157 294
158 158
158 585
158 492
158 1522
158 1153
158 3295
159 159
159 989
159 1353
159 1404
159 2221
159 2406
160 160
160 954
160 3479
160 1179
160 8
160 65
161 161
161 2537
161 111
161 875
161 1299
161 2190
162 162
162 836
162 2205
162 147
162 2560
162 3683
163 163
163 1732
163 1071
163 3893
163 609
163 3119
164 164
164 3329
164 3799
164 179
164 822
164 2557
165 165
165 795
165 624
165 901
165 1946
165 2230
166 166
166 29
166 1984
166 296
166 1786
166 2791
167 167
167 2700
167 2406
167 520
167 1713
167 8
168 168
168 3074
168 1489
168 3152
168 3246
168 4045
169 169
169 2658
169 650
169 991
169 8
169 186
170 170
170 761
170 875
170 1211
170 1299
170 2180
171 171
171 3830
171 593
171 2437
171 2670
171 3077
172 172
172 1355
172 3561
172 671
172 650
172 991
173 173
173 2482
173 2846
173 8
173 294
173 338
174 174
174 2471
174 169
174 915
174 650
174 718
175 175
175 1190
175 1393
175 1889
175 1179
175 8
176 176
176 3366
176 3175
176 436
176 2862
176 2077
177 177
177 3470
177 634
177 2795
177 1829
177 2173
178 178
178 2975
178 2560
178 3683
178 8
178 294
179 179
179 62
179 296
179 397
179 533
179 813
180 180
180 1297
180 686
180 3056
180 3975
180 169
181 181
181 3790
181 1152
181 1499
181 243
181 213
182 182
182 2728
182 1353
182 1404
182 2306
182 3774
183 183
183 1688
183 3552
183 8
183 294
183 338
184 184
184 1590
184 2182
184 296
184 2074
184 1627
185 185
185 2168
185 74
185 960
185 2799
185 2396
186 186
186 8
186 294
186 338
186 387
186 557
187 187
187 2265
187 549
187 794
187 865
187 744
188 188
188 8
188 294
188 338
188 387
188 557
189 189
189 2128
189 1074
189 733
189 995
189 2810
190 190
190 2340
190 2293
190 1292
190 1437
190 1496
191 191
191 1456
191 1831
191 8
191 186
191 294
192 192
192 320
192 1293
192 1761
192 1956
192 2961
193 193
193 2380
193 2355
193 1496
193 1729
193 2454
194 194
194 3516
194 1303
194 2966
194 3403
194 378
195 195
195 2319
195 1339
195 62
195 296
195 533
196 196
196 2601
196 869
196 914
196 2483
196 2887
197 197
197 8
197 294
197 338
197 387
197 557
198 198
198 650
198 991
198 1353
198 1357
198 1404
199 199
199 1761
199 2560
199 3683
199 1128
199 1767
200 200
200 2432
200 1228
200 688
200 652
200 2037
201 201
201 3539
201 1131
201 2579
201 1764
201 807
202 202
202 718
202 1289
202 1392
202 1478
202 1810
203 203
203 704
203 3122
203 169
203 370
203 536
204 204
204 179
204 62
204 281
204 296
204 397
205 205
205 3950
205 2013
205 422
205 1006
205 1281
206 206
206 3327
206 2494
206 4003
206 2802
206 2022
207 207
207 2550
207 2601
207 3058
207 67
207 580
208 208
208 109
208 987
208 1496
208 2352
208 2454
209 209
209 3601
209 2322
209 947
209 543
209 495
210 210
210 962
210 879
210 639
210 2103
210 3615
211 211
211 3990
211 144
211 312
211 370
211 650
212 212
212 2832
212 1128
212 707
212 1649
212 1917
213 213
213 2360
213 1499
213 3790
213 1152
213 1522
214 214
214 1106
214 92
214 515
214 650
214 875
215 215
215 1055
215 3119
215 130
215 703
215 914
216 216
216 47
216 2767
216 700
216 740
216 2089
217 217
217 2284
217 1179
217 1519
217 2440
217 3850
218 218
218 3537
218 157
218 2496
218 2958
218 635
219 219
219 485
219 3295
219 714
219 2462
219 335
220 220
220 3923
220 2175
220 2282
220 2457
220 1161
221 221
221 2931
221 2706
221 989
221 2221
221 2496
222 222
222 1714
222 284
222 692
222 2537
222 2772
223 223
223 3077
223 650
223 991
223 1211
223 2180
224 224
224 2373
224 1599
224 2397
224 1521
224 1347
225 225
225 3676
225 2654
225 1171
225 732
225 3202
226 226
226 3128
226 2235
226 2124
226 2152
226 2785
227 227
227 539
227 2506
227 540
227 2869
227 583
228 228
228 2773
228 111
228 1215
228 2050
228 173
229 229
229 3504
229 1248
229 2306
229 2241
229 438
230 230
230 2406
230 3937
230 8
230 179
230 248
231 231
231 3858
231 2567
231 2837
231 3529
231 2528
232 232
232 2927
232 1393
232 2631
232 2745
232 3931
233 233
233 1151
233 3166
233 319
233 2707
233 3198
234 234
234 3258
234 8
234 294
234 338
234 387
235 235
235 2883
235 67
235 580
235 1030
235 1211
236 236
236 16
236 3224
236 2252
236 3719
236 2475
237 237
237 378
237 1353
237 1404
237 1787
237 2721
238 238
238 650
238 918
238 991
238 2845
238 8
239 239
239 3799
239 164
239 618
239 2248
239 1967
240 240
240 1128
240 2560
240 3683
240 8
240 294
241 241
241 2436
241 81
241 3056
241 8
241 186
242 242
242 3375
242 393
242 208
242 1006
242 788
243 243
243 3790
243 1499
243 1152
243 181
243 213
244 244
244 267
244 3983
244 179
244 1786
244 62
245 245
245 1286
245 2202
245 4055
245 3364
245 704
246 246
246 479
246 3508
246 405
246 1846
246 3484
247 247
247 2496
247 2958
247 989
247 1831
247 2221
248 248
248 296
248 1393
248 1889
248 3937
248 1179
249 249
249 1097
249 659
249 875
249 959
249 989
250 250
250 261
250 296
250 875
250 1299
250 1496
251 251
251 3138
251 2777
251 1331
251 2792
251 248
252 252
252 3168
252 3738
252 3920
252 161
252 3216
253 253
253 3621
253 2956
253 2989
253 1007
253 1305
254 254
254 1564
254 767
254 4050
254 2496
254 2958
255 255
255 1922
255 179
255 1786
255 1443
255 3193
256 256
256 414
256 2252
256 3202
256 3868
256 325
257 257
257 303
257 3397
257 1351
257 2870
257 2037
258 258
258 1522
258 1153
258 2204
258 3493
258 655
259 259
259 903
259 1711
259 588
259 36
259 1107
260 260
260 609
260 2317
260 2923
260 3178
260 3994
261 261
261 1496
261 2454
261 3320
261 8
261 294
262 262
262 3478
262 2209
262 2822
262 1181
262 1987
263 263
263 3405
263 3212
263 3937
263 179
263 1295
264 264
264 3075
264 179
264 2655
264 255
264 296
265 265
265 378
265 527
265 2721
265 3612
265 3965
266 266
266 989
266 2221
266 2496
266 2958
266 8
267 267
267 244
267 179
267 1443
267 3193
267 62
268 268
268 1651
268 3594
268 809
268 1779
268 947
269 269
269 8
269 294
269 338
269 387
269 557
270 270
270 3019
270 2287
270 2921
270 461
270 428
271 271
271 2093
271 2210
271 2403
271 3119
271 1732
272 272
272 733
272 995
272 2810
272 2845
272 8
273 273
273 637
273 378
273 2707
273 2721
273 3612
274 274
274 654
274 2549
274 2252
274 1211
274 2180
275 275
275 3399
275 464
275 317
275 1331
275 569
276 276
276 402
276 1353
276 1404
276 3258
276 8
277 277
277 1426
277 3117
277 1993
277 3502
277 391
278 278
278 2673
278 3456
278 2205
278 319
278 1136
279 279
279 1751
279 527
279 3965
279 8
279 294
280 280
280 3764
280 1919
280 2594
280 3069
280 290
281 281
281 650
281 875
281 991
281 1299
281 2190
282 282
282 1926
282 1601
282 2627
282 414
282 1461
283 283
283 2657
283 2016
283 3056
283 2627
283 3626
284 284
284 8
284 294
284 338
284 387
284 557
285 285
285 800
285 296
285 3445
285 3556
285 111
286 286
286 378
286 2721
286 3612
286 8
286 294
287 287
287 1480
287 2433
287 3952
287 435
287 860
288 288
288 3749
288 1012
288 1556
288 44
288 2609
289 289
289 792
289 1006
289 1496
289 2454
289 3214
290 290
290 733
290 995
290 2810
290 8
290 294
291 291
291 2386
291 2790
291 3303
291 8
291 294
292 292
292 1333
292 82
292 2082
292 62
292 1786
293 293
293 8
293 294
293 338
293 387
293 557
294 8
294 294
294 338
294 387
294 557
294 773
295 295
295 1994
295 3898
295 332
295 954
295 3113
296 296
296 179
296 62
296 397
296 533
296 813
297 297
297 343
297 733
297 851
297 995
297 1831
298 298
298 2019
298 2188
298 720
298 1027
298 1461
299 299
299 2240
299 58
299 3531
299 3813
299 1415
300 300
300 1260
300 3659
300 2852
300 776
300 2529
301 301
301 1527
301 3462
301 650
301 991
301 1353
302 302
302 3357
302 522
302 1900
302 2042
302 1379
303 303
303 3397
303 2160
303 2965
303 257
303 2870
304 304
304 1471
304 2519
304 3355
304 1657
304 1149
305 305
305 875
305 1299
305 2190
305 8
305 134
306 306
306 1083
306 2927
306 2204
306 3049
306 296
307 307
307 8
307 294
307 338
307 387
307 557
308 308
308 2323
308 2459
308 538
308 108
308 22
309 309
309 2630
309 1967
309 179
309 230
309 956
310 310
310 2252
310 1211
310 1325
310 2180
310 2305
311 311
311 3155
311 533
311 179
311 1452
311 540
312 312
312 2612
312 8
312 294
312 338
312 387
313 313
313 1059
313 2807
313 2292
313 1931
313 583
314 314
314 3618
314 92
314 650
314 991
314 1017
315 315
315 2962
315 1112
315 1733
315 2597
315 2912
316 316
316 1109
316 1765
316 3356
316 1520
316 65
317 317
317 2646
317 3435
317 1331
317 464
317 8
318 318
318 3052
318 2164
318 1252
318 414
318 1311
319 319
319 851
319 3303
319 1179
319 2560
319 3683
320 320
320 192
320 1293
320 3962
320 2252
320 1439
321 321
321 1724
321 221
321 2931
321 2706
321 2406
322 322
322 4011
322 957
322 1055
322 2437
322 414
323 323
323 2029
323 3467
323 2292
323 3515
323 3081
324 324
324 2210
324 378
324 650
324 991
324 2721
325 325
325 2347
325 1128
325 2171
325 2386
325 2790
326 326
326 2381
326 3139
326 1667
326 296
326 3077
327 327
327 3522
327 697
327 801
327 2306
327 3747
328 328
328 1250
328 833
328 3912
328 1640
328 1105
329 329
329 3562
329 3532
329 3887
329 3118
329 1792
330 330
330 2850
330 2637
330 3163
330 856
330 3960
331 331
331 1548
331 1205
331 217
331 2152
331 2284
332 332
332 580
332 3552
332 8
332 294
332 338
333 333
333 3678
333 3543
333 378
333 2721
333 3556
334 334
334 634
334 1549
334 984
334 177
334 3470
335 335
335 378
335 2721
335 3612
335 8
335 294
336 336
336 618
336 875
336 1299
336 2190
336 2292
337 337
337 3705
337 1818
337 3556
337 3975
337 3990
338 8
338 294
338 338
338 387
338 557
338 773
339 339
339 100
339 1902
339 3869
339 2898
339 109
340 340
340 2825
340 8
340 294
340 338
340 387
341 341
341 2667
341 3202
341 3868
341 414
341 1626
342 342
342 3178
342 665
342 3258
342 2276
342 1179
343 343
343 1831
343 2560
343 3683
343 8
343 294
344 344
344 1530
344 2547
344 468
344 1713
344 1723
345 345
345 650
345 991
345 3937
345 8
345 179
346 346
346 1588
346 1027
346 261
346 801
346 1289
347 347
347 1964
347 44
347 1786
347 3626
347 126
348 348
348 2306
348 8
348 188
348 294
348 338
349 349
349 3113
349 4020
349 41
349 580
349 1211
350 350
350 2658
350 3077
350 169
350 650
350 991
351 351
351 2523
351 741
351 1020
351 2198
351 3318
352 352
352 2312
352 575
352 593
352 2726
352 3119
353 353
353 3056
353 650
353 991
353 8
353 294
354 354
354 2386
354 2790
354 8
354 294
354 338
355 355
355 3557
355 8
355 294
355 338
355 387
356 356
356 2820
356 3055
356 4002
356 2118
356 1850
357 357
357 2610
357 1675
357 2746
357 2142
357 2386
358 358
358 858
358 947
358 657
358 1983
358 2722
359 359
359 1831
359 2975
359 8
359 294
359 338
360 360
360 802
360 2271
360 2566
360 1692
360 1353
361 361
361 88
361 444
361 3497
361 91
361 93
362 362
362 2969
362 2984
362 2401
362 1661
362 3318
363 363
363 586
363 8
363 294
363 338
363 387
364 364
364 2028
364 3040
364 3305
364 2083
364 2276
365 365
365 1974
365 2210
365 378
365 2721
365 2914
366 366
366 1321
366 2355
366 8
366 294
366 338
367 367
367 981
367 3239
367 3925
367 553
367 1390
368 368
368 2469
368 1721
368 3655
368 72
368 588
369 369
369 820
369 3024
369 3629
369 830
369 3889
370 370
370 3122
370 3990
370 650
370 991
370 2560
371 371
371 3296
371 3615
371 3959
371 822
371 1025
372 372
372 1982
372 1456
372 1899
372 2204
372 2355
373 373
373 3893
373 2406
373 3085
373 3258
373 3325
374 374
374 625
374 1988
374 296
374 1920
374 179
375 375
375 3877
375 573
375 3497
375 4033
375 378
376 376
376 1739
376 2601
376 1774
376 3008
376 1877
377 377
377 2465
377 3526
377 365
377 822
377 2027
378 378
378 2721
378 3612
378 8
378 294
378 335
379 379
379 2520
379 3294
379 134
379 2845
379 875
380 380
380 1126
380 1353
380 1404
380 1661
380 2406
381 381
381 989
381 1831
381 2221
381 2496
381 2958
382 382
382 624
382 875
382 1299
382 1688
382 2190
383 383
383 1895
383 1684
383 635
383 8
383 294
384 384
384 2073
384 624
384 875
384 1292
384 1299
385 385
385 2813
385 1647
385 3842
385 3102
385 3498
386 386
386 3288
386 2887
386 592
386 3056
386 8
387 8
387 294
387 338
387 387
387 557
387 773
388 388
388 1789
388 755
388 1472
388 2542
388 2748
389 389
389 3725
389 2412
389 2121
389 1908
389 150
390 390
390 1467
390 2091
390 2431
390 961
390 1055
391 391
391 96
391 3117
391 3419
391 2132
391 1509
392 392
392 736
392 4002
392 1466
392 3742
392 2681
393 393
393 683
393 2913
393 3455
393 1006
393 1777
394 394
394 3816
394 3253
394 877
394 3199
394 739
395 395
395 3841
395 534
395 1698
395 2093
395 3661
396 396
396 2762
396 67
396 3295
396 3642
396 109
397 397
397 179
397 62
397 296
397 533
397 813
398 398
398 784
398 1135
398 1706
398 1306
398 3482
399 399
399 801
399 3747
399 650
399 991
399 1289
400 400
400 2110
400 3453
400 989
400 1047
400 2221
401 401
401 61
401 366
401 3135
401 3493
401 950
402 402
402 8
402 294
402 338
402 387
402 557
403 403
403 1184
403 751
403 470
403 177
403 2795
404 404
404 701
404 3897
404 3804
404 1519
404 2440
405 405
405 1846
405 3484
405 3508
405 559
405 4013
406 406
406 3016
406 1611
406 3202
406 3480
406 3868
407 407
407 1321
407 8
407 294
407 338
407 366
408 408
408 2252
408 1211
408 1325
408 1661
408 2180
409 409
409 8
409 294
409 338
409 387
409 557
410 410
410 414
410 1909
410 1970
410 2883
410 144
411 411
411 8
411 294
411 338
411 387
411 520
412 412
412 3930
412 727
412 1630
412 3266
412 3826
413 413
413 553
413 3925
413 3872
413 1353
413 1404
414 414
414 2252
414 914
414 1211
414 1325
414 2180
415 415
415 1623
415 987
415 3728
415 1535
415 2352
416 416
416 3125
416 2260
416 3462
416 197
416 276
417 417
417 1515
417 2416
417 2579
417 875
417 1299
418 418
418 1303
418 1667
418 378
418 1211
418 2180
419 419
419 2837
419 2567
419 2528
419 3529
419 3858
420 420
420 2066
420 1455
420 3810
420 2935
420 971
421 421
421 2829
421 137
421 3077
421 650
421 991
422 422
422 876
422 1153
422 1215
422 2846
422 2914
423 423
423 3823
423 571
423 1496
423 2454
423 2893
424 424
424 1017
424 2272
424 2808
424 2858
424 1179
425 425
425 743
425 381
425 2780
425 2934
425 2496
426 426
426 2286
426 1627
426 2131
426 130
426 596
427 427
427 1738
427 3500
427 3094
427 179
427 104
428 428
428 650
428 991
428 1353
428 1404
428 7
429 429
429 1032
429 707
429 3557
429 1179
429 8
430 430
430 1503
430 1174
430 2753
430 1157
430 3542
431 431
431 894
431 2284
431 1831
431 8
431 294
432 432
432 1456
432 8
432 188
432 294
432 338
433 433
433 1977
433 170
433 1211
433 2120
433 2180
434 434
434 559
434 2936
434 2896
434 813
434 2317
435 435
435 3759
435 4020
435 312
435 1289
435 1392
436 436
436 3366
436 176
436 3175
436 2862
436 2077
437 437
437 2720
437 1832
437 1498
437 2970
437 451
438 438
438 1292
438 1353
438 1404
438 3641
438 8
439 439
439 1092
439 2912
439 2159
439 3512
439 512
440 440
440 3702
440 3082
440 589
440 730
440 3807
441 441
441 3124
441 806
441 596
441 3880
441 149
442 442
442 2914
442 2991
442 8
442 294
442 338
443 443
443 1382
443 1703
443 148
443 1587
443 3854
444 444
444 2796
444 93
444 91
444 2449
444 1456
445 445
445 459
445 2845
445 2434
445 2652
445 3318
446 446
446 1341
446 1768
446 2601
446 3126
446 3306
447 447
447 4026
447 3475
447 2194
447 3745
447 1040
448 448
448 111
448 1215
448 2912
448 1303
448 1733
449 449
449 580
449 8
449 294
449 338
449 387
450 450
450 768
450 2560
450 3683
450 343
450 704
451 451
451 2310
451 2720
451 1832
451 1885
451 1313
452 452
452 451
452 2720
452 2310
452 3960
452 437
453 453
453 527
453 3965
453 1138
453 8
453 294
454 454
454 2037
454 652
454 2870
454 2917
454 3271
455 455
455 650
455 801
455 991
455 1289
455 1353
456 456
456 729
456 1767
456 1980
456 2252
456 2295
457 457
457 593
457 575
457 537
457 828
457 2170
458 458
458 8
458 294
458 338
458 387
458 557
459 459
459 2652
459 1819
459 179
459 62
459 533
460 460
460 468
460 490
460 875
460 1299
460 1321
461 461
461 270
461 3019
461 2510
461 2287
461 465
462 462
462 586
462 609
462 1723
462 893
462 3322
463 463
463 8
463 294
463 338
463 387
463 557
464 464
464 317
464 2646
464 3435
464 1331
464 3399
465 465
465 1203
465 2693
465 3719
465 4054
465 575
466 466
466 1193
466 3644
466 634
466 177
466 3470
467 467
467 989
467 1047
467 1211
467 2180
467 2221
468 468
468 8
468 294
468 338
468 387
468 557
469 469
469 2131
469 40
469 1854
469 1912
469 2249
470 470
470 1184
470 751
470 403
470 2795
470 177
471 471
471 1321
471 8
471 294
471 338
471 366
472 472
472 2250
472 1120
472 468
472 989
472 1017
473 473
473 370
473 624
473 2912
473 458
473 1028
474 474
474 1409
474 2033
474 3488
474 312
474 1461
475 475
475 3959
475 3190
475 1153
475 2317
475 2923
476 476
476 3873
476 3061
476 3117
476 391
476 495
477 477
477 3386
477 2490
477 1108
477 3878
477 726
478 478
478 2779
478 3258
478 8
478 294
478 338
479 479
479 246
479 3508
479 405
479 1846
479 493
480 480
480 378
480 1667
480 2210
480 2721
480 3543
481 481
481 3281
481 3991
481 1066
481 2479
481 2864
482 482
482 1856
482 707
482 2437
482 3990
482 144
483 483
483 3013
483 875
483 1299
483 2190
483 1179
484 484
484 593
484 2882
484 3220
484 569
484 575
485 485
485 1136
485 1316
485 1700
485 2556
485 3398
486 486
486 527
486 1035
486 2825
486 3965
486 8
487 487
487 1778
487 552
487 3574
487 1656
487 816
488 488
488 529
488 3178
488 3937
488 790
488 8
489 489
489 1110
489 3581
489 319
489 733
489 851
490 490
490 2845
490 8
490 294
490 338
490 387
491 491
491 663
491 1875
491 2665
491 3856
491 1197
492 492
492 158
492 585
492 3094
492 876
492 1153
493 493
493 1886
493 1990
493 502
493 28
493 3419
494 494
494 2880
494 3422
494 2560
494 3683
494 1022
495 495
495 2597
495 315
495 2870
495 209
495 2041
496 496
496 1936
496 620
496 1836
496 2909
496 3806
497 497
497 468
497 1393
497 1889
497 1179
497 8
498 498
498 92
498 319
498 650
498 801
498 840
499 499
499 1070
499 1097
499 1204
499 3085
499 8
500 500
500 3867
500 3364
500 3620
500 408
500 1614
501 501
501 8
501 294
501 338
501 387
501 557
502 502
502 1990
502 681
502 3419
502 1567
502 1509
503 503
503 1353
503 1404
503 1179
503 8
503 294
504 504
504 875
504 1299
504 1688
504 2190
504 8
505 505
505 1224
505 3000
505 312
505 2612
505 3258
506 506
506 959
506 8
506 294
506 338
506 387
507 507
507 2708
507 3982
507 1850
507 3055
507 2820
508 508
508 875
508 1299
508 2190
508 3258
508 8
509 509
509 1766
509 704
509 2004
509 2075
509 2252
510 510
510 378
510 2721
510 3612
510 8
510 294
511 511
511 3373
511 2642
511 2098
511 1839
511 1308
512 512
512 2073
512 2159
512 3512
512 41
512 384
513 513
513 179
513 1479
513 1541
513 62
513 92
514 514
514 3824
514 2560
514 3683
514 1128
514 8
515 515
515 2779
515 8
515 294
515 338
515 387
516 516
516 89
516 3836
516 875
516 1299
516 1831
517 517
517 1516
517 1123
517 8
517 294
517 338
518 518
518 988
518 1298
518 343
518 319
518 1831
519 519
519 875
519 1299
519 1723
519 2190
519 2248
520 520
520 8
520 294
520 338
520 387
520 557
521 521
521 2151
521 604
521 1393
521 1412
521 2601
522 522
522 302
522 1738
522 3094
522 2256
522 2361
523 523
523 3131
523 41
523 650
523 989
523 991
524 524
524 2083
524 286
524 378
524 527
524 2276
525 525
525 696
525 1777
525 1289
525 1392
525 1478
526 526
526 875
526 1299
526 2190
526 8
526 134
527 527
527 3965
527 8
527 294
527 338
527 387
528 528
528 2054
528 2159
528 3512
528 968
528 1734
529 529
529 3178
529 3937
529 8
529 179
529 294
530 530
530 2451
530 2601
530 3040
530 286
530 378
531 531
531 1363
531 1353
531 1404
531 994
531 8
532 532
532 781
532 1403
532 1413
532 2152
532 319
533 533
533 179
533 62
533 296
533 397
533 813
534 534
534 2201
534 2326
534 700
534 2845
534 1353
535 535
535 1353
535 1404
535 1179
535 8
535 104
536 536
536 8
536 294
536 338
536 387
536 557
537 537
537 828
537 2170
537 8
537 294
537 338
538 538
538 1179
538 8
538 294
538 338
538 387
539 539
539 2506
539 540
539 583
539 1786
539 875
540 540
540 2869
540 539
540 575
540 875
540 1299
541 541
541 1620
541 2737
541 152
541 1414
541 1270
542 542
542 3915
542 2892
542 3256
542 28
542 3274
543 543
543 3103
543 296
543 569
543 875
543 1204
544 544
544 580
544 959
544 1289
544 1392
544 1478
545 545
545 2287
545 2921
545 1811
545 270
545 3019
546 546
546 3888
546 1685
546 447
546 4026
546 3475
547 547
547 1643
547 3880
547 230
547 956
547 2976
548 548
548 3066
548 763
548 1006
548 1496
548 2454
549 549
549 2265
549 187
549 794
549 744
549 865
550 550
550 2236
550 65
550 650
550 991
550 1729
551 551
551 1165
551 1353
551 1404
551 2139
551 8
552 552
552 487
552 1778
552 1656
552 2599
552 816
553 553
553 413
553 3925
553 3872
553 650
553 991
554 554
554 1497
554 3719
554 1139
554 2388
554 3702
555 555
555 2274
555 2701
555 1759
555 821
555 2857
556 556
556 551
556 3188
556 41
556 1165
556 1321
557 8
557 294
557 338
557 387
557 557
557 773
558 558
558 1123
558 989
558 2221
558 3843
558 517
559 559
559 3437
559 1456
559 312
559 779
559 870
560 560
560 2587
560 2779
560 3049
560 3287
560 3671
561 561
561 989
561 1211
561 2180
561 2221
561 3134
562 562
562 3334
562 815
562 875
562 1299
562 1723
563 563
563 2470
563 3866
563 134
563 771
563 900
564 564
564 2977
564 3847
564 208
564 987
564 1006
565 565
565 296
565 3626
565 126
565 2927
565 179
566 566
566 2425
566 2306
566 1030
566 2035
566 438
567 567
567 38
567 115
567 1543
567 2616
567 92
568 568
568 650
568 991
568 2808
568 8
568 294
569 569
569 1211
569 2180
569 3134
569 8
569 294
570 570
570 2010
570 3203
570 92
570 623
570 902
571 571
571 8
571 294
571 338
571 387
571 520
572 572
572 2305
572 3786
572 729
572 2252
572 3245
573 573
573 3497
573 375
573 3877
573 4033
573 1211
574 574
574 3351
574 261
574 1393
574 1889
574 2512
575 575
575 593
575 2726
575 854
575 875
575 1299
576 576
576 618
576 650
576 989
576 991
576 2191
577 577
577 1183
577 918
577 3975
577 397
577 1232
578 578
578 3023
578 3642
578 527
578 1289
578 1392
579 579
579 1456
579 1889
579 2825
579 3325
579 8
580 580
580 8
580 294
580 338
580 387
580 557
581 581
581 3509
581 2658
581 3990
581 370
581 650
582 582
582 1963
582 2078
582 2464
582 1013
582 2342
583 583
583 875
583 1299
583 2190
583 8
583 134
584 584
584 1357
584 3111
584 65
584 583
584 1786
585 585
585 158
585 492
585 1604
585 144
585 335
586 586
586 8
586 294
586 338
586 387
586 557
587 587
587 3048
587 1814
587 1023
587 1670
587 2863
588 588
588 1107
588 36
588 4005
588 3410
588 1711
589 589
589 3807
589 3702
589 1178
589 1537
589 3308
590 590
590 2622
590 179
590 692
590 3443
590 3872
591 591
591 2381
591 326
591 248
591 2530
591 230
592 592
592 8
592 294
592 338
592 387
592 557
593 593
593 575
593 537
593 828
593 2170
593 8
594 594
594 527
594 3965
594 8
594 294
594 338
595 595
595 1350
595 2246
595 2239
595 949
595 573
596 596
596 989
596 2221
596 3303
596 3880
596 2496
597 597
597 2233
597 3688
597 2701
597 2580
597 3307
598 598
598 2802
598 2022
598 2423
598 822
598 3316
599 599
599 3031
599 1419
599 1661
599 2975
599 8
600 600
600 438
600 1030
600 1353
600 1404
600 2306
601 601
601 2683
601 8
601 294
601 338
601 387
602 602
602 3943
602 414
602 2191
602 3258
602 1179
603 603
603 2387
603 760
603 1190
603 8
603 41
604 604
604 1412
604 1136
604 1316
604 1700
604 2556
605 605
605 989
605 2221
605 2496
605 2958
605 8
606 606
606 2985
606 1857
606 2143
606 3285
606 2631
607 607
607 1051
607 1136
607 1316
607 1700
607 2556
608 608
608 2073
608 2537
608 2644
608 3216
608 3626
609 609
609 378
609 2721
609 3612
609 8
609 294
610 610
610 3122
610 4040
610 2560
610 3683
610 370
611 611
611 428
611 2032
611 2188
611 92
611 113
612 612
612 2018
612 846
612 428
612 2188
612 650
613 613
613 1562
613 3225
613 1865
613 642
613 2913
614 614
614 2518
614 3436
614 668
614 365
614 714
615 615
615 2239
615 2951
615 2724
615 2246
615 2575
616 616
616 8
616 294
616 338
616 387
616 557
617 617
617 1559
617 982
617 296
617 179
617 520
618 618
618 989
618 2221
618 3258
618 2496
618 2958
619 619
619 3339
619 3122
619 2560
619 3683
619 370
620 620
620 1936
620 2909
620 3806
620 496
620 1585
621 621
621 2101
621 1134
621 428
621 1353
621 1404
622 622
622 1027
622 2241
622 261
622 490
622 650
623 623
623 8
623 294
623 338
623 387
623 557
624 624
624 1028
624 2073
624 384
624 875
624 1299
625 625
625 374
625 1988
625 3969
625 296
625 1682
626 626
626 1786
626 483
626 62
626 157
626 237
627 627
627 1479
627 296
627 3273
627 104
627 179
628 628
628 1197
628 569
628 1211
628 1289
628 1392
629 629
629 41
629 378
629 2005
629 2721
629 2846
630 630
630 1336
630 2004
630 3077
630 4014
630 3123
631 631
631 66
631 310
631 635
631 1482
631 1786
632 632
632 3577
632 27
632 1786
632 801
632 1777
633 633
633 2210
633 365
633 378
633 2483
633 2721
634 634
634 1829
634 3576
634 177
634 3470
634 2173
635 635
635 2483
635 7
635 8
635 294
635 338
636 636
636 3637
636 888
636 2857
636 1310
636 2049
637 273
637 637
637 378
637 2707
637 2721
637 3612
638 638
638 1496
638 2454
638 3320
638 8
638 294
639 639
639 874
639 1939
639 1573
639 1670
639 2103
640 640
640 1165
640 2139
640 8
640 294
640 338
641 641
641 1693
641 2292
641 2414
641 111
641 291
642 642
642 8
642 294
642 338
642 387
642 557
643 643
643 296
643 179
643 961
643 1781
643 62
644 644
644 3604
644 61
644 401
644 44
644 1632
645 645
645 480
645 2210
645 3543
645 1667
645 2883
646 646
646 910
646 2889
646 3161
646 1022
646 2252
647 647
647 658
647 402
647 650
647 991
647 1307
648 648
648 2213
648 666
648 577
648 1462
648 3380
649 649
649 3077
649 92
649 130
649 319
649 650
650 650
650 991
650 8
650 294
650 338
650 387
651 651
651 1553
651 551
651 1952
651 1353
651 1404
652 652
652 2037
652 454
652 3089
652 2870
652 5
653 653
653 170
653 468
653 1030
653 1126
653 1211
654 654
654 8
654 294
654 338
654 387
654 557
655 655
655 2963
655 1777
655 3113
655 914
655 1289
656 656
656 2410
656 2545
656 3119
656 378
656 609
657 657
657 358
657 858
657 1983
657 2722
657 947
658 658
658 1163
658 2929
658 3056
658 1136
658 1316
659 659
659 354
659 650
659 959
659 991
659 8
660 660
660 2036
660 2248
660 179
660 2661
660 1443
661 661
661 1475
661 3033
661 1136
661 1316
661 1700
662 662
662 989
662 1889
662 2221
662 3178
662 2496
663 663
663 491
663 1875
663 2665
663 3856
663 1460
664 664
664 593
664 575
664 1289
664 1392
664 1478
665 665
665 8
665 294
665 338
665 387
665 557
666 666
666 2213
666 648
666 1462
666 2908
666 577
667 667
667 537
667 828
667 2170
667 8
667 294
668 668
668 614
668 170
668 378
668 527
668 714
669 669
669 2250
669 3091
669 472
669 551
669 638
670 670
670 1460
670 1456
670 1179
670 8
670 294
671 671
671 3056
671 568
671 650
671 991
671 3192
672 672
672 2500
672 437
672 1832
672 1498
672 2970
673 673
673 81
673 1775
673 2808
673 3178
673 8
674 674
674 2294
674 1534
674 3024
674 1746
674 2491
675 675
675 161
675 1268
675 46
675 2475
675 335
676 676
676 2959
676 2326
676 1289
676 1392
676 1478
677 677
677 3975
677 650
677 991
677 3674
677 8
678 678
678 3966
678 8
678 294
678 338
678 387
679 679
679 3354
679 1027
679 2930
679 4020
679 4036
680 680
680 1484
680 2515
680 92
680 1197
680 1460
681 681
681 3274
681 1522
681 1604
681 1982
681 2204
682 682
682 438
682 1353
682 1404
682 7
682 8
683 683
683 3455
683 8
683 294
683 338
683 387
684 684
684 2208
684 3820
684 588
684 36
684 1107
685 685
685 1249
685 3647
685 3898
685 704
685 3077
686 686
686 8
686 294
686 338
686 387
686 557
687 687
687 8
687 188
687 294
687 338
687 387
688 688
688 1228
688 2432
688 200
688 652
688 2037
689 689
689 3433
689 1303
689 1604
689 3543
689 111
690 690
690 2487
690 1836
690 1047
690 1936
690 1171
691 691
691 1352
691 1136
691 1316
691 1700
691 2556
692 692
692 875
692 1299
692 2190
692 8
692 134
693 693
693 1328
693 2091
693 296
693 397
693 1467
694 694
694 1659
694 186
694 3626
694 126
694 875
695 695
695 2914
695 2991
695 3325
695 8
695 294
696 696
696 525
696 3204
696 593
696 1777
696 3849
697 697
697 2241
697 2306
697 3113
697 801
697 2789
698 698
698 893
698 3322
698 1723
698 3642
698 1456
699 699
699 3053
699 2496
699 2958
699 989
699 1047
700 700
700 3975
700 650
700 991
700 2326
700 2914
701 701
701 3113
701 1289
701 1392
701 1478
701 1661
702 702
702 875
702 1299
702 2190
702 2276
702 2643
703 703
703 468
703 914
703 3258
703 8
703 294
704 704
704 2252
704 3077
704 3122
704 370
704 650
705 705
705 2777
705 2800
705 3476
705 1289
705 1392
706 706
706 161
706 3119
706 363
706 365
706 378
707 707
707 8
707 294
707 338
707 387
707 557
708 708
708 1190
708 1211
708 1321
708 2180
708 2441
709 709
709 2846
709 3049
709 8
709 294
709 338
710 710
710 3597
710 1166
710 4048
710 2672
710 1415
711 711
711 1490
711 179
711 3560
711 3588
711 3674
712 712
712 969
712 1039
712 365
712 700
712 2063
713 713
713 266
713 989
713 1211
713 2180
713 2221
714 714
714 2210
714 378
714 1321
714 2721
714 2914
715 715
715 2129
715 4030
715 1584
715 1215
715 2156
716 716
716 1265
716 422
716 876
716 3866
716 1872
717 717
717 1572
717 1125
717 1604
717 111
717 1215
718 718
718 202
718 1289
718 1392
718 1478
718 1179
719 719
719 1806
719 2065
719 3079
719 740
719 1956
720 720
720 1496
720 2454
720 3320
720 8
720 294
721 721
721 2955
721 917
721 2641
721 3441
721 979
722 722
722 2656
722 1945
722 801
722 1496
722 2454
723 723
723 3465
723 2772
723 3569
723 3568
723 3946
724 724
724 2700
724 1460
724 157
724 718
724 769
725 725
725 2334
725 1263
725 92
725 179
725 813
726 726
726 3878
726 2796
726 91
726 444
726 93
727 727
727 3930
727 412
727 1630
727 3266
727 3826
728 728
728 2398
728 2001
728 2685
728 8
728 294
729 729
729 2252
729 319
729 851
729 1211
729 1325
730 730
730 3082
730 3076
730 1767
730 2295
730 310
731 731
731 8
731 294
731 338
731 387
731 557
732 732
732 3292
732 2252
732 2560
732 3202
732 3683
733 733
733 995
733 2810
733 8
733 290
733 294
734 734
734 2084
734 1561
734 2
734 2496
734 2958
735 735
735 109
735 208
735 801
735 1289
735 1392
736 736
736 1466
736 392
736 4002
736 3854
736 3742
737 737
737 3415
737 3514
737 2920
737 1622
737 3831
738 738
738 1781
738 92
738 157
738 650
738 875
739 739
739 877
739 3381
739 2911
739 3199
739 1889
740 740
740 3835
740 875
740 1299
740 1831
740 2190
741 741
741 351
741 2523
741 1020
741 2198
741 170
742 742
742 3781
742 365
742 1815
742 2210
742 3119
743 743
743 1697
743 2613
743 729
743 1211
743 2180
744 744
744 886
744 23
744 2265
744 3188
744 549
745 745
745 2562
745 3463
745 3693
745 3568
745 3946
746 746
746 1129
746 111
746 248
746 296
746 1047
747 747
747 580
747 8
747 294
747 338
747 387
748 748
748 4042
748 1752
748 414
748 509
748 2252
749 749
749 2405
749 312
749 527
749 1775
749 2612
750 750
750 2870
750 3271
750 3397
750 303
750 2160
751 751
751 1184
751 403
751 470
751 177
751 2795
752 752
752 4002
752 3982
752 507
752 356
752 392
753 753
753 386
753 3288
753 592
753 3056
753 2601
754 754
754 414
754 1752
754 310
754 1614
754 2252
755 755
755 8
755 294
755 338
755 387
755 557
756 756
756 3263
756 2730
756 79
756 1793
756 595
757 757
757 1021
757 2309
757 3151
757 1808
757 3206
758 758
758 378
758 2721
758 2740
758 3556
758 3612
759 759
759 1474
759 497
759 1541
759 92
759 296
760 760
760 1292
760 2503
760 3641
760 8
760 294
761 761
761 170
761 875
761 1299
761 2190
761 8
762 762
762 1211
762 2180
762 2846
762 3069
762 3134
763 763
763 1857
763 548
763 1777
763 1437
763 2483
764 764
764 790
764 468
764 1321
764 3937
764 8
765 765
765 2230
765 2386
765 2538
765 2790
765 3258
766 766
766 2383
766 2377
766 179
766 533
766 3658
767 767
767 4050
767 2496
767 2958
767 989
767 2221
768 768
768 450
768 3282
768 3710
768 94
768 1969
769 769
769 8
769 294
769 338
769 387
769 557
770 770
770 3167
770 899
770 3808
770 48
770 104
771 771
771 8
771 134
771 188
771 294
771 338
772 772
772 2032
772 875
772 1299
772 2190
772 8
773 8
773 294
773 338
773 387
773 557
773 773
774 774
774 1485
774 2653
774 2683
774 8
774 294
775 775
775 3021
775 839
775 3762
775 2964
775 296
776 776
776 8
776 294
776 338
776 378
776 387
777 777
777 1719
777 2184
777 81
777 1541
777 2712
778 778
778 4022
778 2879
778 3638
778 3925
778 62
779 779
779 870
779 1975
779 8
779 294
779 338
780 780
780 4019
780 2900
780 947
780 858
780 209
781 781
781 1403
781 532
781 2104
781 442
781 2152
782 782
782 902
782 92
782 1017
782 1456
782 2241
783 783
783 169
783 65
783 186
783 1786
783 3990
784 784
784 3546
784 997
784 398
784 2085
784 1736
785 785
785 1808
785 3206
785 2309
785 3151
785 1321
786 786
786 365
786 650
786 991
786 2406
786 3178
787 787
787 1980
787 2252
787 2883
787 370
787 1017
788 788
788 2914
788 2991
788 8
788 294
788 338
789 789
789 4006
789 2013
789 1679
789 2256
789 876
790 790
790 764
790 468
790 8
790 294
790 338
791 791
791 2386
791 2790
791 8
791 294
791 338
792 792
792 289
792 1006
792 3214
792 1496
792 2454
793 793
793 1723
793 8
793 294
793 338
793 387
794 794
794 2265
794 549
794 187
794 865
794 744
795 795
795 165
795 3211
795 609
795 179
795 296
796 796
796 3227
796 2248
796 179
796 519
796 3872
797 797
797 1128
797 2104
797 3937
797 1136
797 1316
798 798
798 2971
798 2483
798 1179
798 7
798 8
799 799
799 3713
799 1940
799 1754
799 2342
799 2464
800 800
800 2740
800 1982
800 2485
800 154
800 378
801 801
801 3747
801 650
801 991
801 1289
801 1392
802 802
802 360
802 2566
802 2271
802 1692
802 1353
803 803
803 2749
803 2064
803 3761
803 1006
803 551
804 804
804 3645
804 179
804 3898
804 1443
804 2159
805 805
805 1378
805 1897
805 378
805 1115
805 2721
806 806
806 3124
806 441
806 2877
806 310
806 414
807 807
807 3539
807 2176
807 1764
807 201
807 2895
808 808
808 3739
808 2847
808 1196
808 3293
808 1327
809 809
809 1651
809 3164
809 822
809 875
809 1299
810 810
810 3262
810 646
810 910
810 2889
810 3161
811 811
811 179
811 2712
811 62
811 296
811 397
812 812
812 1289
812 1292
812 1392
812 1478
812 2914
813 813
813 179
813 62
813 296
813 397
813 533
814 814
814 866
814 3005
814 2823
814 646
814 910
815 815
815 3334
815 562
815 104
815 945
815 3839
816 816
816 1523
816 1439
816 2070
816 2257
816 2959
817 817
817 831
817 1450
817 277
817 3045
817 1940
818 818
818 1100
818 1934
818 2798
818 2929
818 691
819 819
819 1654
819 3785
819 618
819 3396
819 906
820 820
820 3629
820 369
820 2058
820 2525
820 48
821 821
821 1750
821 555
821 1759
821 1736
821 1306
822 822
822 3178
822 8
822 294
822 338
822 387
823 823
823 179
823 2073
823 3609
823 2159
823 3512
824 824
824 1067
824 3045
824 1728
824 1509
824 96
825 825
825 2183
825 732
825 3292
825 414
825 1869
826 826
826 2448
826 2200
826 989
826 1831
826 2221
827 827
827 3097
827 645
827 3893
827 104
827 4043
828 537
828 828
828 2170
828 8
828 294
828 338
829 829
829 3783
829 732
829 3292
829 414
829 1626
830 830
830 820
830 3629
830 2446
830 3992
830 1222
831 831
831 1450
831 2770
831 3419
831 1616
831 3045
832 832
832 2376
832 657
832 2863
832 445
832 947
833 833
833 1250
833 328
833 3912
833 1640
833 3332
834 834
834 1805
834 8
834 294
834 338
834 387
835 835
835 2537
835 2644
835 111
835 875
835 1299
836 162
836 836
836 2205
836 147
836 2560
836 3683
837 837
837 3369
837 1239
837 676
837 1493
837 3960
838 838
838 1986
838 1708
838 1052
838 3677
838 2152
839 839
839 3762
839 775
839 179
839 3021
839 296
840 840
840 733
840 995
840 1889
840 2810
840 8
841 841
841 312
841 1211
841 2180
841 2483
841 2612
842 842
842 81
842 875
842 1299
842 2190
842 2742
843 843
843 149
843 468
843 989
843 1292
843 2035
844 844
844 884
844 1844
844 1105
844 3770
844 2712
845 845
845 2777
845 284
845 2826
845 609
845 1153
846 846
846 1472
846 2627
846 1992
846 3243
846 650
847 847
847 468
847 857
847 1292
847 1321
847 2558
848 848
848 861
848 85
848 3664
848 2960
848 1139
849 849
849 3688
849 2447
849 2071
849 1270
849 3394
850 850
850 2447
850 1225
850 2071
850 3394
850 3716
851 851
851 319
851 733
851 995
851 2810
851 3719
852 852
852 2130
852 2564
852 3575
852 3708
852 2761
853 853
853 1275
853 551
853 1786
853 875
853 1165
854 854
854 575
854 593
854 2073
854 2726
854 2159
855 855
855 3060
855 1661
855 8
855 294
855 338
856 856
856 3163
856 2850
856 2637
856 1978
856 3836
857 857
857 468
857 847
857 1292
857 3641
857 8
858 858
858 358
858 657
858 1983
858 2908
858 2722
859 859
859 3429
859 571
859 8
859 294
859 338
860 860
860 729
860 2601
860 1211
860 1760
860 2180
861 861
861 848
861 1033
861 1766
861 2960
861 2675
862 862
862 1541
862 1781
862 3223
862 81
862 281
863 863
863 2292
863 319
863 422
863 468
863 957
864 864
864 1848
864 2817
864 1865
864 2306
864 1248
865 865
865 2265
865 187
865 549
865 794
865 744
866 866
866 3005
866 2823
866 814
866 646
866 910
867 867
867 98
867 1162
867 1905
867 2132
867 3117
868 868
868 2925
868 2449
868 2575
868 93
868 88
869 869
869 3050
869 3495
869 2483
869 7
869 8
870 779
870 870
870 1975
870 8
870 294
870 338
871 871
871 3406
871 3524
871 2127
871 2496
871 2958
872 872
872 296
872 62
872 179
872 533
872 583
873 873
873 2450
873 2793
873 2627
873 3517
873 3626
874 874
874 1573
874 639
874 3048
874 1939
874 2103
875 875
875 1299
875 2190
875 8
875 134
875 179
876 876
876 422
876 188
876 2210
876 3675
876 378
877 877
877 739
877 3199
877 8
877 294
877 338
878 878
878 1211
878 1713
878 2180
878 2406
878 2914
879 879
879 962
879 2435
879 1840
879 822
879 2601
880 880
880 3328
880 1128
880 1917
880 370
880 1822
881 881
881 3733
881 3028
881 3212
881 179
881 248
882 882
882 8
882 294
882 338
882 387
882 557
883 883
883 4046
883 3120
883 2090
883 3823
883 468
884 884
884 844
884 1105
884 1064
884 1467
884 2091
885 885
885 378
885 2721
885 3612
885 8
885 294
886 886
886 1357
886 3111
886 650
886 991
886 1353
887 887
887 731
887 2433
887 2876
887 2914
887 2991
888 888
888 2049
888 3229
888 2983
888 3637
888 1310
889 889
889 62
889 296
889 650
889 733
889 840
890 890
890 3301
890 1127
890 1650
890 1474
890 3919
891 891
891 1010
891 3642
891 130
891 1496
891 1889
892 892
892 2602
892 1055
892 2437
892 319
892 414
893 893
893 3322
893 1723
893 698
893 8
893 294
894 431
894 894
894 2284
894 1831
894 8
894 294
895 895
895 1289
895 1392
895 1478
895 2386
895 2790
896 896
896 1647
896 1672
896 1354
896 3488
896 2034
897 897
897 1192
897 1777
897 538
897 788
897 1289
898 898
898 378
898 2721
898 3612
898 8
898 294
899 899
899 2696
899 770
899 161
899 3167
899 3294
900 900
900 134
900 771
900 2073
900 384
900 624
901 901
901 1946
901 1550
901 2912
901 3570
901 2073
902 902
902 650
902 991
902 8
902 294
902 338
903 903
903 1711
903 259
903 36
903 588
903 1270
904 904
904 378
904 2721
904 3085
904 3612
904 8
905 905
905 1737
905 1015
905 1464
905 414
905 1766
906 906
906 3785
906 819
906 1654
906 1128
906 2560
907 907
907 1116
907 92
907 370
907 3990
907 2601
908 908
908 8
908 294
908 338
908 387
908 557
909 909
909 1828
909 2825
909 1179
909 8
909 294
910 646
910 910
910 2889
910 3161
910 1022
910 2252
911 911
911 1777
911 319
911 370
911 851
911 1024
912 912
912 3527
912 2423
912 2149
912 2291
912 3327
913 913
913 3663
913 1192
913 1831
913 2058
913 2406
914 914
914 3258
914 8
914 294
914 338
914 387
915 915
915 2471
915 174
915 169
915 718
915 902
916 916
916 3600
916 378
916 1667
916 2210
916 2721
917 917
917 3419
917 979
917 2239
917 209
917 2701
918 918
918 650
918 991
918 2845
918 8
918 294
919 919
919 1889
919 2386
919 2746
919 2790
919 8
920 8
920 294
920 338
920 387
920 557
920 773
921 921
921 2827
921 1815
921 2210
921 378
921 442
922 922
922 961
922 2775
922 650
922 875
922 918
923 923
923 1190
923 2825
923 8
923 294
923 338
924 924
924 3543
924 378
924 2721
924 3556
924 3612
925 925
925 3851
925 81
925 8
925 294
925 338
926 926
926 2804
926 3383
926 455
926 1197
926 2311
927 927
927 652
927 2037
927 2870
927 2917
927 3397
928 928
928 635
928 989
928 1165
928 2139
928 2221
929 929
929 1287
929 609
929 2230
929 2825
929 8
930 930
930 2047
930 538
930 3916
930 731
930 3588
931 931
931 126
931 1190
931 2601
931 2772
931 3569
932 932
932 1426
932 277
932 2662
932 476
932 1065
933 933
933 8
933 294
933 338
933 387
933 557
934 934
934 2271
934 1692
934 2742
934 312
934 1134
935 935
935 81
935 2845
935 3178
935 8
935 294
936 936
936 276
936 402
936 1353
936 1404
936 1419
937 937
937 1558
937 1843
937 1288
937 2767
937 3174
938 938
938 1794
938 2073
938 2159
938 3512
938 384
939 939
939 2404
939 2073
939 2159
939 3512
939 305
940 940
940 65
940 810
940 3479
940 3916
940 179
941 941
941 2445
941 162
941 836
941 319
941 2205
942 942
942 1017
942 1289
942 1392
942 1478
942 2272
943 943
943 1688
943 8
943 294
943 338
943 387
944 944
944 3735
944 2380
944 1997
944 650
944 991
945 945
945 1321
945 3303
945 8
945 294
945 338
946 946
946 2618
946 3231
946 1163
946 80
946 733
947 947
947 358
947 858
947 3594
947 2908
947 2900
948 948
948 3372
948 310
948 2252
948 2305
948 2560
949 949
949 2246
949 364
949 2028
949 1350
949 3135
950 950
950 144
950 312
950 501
950 527
950 1321
951 951
951 8
951 294
951 338
951 387
951 557
952 952
952 3242
952 134
952 296
952 875
952 1299
953 953
953 3461
953 2661
953 370
953 875
953 1299
954 954
954 1017
954 2272
954 2858
954 8
954 294
955 955
955 3260
955 1035
955 8
955 294
955 338
956 956
956 650
956 991
956 2191
956 8
956 230
957 957
957 2230
957 2276
957 2845
957 8
957 294
958 958
958 1197
958 1777
958 731
958 1289
958 1392
959 959
959 8
959 294
959 338
959 387
959 557
960 960
960 2636
960 2396
960 2168
960 2601
960 3626
961 961
961 875
961 1299
961 2190
961 1136
961 1316
962 962
962 879
962 179
962 2537
962 3872
962 50
963 963
963 3910
963 81
963 875
963 1299
963 2190
964 964
964 8
964 294
964 338
964 387
964 557
965 965
965 3937
965 1179
965 8
965 179
965 294
966 966
966 1290
966 3503
966 3418
966 2359
966 2188
967 967
967 2081
967 146
967 822
967 2177
967 650
968 968
968 1734
968 3284
968 2159
968 2912
968 3512
969 969
969 1039
969 3533
969 1759
969 2279
969 2274
970 970
970 62
970 875
970 1204
970 1299
970 2190
971 971
971 1345
971 1041
971 420
971 1455
971 3810
972 972
972 179
972 1479
972 2655
972 3805
972 3920
973 973
973 597
973 3625
973 2701
973 3688
973 2233
974 974
974 3969
974 374
974 625
974 1988
974 1541
975 975
975 11
975 2404
975 939
975 2073
975 2537
976 976
976 3665
976 2548
976 2951
976 750
976 1567
977 977
977 421
977 137
977 2829
977 3990
977 650
978 978
978 1338
978 1970
978 3719
978 2560
978 3683
979 979
979 3441
979 917
979 277
979 3745
979 2194
980 980
980 1953
980 1407
980 2723
980 3161
980 1824
981 981
981 3239
981 3631
981 3925
981 2648
981 3056
982 982
982 1386
982 617
982 3925
982 520
982 2996
983 983
983 1614
983 2252
983 569
983 605
983 989
984 984
984 2282
984 1549
984 334
984 2175
984 441
985 985
985 1132
985 2311
985 2934
985 3141
985 41
986 986
986 3233
986 1741
986 3878
986 957
986 4043
987 987
987 208
987 1496
987 2352
987 2454
987 3320
988 518
988 988
988 1298
988 343
988 319
988 1831
989 989
989 2221
989 2496
989 2958
989 8
989 294
990 990
990 3010
990 1251
990 1678
990 91
990 361
991 650
991 991
991 8
991 294
991 338
991 387
992 992
992 3363
992 1951
992 3987
992 1460
992 3658
993 993
993 1091
993 3321
993 1849
993 7
993 3750
994 994
994 531
994 1363
994 3318
994 2451
994 1353
995 733
995 995
995 2810
995 8
995 290
995 294
996 996
996 8
996 294
996 338
996 387
996 557
997 997
997 3254
997 784
997 2085
997 2674
997 3995
998 998
998 2483
998 7
998 8
998 294
998 338
999 999
999 2143
999 312
999 1321
999 1496
999 1889
1000 1000
1000 323
1000 1013
1000 2464
1000 2925
1000 2029
1001 1001
1001 2111
1001 8
1001 294
1001 338
1001 387
1002 1002
1002 2008
1002 3085
1002 8
1002 294
1002 338
1003 1003
1003 3939
1003 119
1003 517
1003 650
1003 918
1004 1004
1004 340
1004 2707
1004 2825
1004 8
1004 294
1005 1005
1005 1872
1005 2906
1005 3171
1005 1265
1005 716
1006 1006
1006 1496
1006 2454
1006 3320
1006 3444
1006 8
1007 1007
1007 350
1007 1849
1007 1211
1007 2180
1007 2483
1008 1008
1008 3087
1008 414
1008 825
1008 3387
1008 704
1009 1009
1009 4006
1009 876
1009 3448
1009 319
1009 609
1010 1010
1010 1889
1010 3303
1010 8
1010 294
1010 338
1011 1011
1011 378
1011 2721
1011 3612
1011 3774
1011 0
1012 1012
1012 3749
1012 1556
1012 288
1012 44
1012 1967
1013 1013
1013 2464
1013 3713
1013 1980
1013 2252
1013 2883
1014 1014
1014 41
1014 1831
1014 2005
1014 8
1014 294
1015 1015
1015 905
1015 1737
1015 414
1015 310
1015 2252
1016 1016
1016 1609
1016 1903
1016 2526
1016 2578
1016 3208
1017 1017
1017 2272
1017 2858
1017 8
1017 294
1017 338
1018 1018
1018 65
1018 1482
1018 1786
1018 1849
1018 2794
1019 1019
1019 2903
1019 2560
1019 2845
1019 3683
1019 8
1020 1020
1020 2198
1020 989
1020 2221
1020 2496
1020 2958
1021 757
1021 1021
1021 2309
1021 3151
1021 1808
1021 3206
1022 1022
1022 2252
1022 1211
1022 1325
1022 2152
1022 2180
1023 1023
1023 3207
1023 1876
1023 2248
1023 3920
1023 587
1024 1024
1024 378
1024 1289
1024 1392
1024 1478
1024 2721
1025 1025
1025 2779
1025 8
1025 294
1025 338
1025 387
1026 1026
1026 1211
1026 2180
1026 3134
1026 3178
1026 8
1027 1027
1027 1496
1027 2454
1027 3320
1027 8
1027 294
1028 1028
1028 624
1028 2073
1028 384
1028 875
1028 1299
1029 1029
1029 92
1029 3548
1029 596
1029 1197
1029 2016
1030 1030
1030 1353
1030 1404
1030 2914
1030 2991
1030 8
1031 1031
1031 2232
1031 135
1031 782
1031 935
1031 822
1032 1032
1032 429
1032 635
1032 707
1032 2550
1032 3141
1033 1033
1033 861
1033 1041
1033 848
1033 420
1033 971
1034 1034
1034 2462
1034 134
1034 2210
1034 3543
1034 3626
1035 1035
1035 8
1035 294
1035 338
1035 387
1035 557
1036 1036
1036 471
1036 586
1036 1321
1036 1496
1036 2156
1037 1037
1037 2341
1037 2435
1037 1840
1037 3919
1037 414
1038 1038
1038 650
1038 801
1038 991
1038 1289
1038 1353
1039 1039
1039 3533
1039 3716
1039 2279
1039 969
1039 1759
1040 1040
1040 2194
1040 396
1040 2762
1040 3475
1040 3419
1041 1041
1041 971
1041 1345
1041 420
1041 1455
1041 3810
1042 1042
1042 1264
1042 1282
1042 1693
1042 3212
1042 4031
1043 1043
1043 1448
1043 1385
1043 2135
1043 2615
1043 2914
1044 1044
1044 2960
1044 3131
1044 3226
1044 3332
1044 319
1045 1045
1045 312
1045 402
1045 468
1045 1158
1045 1289
1046 1046
1046 3716
1046 1039
1046 969
1046 555
1046 3394
1047 1047
1047 989
1047 2221
1047 2846
1047 1179
1047 2496
1048 1048
1048 437
1048 2970
1048 1832
1048 1885
1048 1498
1049 1049
1049 2152
1049 414
1049 704
1049 729
1049 1852
1050 1050
1050 1303
1050 378
1050 758
1050 2721
1050 2825
1051 1051
1051 607
1051 1002
1051 2008
1051 3897
1051 1136
1052 1052
1052 3578
1052 2152
1052 2339
1052 572
1052 1917
1053 1053
1053 2147
1053 1604
1053 2485
1053 3274
1053 40
1054 1054
1054 1348
1054 2174
1054 704
1054 1693
1054 1781
1055 1055
1055 2437
1055 378
1055 650
1055 991
1055 2721
1056 1056
1056 1321
1056 2914
1056 2991
1056 3178
1056 8
1057 1057
1057 109
1057 208
1057 41
1057 1496
1057 2005
1058 1058
1058 2841
1058 1889
1058 2794
1058 8
1058 294
1059 1059
1059 313
1059 1931
1059 3126
1059 3306
1059 583
1060 1060
1060 2406
1060 8
1060 179
1060 294
1060 338
1061 1061
1061 8
1061 294
1061 338
1061 387
1061 557
1062 1062
1062 733
1062 995
1062 2810
1062 8
1062 290
1063 1063
1063 3200
1063 2560
1063 3683
1063 154
1063 291
1064 1064
1064 208
1064 1353
1064 1404
1064 1688
1064 1743
1065 1065
1065 2807
1065 313
1065 277
1065 932
1065 3256
1066 1066
1066 2649
1066 3281
1066 481
1066 110
1066 2479
1067 1067
1067 824
1067 1509
1067 1757
1067 3419
1067 391
1068 1068
1068 1460
1068 92
1068 538
1068 650
1068 991
1069 1069
1069 1696
1069 104
1069 2661
1069 538
1069 875
1070 1070
1070 3085
1070 8
1070 294
1070 338
1070 387
1071 1071
1071 3419
1071 1732
1071 163
1071 2093
1071 1509
1072 1072
1072 3421
1072 1919
1072 593
1072 130
1072 1055
1073 1073
1073 593
1073 575
1073 1289
1073 1392
1073 1478
1074 1074
1074 2128
1074 189
1074 8
1074 294
1074 338
1075 1075
1075 2204
1075 3274
1075 3521
1075 121
1075 1974
1076 1076
1076 130
1076 2252
1076 319
1076 414
1076 1614
1077 1077
1077 2897
1077 1353
1077 1404
1077 8
1077 294
1078 1078
1078 1296
1078 8
1078 294
1078 338
1078 387
1079 1079
1079 2846
1079 8
1079 294
1079 338
1079 387
1080 1080
1080 1431
1080 2095
1080 3095
1080 1979
1080 365
1081 1081
1081 2095
1081 1431
1081 1600
1081 2916
1081 185
1082 1082
1082 3264
1082 490
1082 875
1082 1232
1082 1299
1083 1083
1083 306
1083 1153
1083 1215
1083 1522
1083 111
1084 1084
1084 1289
1084 1392
1084 1478
1084 8
1084 294
1085 1085
1085 3900
1085 908
1085 1289
1085 1392
1085 1478
1086 1086
1086 276
1086 402
1086 650
1086 991
1086 1353
1087 1087
1087 2609
1087 1287
1087 81
1087 609
1087 2230
1088 1088
1088 291
1088 2386
1088 2790
1088 3303
1088 8
1089 1089
1089 1982
1089 1456
1089 2096
1089 8
1089 294
1090 1090
1090 1220
1090 1547
1090 3015
1090 2968
1090 519
1091 1091
1091 8
1091 186
1091 294
1091 338
1091 387
1092 1092
1092 439
1092 2912
1092 41
1092 111
1092 305
1093 1093
1093 3626
1093 126
1093 527
1093 875
1093 1299
1094 1094
1094 3312
1094 2927
1094 2529
1094 2918
1094 3008
1095 1095
1095 3651
1095 588
1095 36
1095 1711
1095 4005
1096 1096
1096 2860
1096 2252
1096 1017
1096 1211
1096 1325
1097 1097
1097 8
1097 186
1097 294
1097 338
1097 387
1098 1098
1098 2102
1098 2271
1098 1429
1098 2324
1098 733
1099 1099
1099 3497
1099 3256
1099 573
1099 375
1099 3877
1100 1100
1100 818
1100 2463
1100 626
1100 1934
1100 2271
1101 1101
1101 2350
1101 618
1101 2191
1101 2959
1101 3131
1102 1102
1102 179
1102 961
1102 62
1102 459
1102 3763
1103 1103
1103 3003
1103 2560
1103 3364
1103 3683
1103 3122
1104 1104
1104 1782
1104 2666
1104 427
1104 3462
1104 92
1105 1105
1105 2460
1105 3479
1105 328
1105 217
1105 1640
1106 1106
1106 214
1106 515
1106 875
1106 1299
1106 2190
1107 1107
1107 588
1107 36
1107 4005
1107 3410
1107 1711
1108 1108
1108 477
1108 3386
1108 2490
1108 3878
1108 726
1109 1109
1109 316
1109 1765
1109 3356
1109 1520
1109 2510
1110 1110
1110 489
1110 3581
1110 1786
1110 65
1110 2615
1111 1111
1111 1368
1111 509
1111 1395
1111 1766
1111 3649
1112 1112
1112 194
1112 3516
1112 2962
1112 2912
1112 1303
1113 1113
1113 551
1113 1165
1113 1353
1113 1404
1113 2139
1114 1114
1114 959
1114 8
1114 294
1114 338
1114 387
1115 1115
1115 378
1115 875
1115 1204
1115 1299
1115 1661
1116 1116
1116 907
1116 2953
1116 370
1116 1128
1116 2667
1117 1117
1117 3321
1117 2283
1117 993
1117 1016
1117 1533
1118 1118
1118 130
1118 3069
1118 2016
1118 2959
1118 3077
1119 1119
1119 1736
1119 2521
1119 1878
1119 369
1119 277
1120 1120
1120 472
1120 4046
1120 3131
1120 989
1120 2221
1121 1121
1121 1179
1121 779
1121 870
1121 1975
1121 8
1122 1122
1122 62
1122 875
1122 1017
1122 1299
1122 2189
1123 1123
1123 517
1123 2581
1123 1516
1123 8
1123 294
1124 1124
1124 284
1124 414
1124 593
1124 692
1124 704
1125 1125
1125 717
1125 1572
1125 111
1125 1472
1125 2537
1126 1126
1126 1353
1126 1404
1126 1179
1126 8
1126 294
1127 1127
1127 1650
1127 296
1127 248
1127 179
1127 2157
1128 1128
1128 325
1128 2171
1128 1136
1128 1316
1128 1700
1129 1129
1129 746
1129 1367
1129 111
1129 296
1129 397
1130 1130
1130 50
1130 130
1130 605
1130 650
1130 767
1131 1131
1131 2579
1131 3119
1131 788
1131 1781
1131 3674
1132 1132
1132 985
1132 208
1132 987
1132 41
1132 638
1133 1133
1133 2723
1133 646
1133 910
1133 2889
1133 1862
1134 1134
1134 1353
1134 1404
1134 7
1134 8
1134 294
1135 1135
1135 14
1135 3743
1135 1750
1135 1306
1135 821
1136 1136
1136 1316
1136 1700
1136 2556
1136 3398
1136 8
1137 1137
1137 3390
1137 9
1137 2782
1137 1472
1137 1688
1138 1138
1138 453
1138 378
1138 527
1138 609
1138 2721
1139 1139
1139 2388
1139 733
1139 995
1139 1831
1139 2810
1140 1140
1140 954
1140 1017
1140 1353
1140 1404
1140 1786
1141 1141
1141 1417
1141 1609
1141 2189
1141 2329
1141 1786
1142 1142
1142 2064
1142 2749
1142 638
1142 1006
1142 2934
1143 1143
1143 409
1143 788
1143 2914
1143 2991
1143 8
1144 1144
1144 3240
1144 2539
1144 3077
1144 704
1144 3978
1145 1145
1145 914
1145 1456
1145 1723
1145 3258
1145 893
1146 1146
1146 1216
1146 1536
1146 2817
1146 92
1146 354
1147 1147
1147 335
1147 1815
1147 378
1147 1661
1147 2094
1148 1148
1148 2628
1148 2708
1148 1904
1148 356
1148 3055
1149 1149
1149 1471
1149 2519
1149 304
1149 3355
1149 1657
1150 1150
1150 3808
1150 3167
1150 3560
1150 2736
1150 3119
1151 233
1151 1151
1151 3166
1151 319
1151 2707
1151 3198
1152 1152
1152 3790
1152 181
1152 1499
1152 243
1152 213
1153 1153
1153 1522
1153 1215
1153 1456
1153 2846
1153 2914
1154 1154
1154 2800
1154 468
1154 1179
1154 8
1154 208
1155 1155
1155 3056
1155 169
1155 650
1155 991
1155 1688
1156 1156
1156 3769
1156 1974
1156 2210
1156 2537
1156 2733
1157 1157
1157 1503
1157 1174
1157 430
1157 2457
1157 3542
1158 1158
1158 402
1158 8
1158 294
1158 338
1158 387
1159 1159
1159 2694
1159 3140
1159 2580
1159 3307
1159 2233
1160 1160
1160 2765
1160 1305
1160 1007
1160 296
1160 1390
1161 1161
1161 2280
1161 2126
1161 3923
1161 2175
1161 2282
1162 1162
1162 867
1162 98
1162 1905
1162 2132
1162 3117
1163 1163
1163 658
1163 2929
1163 1136
1163 1316
1163 1700
1164 1164
1164 1369
1164 650
1164 989
1164 991
1164 1321
1165 1165
1165 2139
1165 8
1165 294
1165 338
1165 387
1166 1166
1166 4048
1166 1786
1166 3925
1166 65
1166 624
1167 1167
1167 146
1167 2163
1167 1197
1167 1774
1167 378
1168 1168
1168 1861
1168 2998
1168 423
1168 793
1168 1393
1169 1169
1169 1688
1169 8
1169 294
1169 338
1169 387
1170 1170
1170 1982
1170 154
1170 800
1170 1456
1170 8
1171 1171
1171 1211
1171 2180
1171 3134
1171 1179
1171 8
1172 1172
1172 3444
1172 638
1172 1006
1172 3214
1172 144
1173 1173
1173 378
1173 609
1173 1115
1173 2661
1173 2721
1174 1174
1174 1503
1174 1157
1174 430
1174 3542
1174 2766
1175 1175
1175 1692
1175 2062
1175 855
1175 3060
1175 2189
1176 1176
1176 1884
1176 699
1176 3053
1176 1519
1176 2440
1177 1177
1177 1662
1177 3502
1177 3365
1177 1362
1177 1277
1178 1178
1178 3807
1178 3702
1178 589
1178 2883
1178 1288
1179 1179
1179 8
1179 294
1179 338
1179 387
1179 557
1180 8
1180 294
1180 338
1180 387
1180 557
1180 773
1181 1181
1181 3478
1181 2209
1181 262
1181 2822
1181 1987
1182 1182
1182 1208
1182 115
1182 38
1182 567
1182 1767
1183 1183
1183 918
1183 2587
1183 170
1183 397
1183 761
1184 1184
1184 403
1184 751
1184 470
1184 177
1184 2795
1185 1185
1185 1661
1185 2483
1185 7
1185 8
1185 43
1186 1186
1186 1889
1186 2189
1186 3774
1186 8
1186 294
1187 1187
1187 2811
1187 3652
1187 2881
1187 3411
1187 3362
1188 1188
1188 1289
1188 1392
1188 1478
1188 2914
1188 2991
1189 1189
1189 2466
1189 455
1189 1535
1189 3188
1189 117
1190 1190
1190 8
1190 294
1190 338
1190 387
1190 557
1191 1191
1191 2508
1191 3599
1191 3131
1191 1877
1191 618
1192 1192
1192 3543
1192 378
1192 788
1192 2058
1192 2721
1193 1193
1193 466
1193 634
1193 177
1193 3470
1193 3498
1194 1194
1194 2824
1194 2189
1194 8
1194 130
1194 294
1195 1195
1195 1211
1195 2180
1195 3134
1195 3126
1195 3306
1196 1196
1196 3739
1196 1657
1196 1149
1196 1471
1196 304
1197 1197
1197 1289
1197 1392
1197 1478
1197 3843
1197 8
1198 1198
1198 132
1198 1022
1198 2252
1198 2710
1198 325
1199 1199
1199 1136
1199 1316
1199 1700
1199 2556
1199 3398
1200 1200
1200 3393
1200 276
1200 1353
1200 1404
1200 1688
1201 1201
1201 408
1201 1626
1201 2004
1201 3077
1201 3719
1202 1202
1202 3821
1202 381
1202 1123
1202 1516
1202 183
1203 1203
1203 3719
1203 2693
1203 2560
1203 3683
1203 733
1204 1204
1204 875
1204 1299
1204 2190
1204 2918
1204 8
1205 1205
1205 331
1205 1548
1205 217
1205 2152
1205 1519
1206 1206
1206 179
1206 533
1206 1443
1206 2159
1206 2317
1207 1207
1207 1812
1207 2210
1207 3633
1207 365
1207 378
1208 1208
1208 38
1208 115
1208 1182
1208 567
1208 2220
1209 1209
1209 3620
1209 343
1209 2252
1209 1211
1209 1288
1210 1210
1210 3932
1210 3308
1210 343
1210 704
1210 787
1211 1211
1211 2180
1211 3134
1211 8
1211 294
1211 338
1212 1212
1212 1274
1212 3685
1212 230
1212 2079
1212 3083
1213 1213
1213 120
1213 523
1213 381
1213 1372
1213 2780
1214 1214
1214 3554
1214 1444
1214 310
1214 326
1214 1752
1215 1215
1215 111
1215 1153
1215 2825
1215 2846
1215 2914
1216 1216
1216 1146
1216 1536
1216 2817
1216 864
1216 2727
1217 1217
1217 1283
1217 1115
1217 2210
1217 157
1217 378
1218 1218
1218 109
1218 638
1218 902
1218 2550
1218 650
1219 1219
1219 2718
1219 1357
1219 3111
1219 32
1219 961
1220 1220
1220 1547
1220 3015
1220 1090
1220 519
1220 1786
1221 1221
1221 692
1221 154
1221 1456
1221 1889
1221 3126
1222 1222
1222 2446
1222 3992
1222 1402
1222 2688
1222 830
1223 1223
1223 3986
1223 2824
1223 961
1223 686
1223 1122
1224 505
1224 1224
1224 3000
1224 312
1224 2612
1224 3258
1225 1225
1225 2447
1225 850
1225 2071
1225 3688
1225 849
1226 1226
1226 3924
1226 2086
1226 2676
1226 50
1226 409
1227 1227
1227 2494
1227 1601
1227 3955
1227 779
1227 870
1228 1228
1228 2432
1228 688
1228 200
1228 2037
1228 652
1229 1229
1229 2144
1229 414
1229 854
1229 131
1229 593
1230 1230
1230 2940
1230 1632
1230 2777
1230 1289
1230 1392
1231 1231
1231 3517
1231 3626
1231 3975
1231 126
1231 296
1232 1232
1232 1781
1232 875
1232 1299
1232 2190
1232 8
1233 1233
1233 2961
1233 343
1233 1831
1233 3784
1233 1179
1234 1234
1234 8
1234 294
1234 338
1234 387
1234 557
1235 1235
1235 2146
1235 686
1235 261
1235 954
1235 1353
1236 1236
1236 3668
1236 296
1236 1393
1236 2769
1236 3139
1237 1237
1237 3785
1237 819
1237 1654
1237 3427
1237 2865
1238 1238
1238 4028
1238 551
1238 1165
1238 2139
1238 2308
1239 1239
1239 3369
1239 837
1239 1493
1239 709
1239 2868
1240 1240
1240 650
1240 991
1240 1030
1240 1353
1240 1404
1241 1241
1241 2887
1241 3178
1241 8
1241 294
1241 338
1242 1242
1242 366
1242 1321
1242 1723
1242 2355
1242 8
1243 1243
1243 8
1243 294
1243 338
1243 387
1243 557
1244 1244
1244 2995
1244 3069
1244 593
1244 2016
1244 2601
1245 1245
1245 695
1245 1030
1245 1353
1245 1404
1245 2914
1246 1246
1246 2815
1246 697
1246 111
1246 1122
1246 2714
1247 1247
1247 2772
1247 3569
1247 3717
1247 442
1247 1190
1248 1248
1248 229
1248 3504
1248 1353
1248 1404
1248 1496
1249 1249
1249 3647
1249 685
1249 170
1249 1211
1249 1289
1250 1250
1250 833
1250 3912
1250 328
1250 762
1250 1460
1251 1251
1251 990
1251 3010
1251 1678
1251 361
1251 91
1252 1252
1252 318
1252 3052
1252 2164
1252 3281
1252 1066
1253 1253
1253 1947
1253 3136
1253 811
1253 2655
1253 2882
1254 1254
1254 2488
1254 2766
1254 1858
1254 252
1254 1174
1255 1255
1255 3466
1255 650
1255 875
1255 991
1255 1232
1256 1256
1256 1391
1256 1460
1256 3455
1256 3869
1256 1179
1257 1257
1257 2401
1257 650
1257 991
1257 3178
1257 1179
1258 1258
1258 8
1258 290
1258 294
1258 338
1258 387
1259 1259
1259 104
1259 718
1259 875
1259 1188
1259 1289
1260 1260
1260 300
1260 3659
1260 776
1260 2852
1260 2529
1261 1261
1261 2215
1261 1765
1261 3356
1261 1479
1261 316
1262 1262
1262 3031
1262 599
1262 3620
1262 408
1262 414
1263 1263
1263 725
1263 2334
1263 434
1263 2936
1263 559
1264 1264
1264 1282
1264 1042
1264 3212
1264 2192
1264 2982
1265 1265
1265 716
1265 2157
1265 3265
1265 875
1265 1299
1266 1266
1266 2959
1266 3056
1266 50
1266 92
1266 130
1267 1267
1267 1458
1267 2912
1267 111
1267 875
1267 1050
1268 1268
1268 2537
1268 111
1268 875
1268 1299
1268 2190
1269 1269
1269 1661
1269 2825
1269 8
1269 294
1269 338
1270 1270
1270 1711
1270 588
1270 36
1270 459
1270 849
1271 1271
1271 3735
1271 3506
1271 944
1271 2361
1271 8
1272 1272
1272 2099
1272 1526
1272 3428
1272 3898
1272 90
1273 1273
1273 3525
1273 3448
1273 2210
1273 2537
1273 3675
1274 1274
1274 1212
1274 3685
1274 230
1274 248
1274 1815
1275 1275
1275 853
1275 551
1275 1786
1275 3897
1275 384
1276 1276
1276 3848
1276 3748
1276 138
1276 2232
1276 135
1277 1277
1277 3502
1277 3781
1277 788
1277 1362
1277 3346
1278 8
1278 294
1278 338
1278 387
1278 557
1278 773
1279 1279
1279 1342
1279 3724
1279 1786
1279 483
1279 32
1280 1280
1280 179
1280 1375
1280 62
1280 296
1280 397
1281 1281
1281 8
1281 121
1281 186
1281 294
1281 338
1282 1282
1282 1264
1282 2192
1282 2982
1282 3212
1282 3937
1283 1283
1283 1217
1283 1514
1283 1815
1283 2210
1283 2413
1284 1284
1284 1589
1284 255
1284 1452
1284 1922
1284 3056
1285 1285
1285 3127
1285 2990
1285 851
1285 3863
1285 343
1286 245
1286 1286
1286 2202
1286 4055
1286 3364
1286 704
1287 1287
1287 929
1287 609
1287 3559
1287 8
1287 134
1288 1288
1288 3174
1288 1211
1288 2180
1288 3134
1288 8
1289 1289
1289 1392
1289 1478
1289 8
1289 294
1289 338
1290 1290
1290 3503
1290 3418
1290 966
1290 875
1290 1299
1291 1291
1291 882
1291 378
1291 609
1291 1456
1291 2142
1292 1292
1292 3641
1292 8
1292 294
1292 338
1292 387
1293 1293
1293 192
1293 320
1293 2626
1293 1209
1293 414
1294 1294
1294 3740
1294 1122
1294 62
1294 1519
1294 2440
1295 1295
1295 3937
1295 8
1295 179
1295 188
1295 294
1296 1078
1296 1296
1296 8
1296 294
1296 338
1296 387
1297 1297
1297 180
1297 686
1297 3975
1297 8
1297 169
1298 1298
1298 518
1298 988
1298 3862
1298 343
1298 319
1299 875
1299 1299
1299 2190
1299 8
1299 134
1299 179
1300 1300
1300 65
1300 1692
1300 1955
1300 2271
1300 902
1301 1301
1301 3382
1301 468
1301 497
1301 1179
1301 8
1302 1302
1302 1340
1302 1353
1302 1404
1302 3937
1302 8
1303 1303
1303 378
1303 2721
1303 2825
1303 3445
1303 3612
1304 1304
1304 2483
1304 7
1304 8
1304 294
1304 338
1305 1305
1305 2765
1305 1160
1305 1007
1305 296
1305 92
1306 1306
1306 1750
1306 342
1306 445
1306 3327
1306 2238
1307 1307
1307 650
1307 991
1307 8
1307 294
1307 338
1308 1308
1308 1713
1308 2845
1308 3258
1308 8
1308 188
1309 1309
1309 2537
1309 2632
1309 111
1309 875
1309 1299
1310 1310
1310 3637
1310 888
1310 636
1310 2049
1310 2983
1311 1311
1311 1195
1311 1211
1311 2152
1311 2180
1311 2914
1312 1312
1312 325
1312 370
1312 2386
1312 2790
1312 2560
1313 1313
1313 3960
1313 1832
1313 451
1313 2409
1313 2310
1314 1314
1314 3358
1314 4034
1314 2669
1314 1929
1314 2575
1315 1315
1315 1833
1315 1
1315 291
1315 2386
1315 2790
1316 1136
1316 1316
1316 1700
1316 2556
1316 3398
1316 8
1317 1317
1317 2638
1317 8
1317 294
1317 338
1317 387
1318 1318
1318 2484
1318 3763
1318 179
1318 2655
1318 1443
1319 1319
1319 3108
1319 3150
1319 2496
1319 2958
1319 551
1320 1320
1320 2308
1320 2825
1320 8
1320 294
1320 338
1321 1321
1321 8
1321 294
1321 338
1321 366
1321 387
1322 1322
1322 1937
1322 3522
1322 2864
1322 2479
1322 327
1323 1323
1323 2732
1323 87
1323 3250
1323 3
1323 3892
1324 1324
1324 1970
1324 266
1324 733
1324 995
1324 2135
1325 1325
1325 2252
1325 41
1325 1211
1325 2005
1325 2180
1326 1326
1326 1713
1326 1831
1326 8
1326 294
1326 338
1327 1327
1327 1394
1327 126
1327 363
1327 586
1327 875
1328 1328
1328 693
1328 2792
1328 3019
1328 3138
1328 270
1329 1329
1329 335
1329 2772
1329 3113
1329 378
1329 609
1330 1330
1330 1831
1330 2845
1330 8
1330 188
1330 294
1331 1331
1331 317
1331 2646
1331 8
1331 294
1331 338
1332 1332
1332 1353
1332 1404
1332 3802
1332 8
1332 65
1333 1333
1333 82
1333 292
1333 3925
1333 3872
1333 650
1334 1334
1334 3798
1334 3215
1334 3774
1334 8
1334 294
1335 1335
1335 3811
1335 157
1335 1777
1335 3898
1335 3501
1336 1336
1336 3123
1336 3607
1336 630
1336 310
1336 2252
1337 1337
1337 1303
1337 378
1337 2721
1337 3612
1337 586
1338 1338
1338 978
1338 3719
1338 1288
1338 1537
1338 1970
1339 1339
1339 2758
1339 195
1339 859
1339 2473
1339 2772
1340 1340
1340 1302
1340 1134
1340 2443
1340 3252
1340 237
1341 446
1341 1341
1341 1768
1341 2601
1341 3126
1341 3306
1342 1342
1342 1279
1342 3724
1342 2393
1342 1353
1342 1404
1343 1343
1343 767
1343 989
1343 1047
1343 2221
1343 2899
1344 1344
1344 3611
1344 505
1344 1224
1344 3000
1344 312
1345 1345
1345 971
1345 1041
1345 420
1345 1455
1345 3810
1346 1346
1346 3325
1346 8
1346 294
1346 338
1346 387
1347 1347
1347 224
1347 2397
1347 2373
1347 1521
1347 1599
1348 1348
1348 1054
1348 2174
1348 1693
1348 1781
1348 2959
1349 1349
1349 3603
1349 179
1349 2248
1349 1443
1349 3193
1350 1350
1350 595
1350 2246
1350 949
1350 3489
1350 3624
1351 1351
1351 257
1351 3487
1351 303
1351 161
1351 1522
1352 1352
1352 691
1352 1136
1352 1316
1352 1700
1352 2556
1353 1353
1353 1404
1353 8
1353 294
1353 338
1353 387
1354 1354
1354 2034
1354 65
1354 1786
1354 875
1354 1299
1355 1355
1355 172
1355 635
1355 686
1355 1243
1355 2483
1356 1356
1356 2779
1356 8
1356 290
1356 294
1356 338
1357 1357
1357 3111
1357 1353
1357 1404
1357 8
1357 294
1358 1358
1358 428
1358 455
1358 650
1358 801
1358 991
1359 1359
1359 3649
1359 179
1359 230
1359 248
1359 381
1360 1360
1360 378
1360 2721
1360 3612
1360 8
1360 294
1361 1361
1361 365
1361 914
1361 414
1361 2736
1361 170
1362 1362
1362 1756
1362 2678
1362 3502
1362 1277
1362 1976
1363 1363
1363 531
1363 8
1363 294
1363 338
1363 387
1364 1364
1364 2483
1364 3303
1364 7
1364 8
1364 294
1365 1365
1365 2118
1365 2820
1365 356
1365 620
1365 3806
1366 8
1366 294
1366 338
1366 387
1366 557
1366 773
1367 1367
1367 1129
1367 746
1367 397
1367 689
1367 2074
1368 1368
1368 1111
1368 509
1368 1766
1368 230
1368 1044
1369 1369
1369 1164
1369 3303
1369 8
1369 294
1369 338
1370 1370
1370 2883
1370 3628
1370 111
1370 170
1370 296
1371 1371
1371 2845
1371 8
1371 294
1371 338
1371 387
1372 1372
1372 1292
1372 3641
1372 8
1372 294
1372 338
1373 1373
1373 2517
1373 707
1373 720
1373 897
1373 954
1374 1374
1374 53
1374 2140
1374 3258
1374 1688
1374 2021
1375 1375
1375 3937
1375 8
1375 179
1375 230
1375 248
1376 1376
1376 2701
1376 1593
1376 1177
1376 277
1376 1662
1377 1377
1377 2514
1377 3730
1377 2504
1377 907
1377 1116
1378 1378
1378 805
1378 1897
1378 2001
1378 2685
1378 3119
1379 1379
1379 1211
1379 1894
1379 2180
1379 3134
1379 3258
1380 1380
1380 2067
1380 4007
1380 1871
1380 230
1380 179
1381 1381
1381 2426
1381 468
1381 1353
1381 1404
1381 3325
1382 1382
1382 443
1382 1703
1382 148
1382 1587
1382 4003
1383 1383
1383 3990
1383 370
1383 650
1383 875
1383 991
1384 1384
1384 3220
1384 2914
1384 2991
1384 8
1384 294
1385 1385
1385 1043
1385 1448
1385 266
1385 593
1385 2914
1386 1386
1386 982
1386 2001
1386 2685
1386 438
1386 650
1387 1387
1387 3112
1387 42
1387 3632
1387 2742
1387 801
1388 1388
1388 1958
1388 2004
1388 3122
1388 4014
1388 2560
1389 1389
1389 3065
1389 3040
1389 378
1389 1024
1389 1289
1390 1390
1390 3872
1390 650
1390 991
1390 1321
1390 2177
1391 1391
1391 3455
1391 8
1391 294
1391 338
1391 387
1392 1289
1392 1392
1392 1478
1392 8
1392 294
1392 338
1393 1393
1393 1723
1393 1889
1393 1179
1393 8
1393 175
1394 1394
1394 1327
1394 875
1394 1299
1394 2190
1394 3303
1395 1395
1395 1128
1395 2560
1395 3683
1395 8
1395 240
1396 1396
1396 650
1396 991
1396 1723
1396 3178
1396 8
1397 1397
1397 2739
1397 312
1397 2612
1397 3354
1397 3455
1398 1398
1398 1962
1398 801
1398 1522
1398 1777
1398 1982
1399 1399
1399 733
1399 995
1399 1211
1399 1289
1399 1392
1400 1400
1400 3360
1400 2016
1400 2627
1400 2893
1400 1136
1401 1401
1401 2830
1401 2883
1401 170
1401 569
1401 788
1402 1402
1402 2446
1402 1222
1402 3992
1402 2688
1402 1859
1403 1403
1403 781
1403 532
1403 2152
1403 2601
1403 2001
1404 1353
1404 1404
1404 8
1404 294
1404 338
1404 387
1405 1405
1405 285
1405 3433
1405 248
1405 689
1405 2966
1406 1406
1406 2210
1406 2462
1406 3295
1406 3662
1406 378
1407 1407
1407 980
1407 1953
1407 2723
1407 1824
1407 3161
1408 1408
1408 179
1408 62
1408 296
1408 397
1408 533
1409 1409
1409 474
1409 312
1409 933
1409 1079
1409 1353
1410 1410
1410 2601
1410 2472
1410 2825
1410 1179
1410 8
1411 1411
1411 3890
1411 1802
1411 4025
1411 1708
1411 1980
1412 1412
1412 604
1412 1136
1412 1316
1412 1700
1412 2556
1413 1413
1413 532
1413 781
1413 1403
1413 851
1413 290
1414 1414
1414 152
1414 1620
1414 2737
1414 1508
1414 179
1415 1415
1415 58
1415 2240
1415 3531
1415 299
1415 3906
1416 1416
1416 650
1416 801
1416 991
1416 1496
1416 2135
1417 1417
1417 1141
1417 1609
1417 2189
1417 1353
1417 1404
1418 1418
1418 3144
1418 1786
1418 291
1418 296
1418 319
1419 1419
1419 1661
1419 8
1419 294
1419 338
1419 387
1420 1420
1420 230
1420 959
1420 2104
1420 3937
1420 1136
1421 1421
1421 3999
1421 132
1421 1211
1421 1496
1421 2180
1422 1422
1422 3780
1422 3951
1422 1126
1422 109
1422 468
1423 1423
1423 1777
1423 3113
1423 4020
1423 958
1423 1289
1424 1424
1424 1710
1424 2355
1424 3178
1424 8
1424 294
1425 1425
1425 2356
1425 875
1425 1299
1425 1321
1425 2190
1426 1426
1426 3117
1426 277
1426 2662
1426 2132
1426 391
1427 1427
1427 1812
1427 3094
1427 2966
1427 3403
1427 924
1428 1428
1428 2109
1428 1030
1428 1353
1428 1357
1428 1404
1429 1429
1429 2324
1429 2271
1429 650
1429 991
1429 1098
1430 1430
1430 3721
1430 1035
1430 1190
1430 8
1430 294
1431 1431
1431 1080
1431 2095
1431 1081
1431 3095
1431 2916
1432 1432
1432 3194
1432 3126
1432 3306
1432 305
1432 875
1433 1433
1433 2271
1433 1692
1433 2060
1433 179
1433 3937
1434 1434
1434 1692
1434 2271
1434 1452
1434 41
1434 875
1435 1435
1435 1667
1435 2883
1435 3543
1435 378
1435 1211
1436 1436
1436 650
1436 731
1436 801
1436 991
1436 1289
1437 1437
1437 1289
1437 1392
1437 1478
1437 1810
1437 2769
1438 1438
1438 2060
1438 1957
1438 1433
1438 2271
1438 1661
1439 1439
1439 2070
1439 2257
1439 3370
1439 2252
1439 3620
1440 1440
1440 2298
1440 641
1440 559
1440 624
1440 2912
1441 1441
1441 151
1441 1353
1441 1404
1441 1482
1441 2293
1442 1442
1442 3438
1442 650
1442 991
1442 8
1442 294
1443 1443
1443 3193
1443 179
1443 62
1443 296
1443 397
1444 1444
1444 1214
1444 326
1444 3554
1444 2763
1444 813
1445 1445
1445 575
1445 593
1445 2726
1445 3658
1445 170
1446 8
1446 294
1446 338
1446 387
1446 557
1446 773
1447 1447
1447 1019
1447 2903
1447 2845
1447 2560
1447 3683
1448 1448
1448 1043
1448 1385
1448 1030
1448 1970
1448 2767
1449 1449
1449 3980
1449 2202
1449 414
1449 1049
1449 509
1450 1450
1450 3419
1450 831
1450 2770
1450 3045
1450 365
1451 1451
1451 1211
1451 2180
1451 3077
1451 3134
1451 3560
1452 1452
1452 41
1452 2005
1452 8
1452 294
1452 338
1453 1453
1453 1770
1453 2326
1453 2659
1453 293
1453 1047
1454 1454
1454 2705
1454 2159
1454 3512
1454 296
1454 875
1455 1455
1455 3810
1455 420
1455 2075
1455 3422
1455 8
1456 1456
1456 8
1456 294
1456 338
1456 387
1456 557
1457 1457
1457 3001
1457 2152
1457 3046
1457 3898
1457 704
1458 1458
1458 1267
1458 2912
1458 194
1458 3516
1458 1050
1459 1459
1459 179
1459 3920
1459 62
1459 157
1459 296
1460 1460
1460 1179
1460 8
1460 294
1460 338
1460 387
1461 1461
1461 8
1461 294
1461 338
1461 387
1461 520
1462 1462
1462 3904
1462 577
1462 738
1462 2213
1462 648
1463 1463
1463 3687
1463 335
1463 378
1463 2406
1463 2721
1464 1464
1464 3122
1464 92
1464 319
1464 370
1464 650
1465 1465
1465 3741
1465 1292
1465 1393
1465 1496
1465 1889
1466 1466
1466 241
1466 2436
1466 2681
1466 777
1466 736
1467 1467
1467 2091
1467 428
1467 961
1467 1786
1467 179
1468 1468
1468 2639
1468 1928
1468 84
1468 2672
1468 455
1469 1469
1469 1781
1469 1786
1469 2601
1469 3626
1469 62
1470 1470
1470 3317
1470 3970
1470 3
1470 3578
1470 1439
1471 1471
1471 2519
1471 304
1471 1149
1471 1657
1471 471
1472 1472
1472 8
1472 294
1472 338
1472 387
1472 557
1473 1473
1473 686
1473 2154
1473 3215
1473 8
1473 170
1474 1474
1474 81
1474 875
1474 1299
1474 2190
1474 8
1475 1475
1475 661
1475 3033
1475 3728
1475 2601
1475 2887
1476 1476
1476 272
1476 605
1476 989
1476 2221
1476 2845
1477 1477
1477 3285
1477 3885
1477 468
1477 501
1477 950
1478 1289
1478 1392
1478 1478
1478 8
1478 294
1478 338
1479 1479
1479 179
1479 345
1479 62
1479 92
1479 296
1480 1480
1480 2894
1480 659
1480 2601
1480 1768
1480 2016
1481 1481
1481 3191
1481 1898
1481 2937
1481 3778
1481 707
1482 1482
1482 2483
1482 3178
1482 7
1482 8
1482 294
1483 1483
1483 3105
1483 2152
1483 704
1483 1022
1483 2004
1484 1484
1484 680
1484 2515
1484 92
1484 1460
1484 3141
1485 1485
1485 774
1485 3049
1485 8
1485 294
1485 338
1486 1486
1486 8
1486 294
1486 338
1486 387
1486 557
1487 1487
1487 904
1487 2230
1487 1303
1487 1733
1487 3119
1488 1488
1488 729
1488 94
1488 319
1488 851
1488 3413
1489 1489
1489 3152
1489 168
1489 3074
1489 3433
1489 1604
1490 1490
1490 711
1490 69
1490 3916
1490 179
1490 609
1491 1491
1491 3739
1491 1196
1491 3293
1491 808
1491 3257
1492 1492
1492 733
1492 995
1492 1289
1492 1392
1492 1478
1493 1493
1493 1121
1493 3369
1493 3077
1493 130
1493 50
1494 1494
1494 3679
1494 2378
1494 1893
1494 1625
1494 3654
1495 1495
1495 2150
1495 2572
1495 3859
1495 248
1495 2451
1496 1496
1496 2454
1496 3320
1496 8
1496 294
1496 338
1497 1497
1497 103
1497 2252
1497 343
1497 1614
1497 2505
1498 1498
1498 1832
1498 2970
1498 437
1498 451
1498 3960
1499 1499
1499 3790
1499 1152
1499 181
1499 243
1499 213
1500 1500
1500 325
1500 1980
1500 2252
1500 2347
1500 2883
1501 1501
1501 4024
1501 4054
1501 2189
1501 2464
1501 310
1502 1502
1502 2123
1502 3707
1502 2271
1502 2954
1502 3631
1503 1503
1503 1157
1503 1174
1503 430
1503 2457
1503 3542
1504 1504
1504 3626
1504 126
1504 875
1504 1299
1504 1634
1505 1505
1505 240
1505 414
1505 325
1505 914
1505 1017
1506 1506
1506 1796
1506 2904
1506 2386
1506 2707
1506 2790
1507 1507
1507 130
1507 170
1507 1211
1507 2180
1507 3077
1508 1508
1508 179
1508 1786
1508 62
1508 296
1508 397
1509 1509
1509 3419
1509 3899
1509 1757
1509 1071
1509 391
1510 1510
1510 2914
1510 2991
1510 3085
1510 1179
1510 1519
1511 1511
1511 2687
1511 2994
1511 3549
1511 2152
1511 3719
1512 1512
1512 130
1512 1197
1512 1211
1512 2180
1512 2611
1513 1513
1513 3022
1513 2872
1513 2664
1513 3211
1513 1017
1514 1514
1514 2413
1514 2552
1514 2914
1514 2991
1514 8
1515 1515
1515 1907
1515 2068
1515 417
1515 2416
1515 179
1516 1516
1516 517
1516 1353
1516 1404
1516 2581
1516 1123
1517 1517
1517 3534
1517 1602
1517 515
1517 2791
1517 3056
1518 1518
1518 2589
1518 2552
1518 618
1518 788
1518 1514
1519 1519
1519 2440
1519 3850
1519 2914
1519 2991
1519 1179
1520 1520
1520 316
1520 1109
1520 1765
1520 3356
1520 2062
1521 1521
1521 2397
1521 2373
1521 1599
1521 3303
1521 8
1522 1522
1522 1153
1522 1982
1522 1215
1522 1456
1522 2462
1523 816
1523 1523
1523 1439
1523 2070
1523 2257
1523 2959
1524 1524
1524 900
1524 2073
1524 157
1524 384
1524 624
1525 1525
1525 81
1525 650
1525 991
1525 3178
1525 1136
1526 1526
1526 1272
1526 2099
1526 3428
1526 90
1526 954
1527 1527
1527 2791
1527 650
1527 991
1527 8
1527 290
1528 1528
1528 3372
1528 325
1528 319
1528 851
1528 1802
1529 1529
1529 1188
1529 1259
1529 1384
1529 2032
1529 2677
1530 1530
1530 344
1530 2547
1530 468
1530 1713
1530 1723
1531 1531
1531 3037
1531 3719
1531 4051
1531 131
1531 733
1532 1532
1532 179
1532 62
1532 296
1532 397
1532 533
1533 1533
1533 711
1533 1490
1533 3588
1533 459
1533 3674
1534 1534
1534 674
1534 2294
1534 3024
1534 1746
1534 2491
1535 1535
1535 650
1535 991
1535 8
1535 294
1535 338
1536 1536
1536 1146
1536 1216
1536 2817
1536 159
1536 535
1537 1537
1537 1735
1537 2252
1537 1211
1537 1325
1537 2180
1538 8
1538 294
1538 338
1538 387
1538 557
1538 773
1539 1539
1539 642
1539 989
1539 2221
1539 2496
1539 2958
1540 1540
1540 1786
1540 3626
1540 126
1540 875
1540 1299
1541 1541
1541 81
1541 538
1541 875
1541 1299
1541 1474
1542 1542
1542 41
1542 989
1542 2005
1542 2221
1542 3753
1543 1543
1543 2959
1543 3303
1543 8
1543 294
1543 338
1544 1544
1544 2203
1544 2080
1544 2532
1544 3025
1544 1533
1545 1545
1545 126
1545 363
1545 586
1545 650
1545 875
1546 1546
1546 114
1546 2363
1546 2927
1546 1646
1546 1982
1547 1547
1547 3015
1547 1220
1547 519
1547 1090
1547 925
1548 1548
1548 331
1548 1205
1548 217
1548 1766
1548 2152
1549 1549
1549 3044
1549 2175
1549 334
1549 984
1549 441
1550 1550
1550 3570
1550 2825
1550 8
1550 294
1550 338
1551 1551
1551 2245
1551 1522
1551 1153
1551 1215
1551 2462
1552 1552
1552 3246
1552 1744
1552 1489
1552 3152
1552 168
1553 1553
1553 651
1553 1346
1553 1831
1553 2478
1553 2601
1554 1554
1554 3488
1554 2188
1554 428
1554 651
1554 612
1555 1555
1555 2803
1555 2932
1555 1550
1555 2629
1555 3570
1556 1556
1556 44
1556 347
1556 2800
1556 248
1556 1179
1557 1557
1557 3606
1557 2698
1557 1608
1557 1837
1557 430
1558 937
1558 1558
1558 1843
1558 1288
1558 2767
1558 3174
1559 1559
1559 617
1559 2157
1559 296
1559 179
1559 3626
1560 1560
1560 2271
1560 92
1560 490
1560 650
1560 991
1561 1561
1561 734
1561 2084
1561 2
1561 2678
1561 1900
1562 1562
1562 613
1562 3225
1562 1865
1562 642
1562 2913
1563 1563
1563 3446
1563 822
1563 1710
1563 312
1563 989
1564 254
1564 1564
1564 767
1564 4050
1564 2496
1564 2958
1565 1565
1565 788
1565 2483
1565 7
1565 8
1565 294
1566 1566
1566 1165
1566 2139
1566 2355
1566 537
1566 828
1567 1567
1567 48
1567 3569
1567 875
1567 1299
1567 2190
1568 1568
1568 2601
1568 1179
1568 8
1568 109
1568 208
1569 1569
1569 1243
1569 8
1569 294
1569 338
1569 387
1570 1570
1570 3341
1570 62
1570 397
1570 179
1570 970
1571 1571
1571 230
1571 81
1571 402
1571 3178
1571 3198
1572 1572
1572 717
1572 1522
1572 111
1572 1125
1572 1153
1573 1573
1573 1939
1573 874
1573 3158
1573 639
1573 965
1574 1574
1574 43
1574 65
1574 186
1574 1635
1574 1849
1575 1575
1575 3487
1575 1351
1575 257
1575 303
1575 3397
1576 1576
1576 3502
1576 1305
1576 1277
1576 1362
1576 1662
1577 1577
1577 2566
1577 2278
1577 255
1577 296
1577 1922
1578 1578
1578 989
1578 1353
1578 1404
1578 2221
1578 2551
1579 1579
1579 2535
1579 526
1579 2655
1579 875
1579 1299
1580 1580
1580 261
1580 1496
1580 2406
1580 2454
1580 2893
1581 1581
1581 3812
1581 3951
1581 718
1581 1393
1581 3780
1582 1582
1582 2729
1582 324
1582 3674
1582 2482
1582 1115
1583 1583
1583 4024
1583 2929
1583 658
1583 1163
1583 1136
1584 1584
1584 2129
1584 715
1584 4030
1584 2156
1584 8
1585 1585
1585 620
1585 496
1585 1936
1585 2118
1585 1836
1586 1586
1586 3822
1586 1924
1586 1944
1586 1395
1586 3626
1587 1587
1587 3207
1587 443
1587 1382
1587 4003
1587 2513
1588 1588
1588 346
1588 1171
1588 1460
1588 157
1588 208
1589 1589
1589 1284
1589 2891
1589 3567
1589 159
1589 1930
1590 1590
1590 184
1590 1940
1590 2182
1590 1130
1590 3649
1591 1591
1591 8
1591 294
1591 338
1591 387
1591 557
1592 1592
1592 3975
1592 1992
1592 3243
1592 650
1592 991
1593 1593
1593 92
1593 104
1593 157
1593 161
1593 173
1594 1594
1594 2595
1594 310
1594 707
1594 2883
1594 3077
1595 1595
1595 2711
1595 3090
1595 343
1595 2252
1595 3719
1596 1596
1596 2722
1596 358
1596 858
1596 657
1596 1983
1597 1597
1597 1380
1597 1871
1597 4007
1597 2067
1597 251
1598 1598
1598 2979
1598 1191
1598 2248
1598 179
1598 961
1599 1599
1599 2373
1599 2397
1599 1521
1599 527
1599 3198
1600 1600
1600 230
1600 1864
1600 2584
1600 2406
1600 1232
1601 1601
1601 1461
1601 3282
1601 3413
1601 3710
1601 2016
1602 1602
1602 1269
1602 735
1602 2825
1602 1215
1602 2914
1603 1603
1603 1748
1603 8
1603 294
1603 338
1603 387
1604 1604
1604 3543
1604 144
1604 378
1604 629
1604 733
1605 1605
1605 110
1605 1514
1605 2241
1605 2413
1605 3990
1606 1606
1606 2338
1606 3323
1606 170
1606 731
1606 733
1607 1607
1607 3833
1607 179
1607 1443
1607 3193
1607 62
1608 1608
1608 3606
1608 2698
1608 1837
1608 1557
1608 430
1609 1609
1609 1417
1609 81
1609 1141
1609 1016
1609 1474
1610 1610
1610 37
1610 3614
1610 801
1610 3747
1610 650
1611 1611
1611 3480
1611 2152
1611 729
1611 1022
1611 2252
1612 1612
1612 2197
1612 157
1612 2451
1612 92
1612 442
1613 1613
1613 2809
1613 2874
1613 81
1613 230
1613 813
1614 1614
1614 2252
1614 569
1614 1211
1614 1325
1614 1752
1615 1615
1615 593
1615 575
1615 537
1615 828
1615 2170
1616 1616
1616 2226
1616 3258
1616 2001
1616 2685
1616 3119
1617 1617
1617 153
1617 1289
1617 1392
1617 1478
1617 2707
1618 1618
1618 2687
1618 2994
1618 3549
1618 1511
1618 3957
1619 1619
1619 3063
1619 2927
1619 699
1619 104
1619 161
1620 1620
1620 2737
1620 851
1620 2152
1620 3719
1620 104
1621 1621
1621 2925
1621 868
1621 391
1621 3889
1621 3515
1622 1622
1622 3415
1622 737
1622 3514
1622 2920
1622 3831
1623 1623
1623 415
1623 801
1623 1289
1623 1392
1623 1478
1624 1624
1624 1639
1624 3276
1624 170
1624 370
1624 1474
1625 1625
1625 4016
1625 1966
1625 658
1625 2775
1625 3399
1626 1626
1626 618
1626 989
1626 1211
1626 1542
1626 2180
1627 1627
1627 130
1627 650
1627 991
1627 3085
1627 3303
1628 1628
1628 149
1628 635
1628 989
1628 1292
1628 2221
1629 1629
1629 8
1629 294
1629 338
1629 387
1629 557
1630 1630
1630 412
1630 3930
1630 727
1630 3266
1630 3826
1631 1631
1631 1909
1631 2414
1631 733
1631 995
1631 1723
1632 1632
1632 1230
1632 2940
1632 2777
1632 2677
1632 1777
1633 1633
1633 551
1633 1165
1633 2139
1633 1204
1633 1353
1634 1634
1634 3626
1634 126
1634 875
1634 1299
1634 2190
1635 1635
1635 2211
1635 731
1635 1211
1635 1353
1635 1404
1636 1636
1636 2917
1636 2870
1636 2037
1636 3271
1636 3397
1637 1637
1637 2531
1637 1777
1637 2576
1637 1289
1637 1392
1638 1638
1638 2939
1638 650
1638 991
1638 2104
1638 3198
1639 1639
1639 1624
1639 1767
1639 2295
1639 3620
1639 3867
1640 1640
1640 1451
1640 3077
1640 961
1640 2775
1640 3560
1641 1641
1641 1281
1641 2306
1641 1017
1641 1353
1641 1404
1642 1642
1642 1138
1642 453
1642 1646
1642 1982
1642 2485
1643 1643
1643 547
1643 692
1643 2976
1643 281
1643 650
1644 1644
1644 1775
1644 2887
1644 3649
1644 8
1644 294
1645 1645
1645 609
1645 365
1645 378
1645 1243
1645 2074
1646 1646
1646 1982
1646 2927
1646 1456
1646 8
1646 294
1647 1647
1647 1672
1647 896
1647 3826
1647 3488
1647 65
1648 1648
1648 2787
1648 85
1648 2496
1648 2958
1648 3664
1649 1649
1649 707
1649 1980
1649 370
1649 2560
1649 3683
1650 1650
1650 1127
1650 179
1650 296
1650 2157
1650 3958
1651 1651
1651 809
1651 2643
1651 3258
1651 3119
1651 8
1652 1652
1652 414
1652 1537
1652 2252
1652 2536
1652 130
1653 1653
1653 2816
1653 3699
1653 1306
1653 2103
1653 2701
1654 1654
1654 819
1654 3785
1654 618
1654 906
1654 3396
1655 1655
1655 526
1655 2772
1655 468
1655 533
1655 609
1656 1656
1656 3574
1656 552
1656 487
1656 816
1656 1523
1657 1657
1657 1890
1657 801
1657 3747
1657 304
1657 695
1658 1658
1658 1692
1658 2271
1658 3763
1658 179
1658 1931
1659 1659
1659 694
1659 2281
1659 310
1659 2252
1659 3626
1660 1660
1660 2085
1660 2532
1660 1023
1660 3207
1660 2863
1661 1661
1661 8
1661 294
1661 338
1661 387
1661 557
1662 1662
1662 1177
1662 1904
1662 3502
1662 2678
1662 1362
1663 1663
1663 2819
1663 1022
1663 2252
1663 3719
1663 4051
1664 1664
1664 3642
1664 2914
1664 2991
1664 8
1664 294
1665 1665
1665 3677
1665 1453
1665 1770
1665 2659
1665 2967
1666 1666
1666 2220
1666 320
1666 3666
1666 509
1666 1766
1667 1667
1667 378
1667 1211
1667 2180
1667 2475
1667 2721
1668 1668
1668 495
1668 1730
1668 20
1668 358
1668 947
1669 1669
1669 3519
1669 2365
1669 1060
1669 609
1669 517
1670 1670
1670 2863
1670 2816
1670 3158
1670 3517
1670 3562
1671 1671
1671 3364
1671 3719
1671 4054
1671 310
1671 414
1672 1672
1672 707
1672 2966
1672 3403
1672 1647
1672 144
1673 1673
1673 1873
1673 2421
1673 1519
1673 2440
1673 3850
1674 1674
1674 2835
1674 2217
1674 3367
1674 1395
1674 707
1675 1675
1675 357
1675 2610
1675 2746
1675 2142
1675 2386
1676 1676
1676 989
1676 2221
1676 2914
1676 2975
1676 2991
1677 1677
1677 3343
1677 854
1677 2726
1677 575
1677 2159
1678 1678
1678 3010
1678 990
1678 1251
1678 361
1678 91
1679 1679
1679 1055
1679 3931
1679 378
1679 650
1679 991
1680 1680
1680 2122
1680 2952
1680 2932
1680 3657
1680 179
1681 1681
1681 258
1681 175
1681 1170
1681 1329
1681 1776
1682 1682
1682 2655
1682 875
1682 1025
1682 1299
1682 2154
1683 1683
1683 650
1683 918
1683 991
1683 1723
1683 2845
1684 1684
1684 1895
1684 383
1684 8
1684 294
1684 338
1685 1685
1685 3888
1685 546
1685 447
1685 3475
1685 4026
1686 1686
1686 283
1686 1669
1686 2583
1686 362
1686 1692
1687 1687
1687 3303
1687 8
1687 294
1687 338
1687 387
1688 1688
1688 8
1688 294
1688 338
1688 387
1688 557
1689 1689
1689 2838
1689 1776
1689 854
1689 1974
1689 2210
1690 1690
1690 2434
1690 8
1690 294
1690 338
1690 387
1691 1691
1691 583
1691 3872
1691 650
1691 761
1691 875
1692 1692
1692 2271
1692 62
1692 875
1692 1299
1692 2190
1693 1693
1693 130
1693 291
1693 1211
1693 2180
1693 2386
1694 1694
1694 1047
1694 1153
1694 1215
1694 1393
1694 1889
1695 1695
1695 8
1695 294
1695 338
1695 387
1695 557
1696 1696
1696 1069
1696 538
1696 2976
1696 1179
1696 8
1697 1697
1697 743
1697 2613
1697 1136
1697 1316
1697 1700
1698 1698
1698 3971
1698 2442
1698 3841
1698 1303
1698 2230
1699 1699
1699 1393
1699 1786
1699 3188
1699 296
1699 438
1700 1136
1700 1316
1700 1700
1700 2556
1700 3398
1700 8
1701 1701
1701 52
1701 2834
1701 2888
1701 3185
1701 2302
1702 1702
1702 1816
1702 179
1702 1443
1702 3193
1702 82
1703 1703
1703 1382
1703 443
1703 148
1703 1587
1703 4003
1704 1704
1704 3619
1704 2992
1704 446
1704 1341
1704 3126
1705 1705
1705 650
1705 991
1705 1831
1705 8
1705 294
1706 1706
1706 3482
1706 2863
1706 398
1706 3158
1706 2239
1707 1707
1707 2399
1707 2437
1707 575
1707 650
1707 731
1708 1708
1708 1986
1708 838
1708 370
1708 2560
1708 3683
1709 1709
1709 312
1709 2612
1709 8
1709 294
1709 338
1710 1710
1710 312
1710 1424
1710 2612
1710 8
1710 294
1711 1711
1711 36
1711 588
1711 3593
1711 319
1711 1439
1712 1712
1712 569
1712 414
1712 593
1712 729
1712 1614
1713 1713
1713 8
1713 294
1713 338
1713 387
1713 557
1714 1714
1714 222
1714 692
1714 2537
1714 2772
1714 3569
1715 1715
1715 188
1715 1777
1715 193
1715 970
1715 1006
1716 1716
1716 3886
1716 1247
1716 2152
1716 319
1716 1153
1717 1717
1717 2603
1717 255
1717 1922
1717 179
1717 296
1718 1718
1718 514
1718 3824
1718 714
1718 996
1718 3769
1719 1719
1719 872
1719 777
1719 1844
1719 2712
1719 296
1720 1720
1720 3973
1720 3468
1720 660
1720 1843
1720 2036
1721 1721
1721 2469
1721 368
1721 3655
1721 72
1721 588
1722 1722
1722 2057
1722 2001
1722 2685
1722 527
1722 1889
1723 1723
1723 8
1723 294
1723 338
1723 387
1723 557
1724 1724
1724 321
1724 221
1724 2931
1724 2706
1724 3456
1725 1725
1725 2968
1725 1692
1725 2271
1725 335
1725 2655
1726 1726
1726 2247
1726 2986
1726 1667
1726 1931
1726 3077
1727 1727
1727 14
1727 2407
1727 538
1727 1791
1727 1879
1728 1728
1728 2132
1728 391
1728 1730
1728 3117
1728 1757
1729 1729
1729 1889
1729 2355
1729 8
1729 294
1729 338
1730 1730
1730 1757
1730 1728
1730 391
1730 20
1730 3419
1731 1731
1731 8
1731 294
1731 338
1731 387
1731 557
1732 1732
1732 163
1732 468
1732 875
1732 1299
1732 1713
1733 1733
1733 2912
1733 1303
1733 2073
1733 2714
1733 111
1734 968
1734 1734
1734 3284
1734 2159
1734 2912
1734 3512
1735 1735
1735 1537
1735 1211
1735 2180
1735 2707
1735 3046
1736 1736
1736 3533
1736 1759
1736 821
1736 2447
1736 2279
1737 905
1737 1737
1737 1015
1737 1464
1737 414
1737 1766
1738 1738
1738 427
1738 3763
1738 179
1738 875
1738 1204
1739 1739
1739 2601
1739 2496
1739 2958
1739 989
1739 1047
1740 1740
1740 2771
1740 3508
1740 559
1740 319
1740 1846
1741 1741
1741 161
1741 1308
1741 1330
1741 1831
1741 1906
1742 1742
1742 8
1742 294
1742 338
1742 387
1742 557
1743 1743
1743 1688
1743 8
1743 294
1743 338
1743 387
1744 1744
1744 3246
1744 1552
1744 3104
1744 168
1744 3074
1745 1745
1745 104
1745 918
1745 2152
1745 700
1745 1766
1746 1746
1746 2491
1746 3024
1746 1393
1746 1909
1746 3135
1747 1747
1747 3077
1747 2549
1747 650
1747 704
1747 902
1748 1748
1748 1603
1748 2468
1748 8
1748 294
1748 338
1749 1749
1749 2205
1749 851
1749 1519
1749 2440
1749 3850
1750 1750
1750 342
1750 1306
1750 2548
1750 821
1750 2074
1751 1751
1751 279
1751 1353
1751 1404
1751 1705
1751 1831
1752 1752
1752 1614
1752 2252
1752 569
1752 1211
1752 1325
1753 1753
1753 3242
1753 2901
1753 3929
1753 3006
1753 3662
1754 1754
1754 2342
1754 3713
1754 2078
1754 2464
1754 1013
1755 1755
1755 761
1755 875
1755 1299
1755 2190
1755 2386
1756 1756
1756 1362
1756 2678
1756 3502
1756 1277
1756 1976
1757 1757
1757 1509
1757 3419
1757 1730
1757 1728
1757 391
1758 1758
1758 8
1758 294
1758 338
1758 387
1758 557
1759 1759
1759 555
1759 2274
1759 2857
1759 1039
1759 3637
1760 1760
1760 1211
1760 2180
1760 3134
1760 8
1760 294
1761 1761
1761 199
1761 1128
1761 2152
1761 456
1761 729
1762 1762
1762 81
1762 840
1762 1017
1762 1393
1762 1889
1763 1763
1763 8
1763 294
1763 335
1763 338
1763 387
1764 1764
1764 1821
1764 2579
1764 2176
1764 3601
1764 3539
1765 1765
1765 3356
1765 3372
1765 3981
1765 2601
1765 3057
1766 1766
1766 509
1766 2075
1766 3077
1766 92
1766 650
1767 1767
1767 2295
1767 1980
1767 2252
1767 2883
1767 732
1768 1768
1768 2601
1768 1179
1768 3126
1768 3306
1768 8
1769 1769
1769 8
1769 294
1769 338
1769 387
1769 557
1770 1770
1770 1453
1770 2659
1770 1519
1770 2440
1770 3850
1771 8
1771 294
1771 338
1771 387
1771 557
1771 773
1772 1772
1772 2186
1772 1289
1772 1392
1772 1478
1772 2914
1773 1773
1773 1815
1773 365
1773 458
1773 707
1773 1115
1774 1774
1774 989
1774 2221
1774 2496
1774 2958
1774 8
1775 1775
1775 8
1775 294
1775 338
1775 387
1775 557
1776 1776
1776 854
1776 2073
1776 2537
1776 2644
1776 3893
1777 1777
1777 1289
1777 1392
1777 1478
1777 8
1777 294
1778 1778
1778 487
1778 552
1778 1656
1778 3574
1778 816
1779 1779
1779 1983
1779 358
1779 858
1779 657
1779 268
1780 1780
1780 3587
1780 1973
1780 310
1780 1118
1780 2152
1781 1781
1781 875
1781 1232
1781 1299
1781 2190
1781 8
1782 1782
1782 2666
1782 3589
1782 428
1782 650
1782 991
1783 1783
1783 2476
1783 379
1783 3904
1783 1306
1783 2424
1784 1784
1784 3258
1784 8
1784 294
1784 338
1784 387
1785 1785
1785 8
1785 294
1785 338
1785 387
1785 557
1786 1786
1786 875
1786 1299
1786 1353
1786 1404
1786 2190
1787 1787
1787 7
1787 8
1787 294
1787 338
1787 387
1788 1788
1788 956
1788 2191
1788 2284
1788 2530
1788 2960
1789 1789
1789 388
1789 3952
1789 1472
1789 2601
1789 2943
1790 1790
1790 2348
1790 1695
1790 1211
1790 1353
1790 1404
1791 1791
1791 1727
1791 2158
1791 2343
1791 2407
1791 1879
1792 1792
1792 3118
1792 3562
1792 329
1792 3887
1792 3532
1793 1793
1793 3263
1793 2730
1793 79
1793 756
1793 3489
1794 1794
1794 2073
1794 384
1794 624
1794 875
1794 938
1795 1795
1795 1289
1795 1392
1795 1478
1795 8
1795 186
1796 1506
1796 1796
1796 2904
1796 2386
1796 2707
1796 2790
1797 1797
1797 3165
1797 2000
1797 2746
1797 1460
1797 2188
1798 1798
1798 3335
1798 3836
1798 3047
1798 3450
1798 822
1799 1799
1799 3843
1799 8
1799 294
1799 338
1799 387
1800 1800
1800 1882
1800 3208
1800 2578
1800 3169
1800 1016
1801 1801
1801 2680
1801 8
1801 294
1801 338
1801 387
1802 1802
1802 319
1802 851
1802 1179
1802 2560
1802 3683
1803 1803
1803 92
1803 650
1803 918
1803 991
1803 2355
1804 1804
1804 650
1804 875
1804 918
1804 991
1804 1299
1805 1805
1805 834
1805 8
1805 294
1805 338
1805 387
1806 1806
1806 719
1806 1127
1806 1650
1806 890
1806 2065
1807 1807
1807 3496
1807 2475
1807 3719
1807 1022
1807 1667
1808 1808
1808 3206
1808 8
1808 294
1808 338
1808 387
1809 1809
1809 593
1809 3141
1809 40
1809 1854
1809 575
1810 1810
1810 1289
1810 1392
1810 1478
1810 2769
1810 8
1811 1811
1811 2287
1811 2921
1811 545
1811 3019
1811 270
1812 1812
1812 1207
1812 1427
1812 924
1812 1948
1812 2210
1813 1813
1813 8
1813 294
1813 338
1813 387
1813 557
1814 1814
1814 587
1814 1670
1814 1023
1814 2863
1814 3207
1815 1815
1815 2210
1815 378
1815 2721
1815 2914
1815 2991
1816 1816
1816 1702
1816 82
1816 292
1816 179
1816 1786
1817 1817
1817 1332
1817 2372
1817 65
1817 520
1817 571
1818 1818
1818 3101
1818 3490
1818 3705
1818 1710
1818 312
1819 1819
1819 2652
1819 459
1819 179
1819 62
1819 533
1820 1820
1820 428
1820 455
1820 1038
1820 1197
1820 1358
1821 1821
1821 650
1821 822
1821 991
1821 1482
1821 2483
1822 1822
1822 8
1822 294
1822 338
1822 387
1822 557
1823 1823
1823 3546
1823 784
1823 973
1823 398
1823 1736
1824 1824
1824 2235
1824 3161
1824 2785
1824 646
1824 910
1825 1825
1825 2072
1825 3303
1825 8
1825 294
1825 338
1826 1826
1826 103
1826 3494
1826 414
1826 3719
1826 319
1827 1827
1827 618
1827 989
1827 1165
1827 2139
1827 2221
1828 909
1828 1828
1828 2825
1828 1179
1828 8
1828 294
1829 1829
1829 634
1829 3576
1829 2173
1829 3460
1829 2282
1830 1830
1830 3325
1830 8
1830 186
1830 294
1830 338
1831 1831
1831 8
1831 294
1831 338
1831 343
1831 387
1832 1832
1832 1885
1832 2970
1832 1313
1832 451
1832 1498
1833 1833
1833 1
1833 1315
1833 2953
1833 291
1833 319
1834 1834
1834 3568
1834 3946
1834 8
1834 294
1834 338
1835 1835
1835 2073
1835 2159
1835 3512
1835 384
1835 624
1836 1836
1836 2487
1836 1936
1836 690
1836 496
1836 2909
1837 1837
1837 3606
1837 2698
1837 1608
1837 1557
1837 430
1838 1838
1838 312
1838 2386
1838 2612
1838 2790
1838 3863
1839 1839
1839 4043
1839 2525
1839 2779
1839 2883
1839 3258
1840 1840
1840 2435
1840 527
1840 3965
1840 1179
1840 8
1841 1841
1841 378
1841 1831
1841 2721
1841 3612
1841 8
1842 1842
1842 2707
1842 8
1842 188
1842 294
1842 335
1843 1843
1843 179
1843 2767
1843 3731
1843 1443
1843 3193
1844 1844
1844 3844
1844 123
1844 1540
1844 1786
1844 2712
1845 1845
1845 208
1845 3220
1845 319
1845 1393
1845 1889
1846 1846
1846 405
1846 1324
1846 559
1846 3508
1846 1145
1847 1847
1847 3319
1847 2252
1847 732
1847 2560
1847 3202
1848 1848
1848 864
1848 81
1848 1353
1848 1404
1848 1786
1849 1849
1849 2483
1849 7
1849 8
1849 186
1849 294
1850 1850
1850 2820
1850 507
1850 2708
1850 3055
1850 3982
1851 1851
1851 3282
1851 3710
1851 1831
1851 2142
1851 2386
1852 1852
1852 8
1852 294
1852 338
1852 387
1852 557
1853 1853
1853 2930
1853 731
1853 1831
1853 3258
1853 733
1854 40
1854 1854
1854 593
1854 537
1854 828
1854 2170
1855 1855
1855 305
1855 650
1855 813
1855 875
1855 991
1856 1856
1856 482
1856 8
1856 294
1856 338
1856 387
1857 1857
1857 606
1857 2985
1857 3285
1857 763
1857 2483
1858 1858
1858 2488
1858 1174
1858 2580
1858 3307
1858 3542
1859 1859
1859 2299
1859 2446
1859 3992
1859 1222
1859 1402
1860 1860
1860 1503
1860 1174
1860 3542
1860 2457
1860 1157
1861 1861
1861 1168
1861 2998
1861 423
1861 793
1861 1393
1862 1862
1862 2778
1862 851
1862 3719
1862 729
1862 1970
1863 1863
1863 1693
1863 2414
1863 2960
1863 3131
1863 3226
1864 1864
1864 179
1864 1346
1864 2497
1864 3325
1864 3937
1865 1865
1865 1562
1865 613
1865 3225
1865 642
1865 422
1866 1866
1866 638
1866 1496
1866 2454
1866 3320
1866 3761
1867 1867
1867 2779
1867 1136
1867 1316
1867 1700
1867 2556
1868 1868
1868 0
1868 875
1868 1232
1868 1299
1868 2190
1869 1869
1869 2358
1869 2839
1869 414
1869 1019
1869 2903
1870 1870
1870 793
1870 8
1870 294
1870 338
1870 387
1871 1871
1871 3771
1871 4007
1871 1380
1871 2067
1871 397
1872 1872
1872 2906
1872 3171
1872 1265
1872 1005
1872 716
1873 1873
1873 1673
1873 2421
1873 1499
1873 1989
1873 876
1874 1874
1874 3069
1874 2016
1874 2971
1874 3893
1874 130
1875 1875
1875 663
1875 491
1875 2665
1875 3856
1875 1633
1876 1876
1876 538
1876 875
1876 1232
1876 1299
1876 2190
1877 1877
1877 35
1877 2960
1877 3131
1877 3226
1877 319
1878 1878
1878 2521
1878 1815
1878 2210
1878 3119
1878 3675
1879 1879
1879 2407
1879 1727
1879 1791
1879 14
1879 542
1880 1880
1880 1831
1880 8
1880 294
1880 338
1880 343
1881 1881
1881 2633
1881 1786
1881 1877
1881 3147
1881 483
1882 1882
1882 2578
1882 3208
1882 3169
1882 2283
1882 1800
1883 1883
1883 2999
1883 580
1883 2386
1883 2790
1883 2825
1884 1884
1884 1176
1884 3053
1884 699
1884 1519
1884 2440
1885 1885
1885 2310
1885 1832
1885 451
1885 2970
1885 437
1886 1886
1886 28
1886 493
1886 2916
1886 3757
1886 3256
1887 1887
1887 3674
1887 677
1887 3056
1887 3975
1887 81
1888 1888
1888 248
1888 230
1888 2530
1888 3476
1888 296
1889 1889
1889 8
1889 294
1889 338
1889 387
1889 557
1890 1890
1890 801
1890 1289
1890 1392
1890 1478
1890 1496
1891 1891
1891 2437
1891 650
1891 695
1891 991
1891 1321
1892 1892
1892 3624
1892 989
1892 2221
1892 2496
1892 2958
1893 1893
1893 2378
1893 4047
1893 3679
1893 370
1893 707
1894 1894
1894 1211
1894 2180
1894 3134
1894 8
1894 294
1895 1895
1895 1684
1895 383
1895 989
1895 2221
1895 8
1896 1896
1896 366
1896 571
1896 1165
1896 1321
1896 1496
1897 1897
1897 805
1897 1378
1897 3119
1897 3433
1897 1115
1898 1898
1898 2937
1898 3778
1898 2406
1898 3937
1898 179
1899 1899
1899 2483
1899 7
1899 8
1899 188
1899 294
1900 1900
1900 3990
1900 92
1900 102
1900 157
1900 370
1901 1901
1901 92
1901 538
1901 650
1901 788
1901 991
1902 1902
1902 2898
1902 1723
1902 893
1902 3322
1902 2601
1903 1903
1903 1609
1903 1417
1903 1016
1903 1141
1903 2526
1904 1904
1904 1662
1904 3365
1904 1177
1904 2678
1904 447
1905 1905
1905 867
1905 98
1905 1162
1905 2132
1905 391
1906 1906
1906 8
1906 294
1906 338
1906 387
1906 557
1907 1907
1907 1515
1907 3189
1907 2584
1907 2068
1907 417
1908 1908
1908 150
1908 2412
1908 3725
1908 6
1908 2794
1909 1909
1909 733
1909 995
1909 1723
1909 2810
1909 8
1910 1910
1910 1713
1910 8
1910 294
1910 338
1910 387
1911 1911
1911 2390
1911 179
1911 650
1911 875
1911 991
1912 1912
1912 457
1912 575
1912 593
1912 2016
1912 2601
1913 1913
1913 580
1913 537
1913 828
1913 2170
1913 8
1914 1914
1914 989
1914 1047
1914 1321
1914 2221
1914 3774
1915 1915
1915 59
1915 142
1915 686
1915 432
1915 8
1916 1916
1916 2061
1916 2124
1916 2821
1916 3364
1916 2252
1917 1917
1917 1128
1917 2914
1917 2991
1917 3178
1917 4040
1918 1918
1918 2922
1918 3107
1918 3963
1918 3775
1918 744
1919 1919
1919 3421
1919 1072
1919 2594
1919 130
1919 2844
1920 1920
1920 875
1920 1204
1920 1299
1920 2190
1920 8
1921 1921
1921 662
1921 1346
1921 468
1921 497
1921 989
1922 255
1922 1922
1922 179
1922 1786
1922 1443
1922 3193
1923 1923
1923 62
1923 3925
1923 179
1923 1786
1923 2661
1924 1924
1924 1944
1924 514
1924 2560
1924 3683
1924 3824
1925 1925
1925 2384
1925 8
1925 81
1925 186
1925 294
1926 1926
1926 282
1926 1601
1926 1461
1926 3282
1926 3413
1927 1927
1927 483
1927 81
1927 527
1927 772
1927 875
1928 1928
1928 2639
1928 1468
1928 84
1928 2672
1928 355
1929 1929
1929 2669
1929 1314
1929 1982
1929 2927
1929 957
1930 1930
1930 1289
1930 1392
1930 1478
1930 2789
1930 8
1931 1931
1931 875
1931 1299
1931 2190
1931 8
1931 134
1932 1932
1932 3143
1932 230
1932 345
1932 1479
1932 3712
1933 1933
1933 731
1933 1353
1933 1404
1933 2483
1933 1179
1934 1934
1934 2798
1934 1136
1934 1316
1934 1700
1934 2556
1935 1935
1935 3895
1935 1064
1935 2949
1935 1126
1935 2565
1936 1936
1936 496
1936 1836
1936 620
1936 3806
1936 2909
1937 1937
1937 1322
1937 3522
1937 958
1937 1777
1937 208
1938 1938
1938 153
1938 1617
1938 882
1938 2707
1938 402
1939 1939
1939 3158
1939 1573
1939 468
1939 575
1939 875
1940 1940
1940 799
1940 3713
1940 1590
1940 2464
1940 1013
1941 1941
1941 1519
1941 2440
1941 3850
1941 104
1941 882
1942 1942
1942 414
1942 2252
1942 170
1942 504
1942 875
1943 1943
1943 603
1943 2387
1943 2447
1943 1039
1943 3533
1944 1924
1944 1944
1944 514
1944 2560
1944 3683
1944 3824
1945 1945
1945 2656
1945 722
1945 3978
1945 650
1945 801
1946 1946
1946 901
1946 1550
1946 2912
1946 3570
1946 2073
1947 1947
1947 3136
1947 875
1947 1299
1947 2190
1947 8
1948 1948
1948 3543
1948 378
1948 527
1948 2276
1948 2721
1949 1949
1949 3426
1949 276
1949 363
1949 586
1949 914
1950 1950
1950 2271
1950 237
1950 428
1950 731
1950 1353
1951 1951
1951 788
1951 8
1951 294
1951 338
1951 387
1952 1952
1952 1688
1952 8
1952 294
1952 338
1952 387
1953 1953
1953 980
1953 2723
1953 1824
1953 1407
1953 3161
1954 1954
1954 296
1954 397
1954 813
1954 179
1954 692
1955 1955
1955 1692
1955 2271
1955 1786
1955 3626
1955 126
1956 1956
1956 2961
1956 343
1956 2560
1956 3683
1956 319
1957 1957
1957 2060
1957 1438
1957 104
1957 1321
1957 1433
1958 1958
1958 1388
1958 3372
1958 1528
1958 2152
1958 1766
1959 1959
1959 3642
1959 3958
1959 67
1959 272
1959 733
1960 1960
1960 468
1960 2825
1960 8
1960 294
1960 338
1961 1961
1961 650
1961 733
1961 991
1961 995
1961 1705
1962 1962
1962 1398
1962 4046
1962 801
1962 3747
1962 2090
1963 1963
1963 3396
1963 596
1963 3332
1963 618
1963 989
1964 1964
1964 347
1964 44
1964 248
1964 296
1964 92
1965 1965
1965 2100
1965 8
1965 294
1965 338
1965 387
1966 1966
1966 3217
1966 8
1966 294
1966 338
1966 387
1967 1967
1967 179
1967 230
1967 1295
1967 3476
1967 62
1968 1968
1968 1289
1968 1392
1968 1478
1968 1688
1968 2315
1969 1969
1969 3192
1969 704
1969 3122
1969 768
1969 343
1970 1970
1970 733
1970 995
1970 2135
1970 2810
1970 8
1971 1971
1971 788
1971 3220
1971 1025
1971 1153
1971 1456
1972 1972
1972 3941
1972 1889
1972 2601
1972 1179
1972 8
1973 1973
1973 1780
1973 3587
1973 3977
1973 2496
1973 2560
1974 1974
1974 2210
1974 365
1974 378
1974 2721
1974 2914
1975 779
1975 870
1975 1975
1975 8
1975 294
1975 338
1976 1976
1976 1362
1976 2678
1976 1756
1976 1662
1976 3502
1977 1977
1977 433
1977 170
1977 1211
1977 2180
1977 3134
1978 1978
1978 2845
1978 8
1978 294
1978 338
1978 387
1979 1979
1979 3095
1979 3038
1979 3056
1979 3624
1979 767
1980 1980
1980 1649
1980 2252
1980 2883
1980 370
1980 1211
1981 1981
1981 41
1981 650
1981 991
1981 2005
1981 2386
1982 1982
1982 1456
1982 8
1982 294
1982 338
1982 387
1983 1983
1983 358
1983 858
1983 657
1983 2722
1983 2628
1984 1984
1984 29
1984 166
1984 3916
1984 179
1984 296
1985 1985
1985 264
1985 3075
1985 255
1985 1922
1985 2712
1986 1986
1986 1708
1986 838
1986 2496
1986 2958
1986 989
1987 1987
1987 2301
1987 1786
1987 3626
1987 3658
1987 1027
1988 1988
1988 374
1988 625
1988 179
1988 296
1988 62
1989 1989
1989 1522
1989 1982
1989 2772
1989 2927
1989 3569
1990 1990
1990 378
1990 2276
1990 2406
1990 2721
1990 2845
1991 1991
1991 414
1991 593
1991 2883
1991 3628
1991 569
1992 1992
1992 3243
1992 650
1992 991
1992 2975
1992 3548
1993 1993
1993 3117
1993 3553
1993 335
1993 3543
1993 378
1994 1994
1994 295
1994 959
1994 1179
1994 8
1994 294
1995 1995
1995 8
1995 294
1995 338
1995 387
1995 557
1996 1996
1996 8
1996 294
1996 338
1996 387
1996 557
1997 1997
1997 1460
1997 3285
1997 1179
1997 8
1997 294
1998 1998
1998 1692
1998 1725
1998 281
1998 2271
1998 3689
1999 1999
1999 2881
1999 1187
1999 2811
1999 3652
1999 3411
2000 2000
2000 3165
2000 1797
2000 1634
2000 1786
2000 3588
2001 2001
2001 2685
2001 8
2001 294
2001 338
2001 387
2002 2002
2002 1804
2002 2896
2002 497
2002 1055
2002 1635
2003 2003
2003 3139
2003 296
2003 2104
2003 2896
2003 1667
2004 2004
2004 4014
2004 704
2004 2252
2004 3077
2004 3122
2005 41
2005 2005
2005 8
2005 294
2005 338
2005 387
2006 2006
2006 215
2006 1394
2006 2285
2006 1741
2006 624
2007 2007
2007 81
2007 1211
2007 1496
2007 2180
2007 2454
2008 1002
2008 2008
2008 3085
2008 8
2008 294
2008 338
2009 2009
2009 3297
2009 1841
2009 378
2009 714
2009 1831
2010 2010
2010 3203
2010 570
2010 92
2010 623
2010 902
2011 2011
2011 1017
2011 2272
2011 2808
2011 2858
2011 8
2012 2012
2012 875
2012 1299
2012 2190
2012 1179
2012 8
2013 2013
2013 3950
2013 205
2013 1679
2013 422
2013 3931
2014 2014
2014 157
2014 538
2014 788
2014 908
2014 1169
2015 2015
2015 8
2015 294
2015 338
2015 387
2015 557
2016 2016
2016 3069
2016 3085
2016 8
2016 294
2016 338
2017 2017
2017 902
2017 354
2017 650
2017 659
2017 991
2018 2018
2018 612
2018 1790
2018 2348
2018 2188
2018 3689
2019 2019
2019 298
2019 720
2019 1027
2019 1496
2019 2454
2020 2020
2020 107
2020 1834
2020 1439
2020 2070
2020 2257
2021 2021
2021 3258
2021 8
2021 294
2021 338
2021 387
2022 2022
2022 3583
2022 2494
2022 583
2022 179
2022 3920
2023 2023
2023 3548
2023 650
2023 991
2023 1017
2023 2272
2024 2024
2024 2540
2024 959
2024 3354
2024 3455
2024 8
2025 2025
2025 3405
2025 2534
2025 2292
2025 2537
2025 2248
2026 2026
2026 1713
2026 2434
2026 3318
2026 8
2026 188
2027 2027
2027 378
2027 2721
2027 3612
2027 8
2027 294
2028 2028
2028 3305
2028 364
2028 365
2028 949
2028 3040
2029 2029
2029 3515
2029 323
2029 3081
2029 3467
2029 3893
2030 2030
2030 3521
2030 2462
2030 134
2030 755
2030 771
2031 2031
2031 1496
2031 2454
2031 3320
2031 537
2031 828
2032 2032
2032 8
2032 294
2032 338
2032 387
2032 557
2033 2033
2033 1353
2033 1404
2033 8
2033 65
2033 294
2034 2034
2034 1354
2034 65
2034 1786
2034 92
2034 650
2035 2035
2035 468
2035 8
2035 294
2035 338
2035 387
2036 2036
2036 660
2036 2248
2036 179
2036 2661
2036 1443
2037 2037
2037 2870
2037 652
2037 454
2037 3271
2037 3397
2038 2038
2038 1799
2038 2825
2038 8
2038 294
2038 338
2039 2039
2039 363
2039 2746
2039 3058
2039 126
2039 296
2040 2040
2040 3340
2040 2428
2040 3145
2040 109
2040 525
2041 2041
2041 91
2041 2449
2041 2575
2041 93
2041 444
2042 2042
2042 3119
2042 378
2042 609
2042 1889
2042 2475
2043 2043
2043 1006
2043 1777
2043 801
2043 1289
2043 1392
2044 2044
2044 1128
2044 2560
2044 3683
2044 8
2044 240
2045 2045
2045 2833
2045 2887
2045 8
2045 294
2045 338
2046 2046
2046 8
2046 294
2046 338
2046 387
2046 557
2047 2047
2047 930
2047 538
2047 731
2047 1179
2047 8
2048 2048
2048 640
2048 902
2048 3557
2048 354
2048 650
2049 2049
2049 888
2049 2983
2049 3229
2049 3637
2049 1310
2050 2050
2050 3626
2050 126
2050 134
2050 286
2050 378
2051 2051
2051 2774
2051 177
2051 3470
2051 634
2051 1503
2052 2052
2052 733
2052 989
2052 995
2052 2221
2052 2810
2053 2053
2053 8
2053 197
2053 294
2053 338
2053 387
2054 2054
2054 528
2054 854
2054 2159
2054 3512
2054 1776
2055 2055
2055 2538
2055 2845
2055 8
2055 294
2055 338
2056 2056
2056 39
2056 1522
2056 3094
2056 1153
2056 1646
2057 2057
2057 1722
2057 2001
2057 2685
2057 1889
2057 8
2058 2058
2058 3931
2058 8
2058 294
2058 338
2058 387
2059 2059
2059 1803
2059 2292
2059 1545
2059 48
2059 918
2060 2060
2060 1957
2060 1438
2060 1433
2060 2271
2060 104
2061 2061
2061 1916
2061 3719
2061 2124
2061 2252
2061 1128
2062 2062
2062 1175
2062 1765
2062 3356
2062 316
2062 2012
2063 2063
2063 345
2063 3212
2063 296
2063 1967
2063 179
2064 2064
2064 2749
2064 803
2064 2451
2064 3761
2064 1713
2065 2065
2065 3079
2065 2211
2065 731
2065 1321
2065 3064
2066 2066
2066 420
2066 2935
2066 414
2066 2152
2066 2171
2067 2067
2067 1380
2067 1579
2067 2535
2067 1967
2067 179
2068 2068
2068 2416
2068 1515
2068 3189
2068 1907
2068 417
2069 2069
2069 3161
2069 646
2069 910
2069 2889
2069 934
2070 1439
2070 2070
2070 2257
2070 3370
2070 2252
2070 3620
2071 2071
2071 2447
2071 849
2071 3688
2071 850
2071 443
2072 1825
2072 2072
2072 3303
2072 8
2072 294
2072 338
2073 2073
2073 384
2073 624
2073 875
2073 1299
2073 2190
2074 2074
2074 3543
2074 378
2074 609
2074 875
2074 1299
2075 2075
2075 8
2075 294
2075 338
2075 387
2075 557
2076 8
2076 294
2076 338
2076 387
2076 557
2076 773
2077 2077
2077 436
2077 3366
2077 176
2077 3175
2077 2862
2078 2078
2078 2342
2078 1754
2078 1013
2078 2326
2078 2464
2079 2079
2079 3083
2079 2530
2079 230
2079 248
2079 296
2080 2080
2080 2203
2080 3562
2080 3532
2080 329
2080 3887
2081 2081
2081 967
2081 146
2081 822
2081 0
2081 104
2082 2082
2082 1333
2082 650
2082 991
2082 2001
2082 2685
2083 2083
2083 378
2083 2386
2083 2721
2083 2790
2083 3612
2084 2084
2084 734
2084 1561
2084 446
2084 1341
2084 2601
2085 2085
2085 2532
2085 161
2085 2326
2085 3178
2085 3258
2086 2086
2086 610
2086 1128
2086 4040
2086 310
2086 3122
2087 2087
2087 2845
2087 8
2087 294
2087 338
2087 387
2088 2088
2088 793
2088 8
2088 294
2088 338
2088 387
2089 2089
2089 2978
2089 650
2089 991
2089 3937
2089 8
2090 2090
2090 4046
2090 3120
2090 468
2090 1292
2090 2337
2091 2091
2091 1467
2091 1786
2091 237
2091 428
2091 875
2092 2092
2092 99
2092 2004
2092 4014
2092 704
2092 2152
2093 2093
2093 271
2093 3841
2093 1071
2093 1732
2093 3419
2094 2094
2094 731
2094 8
2094 294
2094 338
2094 387
2095 2095
2095 1080
2095 3352
2095 1600
2095 1431
2095 1081
2096 2096
2096 1089
2096 1982
2096 733
2096 995
2096 1456
2097 2097
2097 3961
2097 2108
2097 2241
2097 3188
2097 149
2098 2098
2098 3373
2098 2642
2098 511
2098 4043
2098 2456
2099 2099
2099 1272
2099 1526
2099 3428
2099 90
2099 3898
2100 1965
2100 2100
2100 8
2100 294
2100 338
2100 387
2101 2101
2101 621
2101 1186
2101 428
2101 2897
2101 33
2102 2102
2102 1098
2102 2271
2102 1429
2102 2324
2102 276
2103 2103
2103 2816
2103 639
2103 1670
2103 2701
2103 2291
2104 2104
2104 2914
2104 2991
2104 3937
2104 1136
2104 1316
2105 2105
2105 3350
2105 2075
2105 2623
2105 3568
2105 3946
2106 2106
2106 2137
2106 1733
2106 2478
2106 2912
2106 3371
2107 8
2107 294
2107 338
2107 387
2107 557
2107 773
2108 2108
2108 1292
2108 2406
2108 2468
2108 3641
2108 3753
2109 2109
2109 1428
2109 1357
2109 3111
2109 1030
2109 1353
2110 2110
2110 400
2110 3453
2110 989
2110 1047
2110 2221
2111 2111
2111 1001
2111 650
2111 991
2111 2189
2111 2893
2112 2112
2112 3822
2112 414
2112 978
2112 1338
2112 851
2113 2113
2113 2243
2113 2625
2113 217
2113 2284
2113 2601
2114 2114
2114 3252
2114 3975
2114 3990
2114 41
2114 92
2115 2115
2115 71
2115 2222
2115 2275
2115 4001
2115 3680
2116 2116
2116 3148
2116 2336
2116 145
2116 2755
2116 3117
2117 8
2117 294
2117 338
2117 387
2117 557
2117 773
2118 2118
2118 1365
2118 2820
2118 356
2118 620
2118 3806
2119 2119
2119 2988
2119 2403
2119 2661
2119 3500
2119 468
2120 2120
2120 3753
2120 8
2120 294
2120 338
2120 387
2121 2121
2121 3725
2121 2412
2121 389
2121 1908
2121 150
2122 2122
2122 3565
2122 3657
2122 2932
2122 1680
2122 2952
2123 2123
2123 3766
2123 291
2123 2347
2123 961
2123 2627
2124 2124
2124 3128
2124 2061
2124 729
2124 2252
2124 1128
2125 2125
2125 3038
2125 92
2125 650
2125 875
2125 918
2126 2126
2126 2280
2126 1161
2126 2673
2126 278
2126 1072
2127 2127
2127 3670
2127 822
2127 2496
2127 2958
2127 468
2128 2128
2128 189
2128 1074
2128 733
2128 995
2128 2810
2129 2129
2129 1584
2129 4030
2129 715
2129 1215
2129 2156
2130 2130
2130 852
2130 2564
2130 3575
2130 2761
2130 3708
2131 2131
2131 426
2131 2286
2131 469
2131 1627
2131 2677
2132 2132
2132 3117
2132 1728
2132 391
2132 96
2132 1567
2133 2133
2133 3885
2133 580
2133 2483
2133 2582
2133 3978
2134 2134
2134 8
2134 290
2134 294
2134 338
2134 387
2135 2135
2135 1970
2135 650
2135 733
2135 991
2135 995
2136 2136
2136 3303
2136 8
2136 294
2136 338
2136 387
2137 2137
2137 2106
2137 2478
2137 3371
2137 1303
2137 286
2138 2138
2138 2259
2138 1035
2138 1179
2138 8
2138 104
2139 1165
2139 2139
2139 8
2139 294
2139 338
2139 387
2140 2140
2140 53
2140 1374
2140 3258
2140 2434
2140 3753
2141 2141
2141 1112
2141 939
2141 2404
2141 194
2141 901
2142 2142
2142 2386
2142 2746
2142 2790
2142 8
2142 294
2143 2143
2143 2985
2143 999
2143 606
2143 3285
2143 2631
2144 2144
2144 1229
2144 414
2144 593
2144 854
2144 2252
2145 2145
2145 179
2145 284
2145 692
2145 62
2145 296
2146 2146
2146 1235
2146 2897
2146 686
2146 954
2146 1017
2147 2147
2147 2499
2147 593
2147 144
2147 1777
2147 2726
2148 2148
2148 2325
2148 593
2148 130
2148 575
2148 1723
2149 2149
2149 2423
2149 3527
2149 912
2149 2802
2149 3327
2150 2150
2150 2572
2150 1495
2150 3859
2150 1289
2150 1353
2151 2151
2151 2516
2151 296
2151 179
2151 643
2151 961
2152 2152
2152 704
2152 729
2152 1022
2152 2252
2152 3077
2153 2153
2153 3164
2153 3966
2153 1179
2153 8
2153 294
2154 2154
2154 2655
2154 875
2154 1299
2154 2190
2154 3649
2155 2155
2155 2975
2155 8
2155 294
2155 338
2155 387
2156 2156
2156 586
2156 8
2156 294
2156 338
2156 387
2157 2157
2157 179
2157 62
2157 296
2157 397
2157 533
2158 2158
2158 236
2158 2343
2158 414
2158 1614
2158 2594
2159 2159
2159 3512
2159 2073
2159 384
2159 624
2159 854
2160 2160
2160 2965
2160 3397
2160 303
2160 3635
2160 2870
2161 2161
2161 161
2161 650
2161 991
2161 3258
2161 2779
2162 2162
2162 4009
2162 296
2162 3212
2162 3247
2162 179
2163 2163
2163 146
2163 3568
2163 3946
2163 3872
2163 3966
2164 2164
2164 318
2164 3052
2164 1252
2164 3353
2164 1777
2165 2165
2165 2601
2165 92
2165 157
2165 2821
2165 3318
2166 2166
2166 3936
2166 3966
2166 8
2166 294
2166 338
2167 2167
2167 348
2167 2306
2167 8
2167 294
2167 338
2168 2168
2168 74
2168 960
2168 185
2168 2636
2168 2396
2169 2169
2169 624
2169 1028
2169 1794
2169 2073
2169 365
2170 537
2170 828
2170 2170
2170 8
2170 294
2170 338
2171 2171
2171 325
2171 1128
2171 1136
2171 1316
2171 1700
2172 2172
2172 1604
2172 3543
2172 378
2172 586
2172 629
2173 2173
2173 1829
2173 3460
2173 2282
2173 634
2173 3576
2174 2174
2174 1054
2174 1348
2174 2959
2174 3815
2174 3064
2175 2175
2175 3923
2175 1549
2175 2282
2175 1161
2175 984
2176 2176
2176 2579
2176 1131
2176 161
2176 650
2176 822
2177 2177
2177 8
2177 294
2177 338
2177 387
2177 557
2178 2178
2178 2171
2178 3069
2178 3786
2178 132
2178 310
2179 2179
2179 10
2179 2914
2179 2991
2179 8
2179 294
2180 1211
2180 2180
2180 3134
2180 8
2180 294
2180 338
2181 2181
2181 882
2181 3131
2181 989
2181 2221
2181 2496
2182 2182
2182 26
2182 3303
2182 959
2182 1292
2182 3332
2183 2183
2183 825
2183 732
2183 3292
2183 1869
2183 2358
2184 2184
2184 378
2184 650
2184 991
2184 1115
2184 2721
2185 2185
2185 707
2185 2883
2185 1211
2185 1831
2185 2180
2186 2186
2186 1772
2186 1289
2186 1392
2186 1478
2186 2914
2187 2187
2187 2864
2187 1197
2187 3113
2187 3991
2187 2772
2188 2188
2188 1353
2188 1404
2188 1889
2188 8
2188 294
2189 2189
2189 8
2189 294
2189 338
2189 387
2189 557
2190 875
2190 1299
2190 2190
2190 8
2190 134
2190 179
2191 2191
2191 650
2191 989
2191 991
2191 2221
2191 2496
2192 2192
2192 2982
2192 3937
2192 8
2192 179
2192 294
2193 2193
2193 1831
2193 8
2193 134
2193 294
2193 338
2194 2194
2194 1425
2194 2356
2194 3475
2194 447
2194 3745
2195 2195
2195 1232
2195 179
2195 1781
2195 62
2195 296
2196 2196
2196 3684
2196 335
2196 237
2196 378
2196 438
2197 2197
2197 1612
2197 501
2197 707
2197 3990
2197 157
2198 1020
2198 2198
2198 989
2198 2221
2198 2496
2198 2958
2199 2199
2199 2959
2199 658
2199 3568
2199 3946
2199 291
2200 2200
2200 826
2200 2448
2200 381
2200 1831
2200 989
2201 2201
2201 534
2201 3144
2201 740
2201 935
2201 989
2202 2202
2202 4055
2202 245
2202 1286
2202 3007
2202 2152
2203 2203
2203 2080
2203 3562
2203 329
2203 3532
2203 3887
2204 2204
2204 1982
2204 1456
2204 2472
2204 3258
2204 3274
2205 2205
2205 319
2205 851
2205 1179
2205 2560
2205 3683
2206 2206
2206 788
2206 875
2206 1299
2206 1831
2206 2046
2207 2207
2207 0
2207 65
2207 3137
2207 179
2207 692
2208 2208
2208 3970
2208 684
2208 2418
2208 3768
2208 3
2209 2209
2209 3478
2209 1181
2209 262
2209 2822
2209 1987
2210 2210
2210 378
2210 2721
2210 2914
2210 2991
2210 3612
2211 2211
2211 731
2211 8
2211 294
2211 338
2211 387
2212 2212
2212 8
2212 294
2212 338
2212 387
2212 557
2213 2213
2213 648
2213 666
2213 1462
2213 577
2213 1515
2214 2214
2214 1179
2214 8
2214 294
2214 338
2214 387
2215 2215
2215 3935
2215 876
2215 188
2215 1115
2215 2210
2216 2216
2216 2981
2216 1786
2216 875
2216 1299
2216 1353
2217 2217
2217 3367
2217 378
2217 2406
2217 2468
2217 2721
2218 2218
2218 2756
2218 296
2218 179
2218 1443
2218 3193
2219 2219
2219 8
2219 294
2219 338
2219 387
2219 557
2220 2220
2220 1666
2220 320
2220 192
2220 1293
2220 3666
2221 989
2221 2221
2221 2496
2221 2958
2221 8
2221 294
2222 2222
2222 71
2222 2115
2222 2275
2222 4001
2222 3680
2223 2223
2223 402
2223 624
2223 875
2223 1232
2223 1299
2224 2224
2224 3295
2224 2462
2224 104
2224 335
2224 1057
2225 2225
2225 970
2225 2550
2225 3626
2225 483
2225 62
2226 2226
2226 1616
2226 957
2226 3178
2226 1906
2226 1723
2227 2227
2227 2306
2227 2386
2227 2790
2227 8
2227 294
2228 2228
2228 343
2228 3449
2228 875
2228 1299
2228 1831
2229 2229
2229 3954
2229 733
2229 995
2229 2810
2229 3215
2230 2230
2230 2825
2230 8
2230 294
2230 338
2230 387
2231 2231
2231 319
2231 2975
2231 3303
2231 1179
2231 1519
2232 2232
2232 1031
2232 3748
2232 3848
2232 135
2232 822
2233 2233
2233 3625
2233 177
2233 3470
2233 597
2233 2580
2234 2234
2234 3827
2234 92
2234 402
2234 568
2234 650
2235 2235
2235 2785
2235 3719
2235 2252
2235 1019
2235 2903
2236 2236
2236 550
2236 3474
2236 3857
2236 3138
2236 296
2237 2237
2237 788
2237 2483
2237 3843
2237 7
2237 8
2238 2238
2238 2724
2238 3789
2238 702
2238 875
2238 1299
2239 2239
2239 3379
2239 3497
2239 2291
2239 3256
2239 4033
2240 2240
2240 299
2240 58
2240 3531
2240 3813
2240 1415
2241 2241
2241 650
2241 991
2241 8
2241 294
2241 338
2242 2242
2242 8
2242 294
2242 338
2242 387
2242 557
2243 2243
2243 1126
2243 2113
2243 1030
2243 1353
2243 1404
2244 2244
2244 1911
2244 2390
2244 3562
2244 329
2244 2080
2245 2245
2245 1551
2245 1522
2245 668
2245 1153
2245 2462
2246 2246
2246 949
2246 1350
2246 1507
2246 3077
2246 2683
2247 2247
2247 2986
2247 1726
2247 1667
2247 3077
2247 3662
2248 2248
2248 179
2248 62
2248 296
2248 397
2248 533
2249 2249
2249 593
2249 707
2249 3633
2249 40
2249 1854
2250 2250
2250 472
2250 669
2250 3091
2250 1729
2250 2601
2251 2251
2251 2845
2251 8
2251 272
2251 294
2251 335
2252 2252
2252 1211
2252 1325
2252 2180
2252 2305
2252 2475
2253 2253
2253 2402
2253 58
2253 3711
2253 2240
2253 3531
2254 2254
2254 1518
2254 296
2254 179
2254 186
2254 2552
2255 2255
2255 1197
2255 1234
2255 1970
2255 1982
2255 3141
2256 2256
2256 924
2256 3499
2256 3543
2256 3584
2256 3990
2257 1439
2257 2070
2257 2257
2257 3370
2257 2252
2257 3620
2258 2258
2258 624
2258 900
2258 1028
2258 2073
2258 2159
2259 2138
2259 2259
2259 1035
2259 1179
2259 8
2259 104
2260 2260
2260 3125
2260 416
2260 2761
2260 2431
2260 1104
2261 2261
2261 1980
2261 414
2261 1649
2261 2252
2261 2883
2262 2262
2262 2560
2262 3683
2262 8
2262 294
2262 338
2263 2263
2263 230
2263 248
2263 2530
2263 2663
2263 125
2264 2264
2264 2303
2264 857
2264 1460
2264 468
2264 497
2265 2265
2265 549
2265 187
2265 794
2265 865
2265 744
2266 2266
2266 3146
2266 692
2266 2228
2266 2385
2266 875
2267 2267
2267 1127
2267 1650
2267 3191
2267 3474
2267 2307
2268 2268
2268 8
2268 134
2268 294
2268 338
2268 387
2269 2269
2269 1781
2269 3626
2269 126
2269 875
2269 1232
2270 2270
2270 3884
2270 2483
2270 3966
2270 7
2270 8
2271 2271
2271 1692
2271 8
2271 294
2271 338
2271 387
2272 1017
2272 2272
2272 2858
2272 8
2272 294
2272 338
2273 2273
2273 1635
2273 310
2273 343
2273 381
2273 1134
2274 2274
2274 555
2274 2857
2274 1759
2274 2701
2274 1310
2275 2275
2275 71
2275 2115
2275 2222
2275 4001
2275 2351
2276 2276
2276 2845
2276 8
2276 294
2276 338
2276 387
2277 2277
2277 3872
2277 650
2277 991
2277 3925
2277 3966
2278 2278
2278 2566
2278 1577
2278 255
2278 1922
2278 179
2279 2279
2279 3533
2279 1039
2279 1759
2279 1736
2279 3716
2280 2280
2280 2126
2280 1161
2280 2673
2280 278
2280 732
2281 2281
2281 2919
2281 3744
2281 2252
2281 310
2281 1165
2282 2282
2282 3460
2282 3923
2282 2766
2282 2173
2282 68
2283 2283
2283 2578
2283 3208
2283 993
2283 3321
2283 82
2284 2284
2284 8
2284 294
2284 338
2284 387
2284 557
2285 2285
2285 2006
2285 2462
2285 2485
2285 3295
2285 365
2286 2286
2286 426
2286 1627
2286 2131
2286 1010
2286 3921
2287 2287
2287 2921
2287 545
2287 1811
2287 3019
2287 270
2288 2288
2288 650
2288 991
2288 1030
2288 1240
2288 1321
2289 2289
2289 3931
2289 8
2289 186
2289 294
2289 338
2290 2290
2290 3303
2290 1179
2290 8
2290 130
2290 291
2291 2291
2291 3497
2291 573
2291 4033
2291 375
2291 3877
2292 2292
2292 2537
2292 111
2292 875
2292 1299
2292 2190
2293 2293
2293 520
2293 2406
2293 2483
2293 7
2293 8
2294 2294
2294 674
2294 1534
2294 3024
2294 369
2294 1746
2295 1767
2295 2295
2295 1980
2295 2252
2295 2883
2295 732
2296 2296
2296 179
2296 62
2296 296
2296 397
2296 533
2297 2297
2297 1983
2297 947
2297 358
2297 657
2297 858
2298 2298
2298 1440
2298 641
2298 2801
2298 2292
2298 111
2299 2299
2299 1859
2299 2446
2299 3992
2299 1402
2299 1222
2300 2300
2300 62
2300 624
2300 875
2300 1299
2300 2190
2301 2301
2301 1769
2301 438
2301 638
2301 1027
2301 1353
2302 2302
2302 2888
2302 1970
2302 2834
2302 733
2302 995
2303 2303
2303 2264
2303 3499
2303 468
2303 497
2303 1889
2304 2304
2304 3673
2304 1035
2304 8
2304 294
2304 338
2305 2305
2305 2252
2305 1211
2305 1325
2305 2180
2305 2475
2306 2306
2306 1353
2306 1404
2306 8
2306 294
2306 338
2307 2307
2307 1738
2307 1127
2307 1554
2307 3488
2307 230
2308 2308
2308 8
2308 294
2308 338
2308 387
2308 557
2309 2309
2309 3151
2309 785
2309 757
2309 1021
2309 1808
2310 2310
2310 451
2310 1885
2310 1832
2310 1313
2310 2720
2311 2311
2311 3843
2311 8
2311 294
2311 338
2311 387
2312 2312
2312 352
2312 2726
2312 575
2312 593
2312 1781
2313 2313
2313 650
2313 991
2313 1688
2313 8
2313 294
2314 2314
2314 593
2314 527
2314 575
2314 1289
2314 1392
2315 2315
2315 650
2315 801
2315 991
2315 1289
2315 1392
2316 2316
2316 2779
2316 2825
2316 1179
2316 8
2316 294
2317 2317
2317 2923
2317 3994
2317 609
2317 875
2317 1299
2318 2318
2318 3157
2318 571
2318 312
2318 409
2318 2355
2319 2319
2319 3505
2319 62
2319 296
2319 2777
2319 3900
2320 2320
2320 1006
2320 1777
2320 2883
2320 4020
2320 569
2321 2321
2321 449
2321 580
2321 1321
2321 2734
2321 3325
2322 2322
2322 209
2322 3106
2322 495
2322 3601
2322 817
2323 2323
2323 2459
2323 308
2323 108
2323 92
2323 650
2324 1429
2324 2324
2324 2271
2324 650
2324 991
2324 1098
2325 2325
2325 2148
2325 130
2325 319
2325 1393
2325 1723
2326 2326
2326 8
2326 294
2326 338
2326 387
2326 557
2327 2327
2327 3424
2327 1917
2327 514
2327 2560
2327 3133
2328 2328
2328 3416
2328 801
2328 1496
2328 2454
2328 3320
2329 2329
2329 62
2329 65
2329 179
2329 223
2329 1786
2330 2330
2330 1211
2330 1456
2330 2180
2330 2230
2330 3134
2331 2331
2331 41
2331 2005
2331 8
2331 294
2331 338
2332 2332
2332 1215
2332 2230
2332 2643
2332 2825
2332 2914
2333 2333
2333 3520
2333 2645
2333 3711
2333 2253
2333 2402
2334 2334
2334 725
2334 1263
2334 1308
2334 92
2334 559
2335 2335
2335 2477
2335 1535
2335 1136
2335 1316
2335 1700
2336 2336
2336 3148
2336 2116
2336 145
2336 3094
2336 875
2337 2337
2337 1292
2337 3641
2337 8
2337 294
2337 338
2338 1606
2338 2338
2338 3323
2338 170
2338 731
2338 733
2339 2339
2339 343
2339 3122
2339 370
2339 650
2339 991
2340 2340
2340 190
2340 2758
2340 859
2340 1057
2340 1437
2341 2341
2341 1037
2341 2435
2341 1646
2341 1840
2341 2927
2342 2342
2342 1754
2342 3713
2342 2464
2342 1013
2342 2078
2343 2343
2343 2158
2343 296
2343 248
2343 3804
2343 179
2344 2344
2344 2949
2344 586
2344 650
2344 991
2344 1705
2345 2345
2345 770
2345 91
2345 2449
2345 899
2345 2575
2346 2346
2346 609
2346 2210
2346 60
2346 378
2346 2552
2347 2347
2347 325
2347 2386
2347 2790
2347 1136
2347 1316
2348 2348
2348 1790
2348 2897
2348 3077
2348 1353
2348 1404
2349 2349
2349 3407
2349 186
2349 718
2349 1541
2349 1849
2350 2350
2350 2191
2350 1101
2350 2284
2350 2959
2350 989
2351 2351
2351 282
2351 1926
2351 3042
2351 3955
2351 2905
2352 2352
2352 208
2352 987
2352 3975
2352 92
2352 650
2353 2353
2353 3412
2353 2306
2353 1004
2353 2677
2353 348
2354 2354
2354 24
2354 3631
2354 1482
2354 2601
2354 2943
2355 2355
2355 8
2355 294
2355 338
2355 366
2355 387
2356 1425
2356 2356
2356 875
2356 1299
2356 1321
2356 2190
2357 2357
2357 276
2357 402
2357 650
2357 989
2357 991
2358 1869
2358 2358
2358 2839
2358 414
2358 1019
2358 2903
2359 2359
2359 8
2359 186
2359 294
2359 338
2359 387
2360 2360
2360 3935
2360 213
2360 3675
2360 1522
2360 876
2361 2361
2361 538
2361 1179
2361 8
2361 294
2361 338
2362 2362
2362 1153
2362 126
2362 1522
2362 586
2362 695
2363 2363
2363 822
2363 1982
2363 2927
2363 1017
2363 1456
2364 2364
2364 1394
2364 3379
2364 583
2364 2550
2364 126
2365 2365
2365 1669
2365 3519
2365 949
2365 3474
2365 2246
2366 2366
2366 3368
2366 801
2366 2551
2366 3053
2366 3747
2367 2367
2367 2563
2367 3286
2367 3925
2367 3849
2367 40
2368 2368
2368 800
2368 179
2368 1982
2368 2927
2368 62
2369 2369
2369 4012
2369 650
2369 991
2369 1456
2369 3049
2370 2370
2370 760
2370 312
2370 438
2370 1292
2370 1889
2371 2371
2371 179
2371 230
2371 720
2371 961
2371 3920
2372 2372
2372 1496
2372 1723
2372 2454
2372 3320
2372 8
2373 2373
2373 1599
2373 2397
2373 1521
2373 3198
2373 3258
2374 2374
2374 2789
2374 593
2374 3113
2374 3849
2374 575
2375 2375
2375 1200
2375 1625
2375 3399
2375 658
2375 275
2376 2376
2376 832
2376 3594
2376 2863
2376 445
2376 947
2377 2377
2377 2383
2377 766
2377 230
2377 1571
2377 1967
2378 2378
2378 1893
2378 1494
2378 4047
2378 3679
2378 104
2379 2379
2379 2655
2379 3056
2379 3332
2379 154
2379 650
2380 2380
2380 193
2380 3285
2380 1997
2380 3735
2380 468
2381 2381
2381 326
2381 296
2381 2315
2381 3139
2381 248
2382 2382
2382 1061
2382 3929
2382 335
2382 1815
2382 1906
2383 2383
2383 766
2383 2377
2383 230
2383 1967
2383 533
2384 2384
2384 1925
2384 1113
2384 2007
2384 2188
2384 81
2385 2385
2385 2266
2385 650
2385 692
2385 991
2385 8
2386 2386
2386 2790
2386 8
2386 294
2386 338
2386 387
2387 2387
2387 603
2387 3013
2387 41
2387 186
2387 384
2388 1139
2388 2388
2388 733
2388 995
2388 1831
2388 2810
2389 2389
2389 4045
2389 3159
2389 168
2389 2575
2389 2449
2390 2390
2390 1911
2390 1967
2390 2244
2390 705
2390 3511
2391 2391
2391 41
2391 67
2391 2005
2391 2914
2391 2991
2392 2392
2392 788
2392 538
2392 2552
2392 2845
2392 2914
2393 2393
2393 551
2393 3198
2393 1353
2393 1404
2393 2483
2394 2394
2394 994
2394 2451
2394 3318
2394 157
2394 989
2395 2395
2395 1165
2395 2139
2395 2825
2395 8
2395 294
2396 2396
2396 2636
2396 2799
2396 960
2396 95
2396 3119
2397 2397
2397 1521
2397 2373
2397 1599
2397 3303
2397 8
2398 728
2398 2398
2398 2001
2398 2685
2398 8
2398 294
2399 2399
2399 1707
2399 650
2399 731
2399 875
2399 991
2400 2400
2400 1849
2400 312
2400 2483
2400 2612
2400 7
2401 2401
2401 1257
2401 362
2401 1692
2401 62
2401 2189
2402 2402
2402 2253
2402 3711
2402 58
2402 337
2402 2240
2403 2403
2403 2845
2403 8
2403 294
2403 338
2403 387
2404 2404
2404 939
2404 2073
2404 2159
2404 3512
2404 384
2405 2405
2405 749
2405 3085
2405 8
2405 186
2405 294
2406 2406
2406 8
2406 294
2406 338
2406 387
2406 557
2407 2407
2407 1727
2407 1879
2407 14
2407 821
2407 1791
2408 2408
2408 2884
2408 1103
2408 3003
2408 1528
2408 325
2409 2409
2409 2537
2409 111
2409 378
2409 533
2409 609
2410 2410
2410 656
2410 126
2410 2545
2410 3119
2410 3626
2411 2411
2411 2458
2411 1082
2411 2537
2411 104
2411 111
2412 2412
2412 3725
2412 389
2412 2121
2412 1908
2412 6
2413 1514
2413 2413
2413 2552
2413 2914
2413 2991
2413 8
2414 2414
2414 1723
2414 2386
2414 2790
2414 8
2414 294
2415 2415
2415 1980
2415 130
2415 319
2415 370
2415 2152
2416 2416
2416 2068
2416 1515
2416 3189
2416 417
2416 1907
2417 2417
2417 1050
2417 1303
2417 2210
2417 324
2417 378
2418 2418
2418 3970
2418 2208
2418 3820
2418 2832
2418 2875
2419 2419
2419 179
2419 230
2419 601
2419 1786
2419 62
2420 2420
2420 3038
2420 650
2420 991
2420 1070
2420 3085
2421 2421
2421 78
2421 1906
2421 1726
2421 875
2421 1299
2422 2422
2422 23
2422 1045
2422 593
2422 3040
2422 3543
2423 2423
2423 3527
2423 2149
2423 912
2423 363
2423 2601
2424 2424
2424 3336
2424 1106
2424 214
2424 902
2424 650
2425 2425
2425 566
2425 2306
2425 1240
2425 3925
2425 1535
2426 1381
2426 2426
2426 468
2426 1353
2426 1404
2426 3325
2427 2427
2427 3380
2427 583
2427 62
2427 490
2427 822
2428 2428
2428 3340
2428 840
2428 2437
2428 3897
2428 525
2429 2429
2429 3990
2429 370
2429 650
2429 991
2429 1799
2430 2430
2430 468
2430 1321
2430 8
2430 294
2430 338
2431 2431
2431 77
2431 2091
2431 1467
2431 626
2431 428
2432 2432
2432 200
2432 1228
2432 688
2432 652
2432 2037
2433 2433
2433 1634
2433 8
2433 294
2433 338
2433 387
2434 2434
2434 8
2434 294
2434 338
2434 387
2434 557
2435 2435
2435 1840
2435 1037
2435 3919
2435 2601
2435 1646
2436 241
2436 2436
2436 81
2436 3056
2436 8
2436 186
2437 2437
2437 650
2437 991
2437 8
2437 294
2437 338
2438 2438
2438 157
2438 1136
2438 1316
2438 1700
2438 2556
2439 2439
2439 2414
2439 3188
2439 276
2439 1353
2439 1404
2440 1519
2440 2440
2440 3850
2440 2914
2440 2991
2440 1179
2441 2441
2441 1190
2441 8
2441 294
2441 338
2441 387
2442 2442
2442 3971
2442 2779
2442 924
2442 1799
2442 2038
2443 2443
2443 1353
2443 1404
2443 2468
2443 1136
2443 1316
2444 2444
2444 3784
2444 3803
2444 8
2444 50
2444 294
2445 2445
2445 2457
2445 941
2445 2753
2445 3923
2445 3542
2446 2446
2446 1222
2446 3992
2446 1402
2446 2688
2446 830
2447 2447
2447 850
2447 849
2447 1225
2447 2071
2447 3688
2448 826
2448 2448
2448 2200
2448 989
2448 1831
2448 2221
2449 2449
2449 93
2449 2575
2449 91
2449 2456
2449 444
2450 2450
2450 873
2450 2627
2450 2793
2450 3626
2450 8
2451 2451
2451 1713
2451 1179
2451 8
2451 294
2451 338
2452 2452
2452 3882
2452 3968
2452 1740
2452 2291
2452 3271
2453 2453
2453 3354
2453 2577
2453 3455
2453 8
2453 294
2454 1496
2454 2454
2454 3320
2454 8
2454 294
2454 338
2455 2455
2455 3113
2455 527
2455 624
2455 1289
2455 1392
2456 2456
2456 1055
2456 1234
2456 1982
2456 2485
2456 3119
2457 2457
2457 1503
2457 3542
2457 3923
2457 1157
2457 1174
2458 2458
2458 2411
2458 1082
2458 3616
2458 2661
2458 3077
2459 2459
2459 2323
2459 108
2459 308
2459 1496
2459 2454
2460 2460
2460 217
2460 2284
2460 1105
2460 157
2460 2712
2461 2461
2461 41
2461 989
2461 1047
2461 1289
2461 1353
2462 2462
2462 3295
2462 1522
2462 1982
2462 2210
2462 2485
2463 2463
2463 2271
2463 1692
2463 1136
2463 1316
2463 1700
2464 2464
2464 1013
2464 3713
2464 2342
2464 370
2464 704
2465 2465
2465 377
2465 3526
2465 315
2465 2597
2465 1112
2466 2466
2466 1189
2466 650
2466 801
2466 918
2466 991
2467 2467
2467 3722
2467 273
2467 637
2467 3995
2467 2345
2468 2468
2468 2406
2468 8
2468 294
2468 338
2468 387
2469 2469
2469 368
2469 1721
2469 3655
2469 72
2469 588
2470 2470
2470 563
2470 134
2470 2537
2470 111
2470 771
2471 2471
2471 174
2471 915
2471 169
2471 718
2471 202
2472 2472
2472 8
2472 294
2472 338
2472 387
2472 557
2473 2473
2473 1165
2473 2139
2473 1179
2473 8
2473 294
2474 2474
2474 2620
2474 2560
2474 3133
2474 3683
2474 3703
2475 2475
2475 1667
2475 2252
2475 378
2475 1211
2475 1325
2476 2476
2476 1783
2476 379
2476 2520
2476 1306
2476 2424
2477 2477
2477 2335
2477 1136
2477 1316
2477 1700
2477 2556
2478 2478
2478 3371
2478 1688
2478 2825
2478 8
2478 294
2479 2479
2479 3281
2479 481
2479 2864
2479 1066
2479 525
2480 2480
2480 2391
2480 1057
2480 41
2480 67
2480 695
2481 2481
2481 3180
2481 3205
2481 788
2481 2001
2481 2685
2482 2482
2482 173
2482 1604
2482 2210
2482 2550
2482 3543
2483 2483
2483 7
2483 8
2483 294
2483 338
2483 387
2484 2484
2484 1318
2484 179
2484 2655
2484 3763
2484 1443
2485 2485
2485 1982
2485 378
2485 800
2485 1456
2485 2462
2486 2486
2486 1713
2486 8
2486 294
2486 338
2486 387
2487 2487
2487 690
2487 1836
2487 1047
2487 2537
2487 2846
2488 2488
2488 1858
2488 2290
2488 2457
2488 3542
2488 1503
2489 2489
2489 3698
2489 2605
2489 1786
2489 875
2489 1299
2490 2490
2490 3386
2490 477
2490 1108
2490 3878
2490 726
2491 1746
2491 2491
2491 3024
2491 1393
2491 1909
2491 3135
2492 2492
2492 989
2492 2221
2492 3178
2492 2496
2492 2958
2493 2493
2493 3275
2493 3563
2493 3049
2493 2559
2493 2663
2494 2494
2494 1227
2494 779
2494 870
2494 1975
2494 1179
2495 2495
2495 1289
2495 1392
2495 1478
2495 8
2495 294
2496 2496
2496 2958
2496 989
2496 2221
2496 8
2496 294
2497 2497
2497 179
2497 62
2497 296
2497 397
2497 533
2498 2498
2498 2741
2498 3131
2498 2496
2498 2958
2498 402
2499 2499
2499 1772
2499 593
2499 2437
2499 2147
2499 3985
2500 2500
2500 672
2500 1832
2500 437
2500 2970
2500 2720
2501 2501
2501 319
2501 325
2501 2152
2501 3308
2501 3880
2502 2502
2502 1006
2502 2601
2502 3214
2502 312
2502 1496
2503 2503
2503 760
2503 1292
2503 2483
2503 3641
2503 7
2504 2504
2504 2514
2504 3730
2504 1377
2504 2074
2504 325
2505 2505
2505 2604
2505 3349
2505 2560
2505 3683
2505 8
2506 2506
2506 539
2506 540
2506 583
2506 1786
2506 227
2507 2507
2507 8
2507 294
2507 338
2507 387
2507 557
2508 2508
2508 3599
2508 3131
2508 618
2508 989
2508 2221
2509 2509
2509 414
2509 593
2509 1022
2509 1980
2509 2252
2510 2510
2510 1765
2510 3356
2510 1635
2510 461
2510 2211
2511 2511
2511 1688
2511 3085
2511 3413
2511 8
2511 294
2512 2512
2512 3351
2512 3409
2512 1852
2512 2552
2512 2887
2513 2513
2513 2248
2513 179
2513 2497
2513 62
2513 296
2514 2514
2514 3730
2514 1377
2514 2504
2514 414
2514 1325
2515 2515
2515 1484
2515 680
2515 92
2515 455
2515 650
2516 2516
2516 2151
2516 179
2516 255
2516 296
2516 1922
2517 2517
2517 1373
2517 954
2517 1017
2517 2272
2517 2858
2518 2518
2518 614
2518 104
2518 1815
2518 365
2518 569
2519 2519
2519 1471
2519 304
2519 1149
2519 1657
2519 3355
2520 2520
2520 379
2520 134
2520 363
2520 126
2520 170
2521 2521
2521 1878
2521 1815
2521 2210
2521 2537
2521 3675
2522 2522
2522 538
2522 8
2522 294
2522 338
2522 387
2523 2523
2523 351
2523 741
2523 1020
2523 2198
2523 3202
2524 2524
2524 319
2524 291
2524 325
2524 840
2524 851
2525 2525
2525 8
2525 188
2525 294
2525 338
2525 387
2526 2526
2526 1016
2526 1609
2526 1903
2526 1417
2526 2578
2527 2527
2527 2614
2527 255
2527 533
2527 1922
2527 179
2528 2528
2528 2837
2528 2567
2528 419
2528 231
2528 3529
2529 2529
2529 286
2529 1115
2529 1815
2529 2210
2529 3094
2530 2530
2530 1889
2530 8
2530 230
2530 248
2530 294
2531 2531
2531 1637
2531 1777
2531 2576
2531 157
2531 1289
2532 2532
2532 2085
2532 2520
2532 3562
2532 2203
2532 329
2533 2533
2533 1227
2533 2494
2533 3387
2533 3955
2533 806
2534 2534
2534 2689
2534 2025
2534 2292
2534 336
2534 2537
2535 2535
2535 1579
2535 2655
2535 875
2535 1299
2535 2154
2536 2536
2536 593
2536 575
2536 3027
2536 3303
2536 3860
2537 2537
2537 111
2537 875
2537 1299
2537 2190
2537 2292
2538 2538
2538 8
2538 294
2538 338
2538 387
2538 557
2539 2539
2539 1144
2539 3557
2539 801
2539 1027
2539 1353
2540 2024
2540 2540
2540 959
2540 3354
2540 3455
2540 8
2541 2541
2541 2845
2541 2914
2541 2991
2541 8
2541 134
2542 2542
2542 126
2542 586
2542 8
2542 186
2542 294
2543 2543
2543 3258
2543 8
2543 294
2543 338
2543 387
2544 2544
2544 2779
2544 8
2544 294
2544 338
2544 387
2545 2545
2545 3258
2545 8
2545 294
2545 338
2545 387
2546 2546
2546 3354
2546 1496
2546 2355
2546 2454
2546 2683
2547 2547
2547 3523
2547 344
2547 3874
2547 1530
2547 468
2548 2548
2548 2074
2548 3040
2548 3119
2548 3543
2548 378
2549 2549
2549 1747
2549 408
2549 704
2549 2252
2549 3077
2550 2550
2550 2914
2550 2991
2550 8
2550 294
2550 338
2551 2551
2551 468
2551 989
2551 1353
2551 1404
2551 2221
2552 2552
2552 1514
2552 2413
2552 2914
2552 2991
2552 8
2553 2553
2553 1292
2553 1889
2553 3641
2553 8
2553 294
2554 2554
2554 147
2554 162
2554 836
2554 1519
2554 2440
2555 2555
2555 575
2555 875
2555 1299
2555 1456
2555 2190
2556 1136
2556 1316
2556 1700
2556 2556
2556 3398
2556 8
2557 2557
2557 179
2557 62
2557 296
2557 397
2557 533
2558 2558
2558 468
2558 847
2558 1292
2558 1321
2558 2035
2559 2559
2559 2780
2559 378
2559 989
2559 1243
2559 2221
2560 2560
2560 3683
2560 8
2560 294
2560 338
2560 343
2561 2561
2561 3145
2561 3188
2561 1723
2561 3541
2561 41
2562 2562
2562 745
2562 3463
2562 3693
2562 1128
2562 3122
2563 2563
2563 2367
2563 3286
2563 40
2563 1854
2563 3849
2564 2564
2564 2130
2564 852
2564 3575
2564 3708
2564 2831
2565 2565
2565 1786
2565 875
2565 1289
2565 1299
2565 1353
2566 2566
2566 802
2566 360
2566 2278
2566 1577
2566 2271
2567 2567
2567 2837
2567 3858
2567 3529
2567 419
2567 2528
2568 2568
2568 354
2568 442
2568 1153
2568 1456
2568 2552
2569 2569
2569 2444
2569 3803
2569 3784
2569 1304
2569 2075
2570 2570
2570 50
2570 130
2570 1211
2570 1667
2570 1787
2571 2571
2571 586
2571 2777
2571 8
2571 294
2571 338
2572 2572
2572 2150
2572 1495
2572 3859
2572 248
2572 2451
2573 2573
2573 343
2573 1831
2573 2560
2573 3683
2573 8
2574 2574
2574 3228
2574 593
2574 2536
2574 40
2574 1854
2575 2575
2575 2449
2575 93
2575 91
2575 2041
2575 2925
2576 2576
2576 2308
2576 537
2576 828
2576 2170
2576 1179
2577 2577
2577 3354
2577 580
2577 2453
2577 3455
2577 8
2578 2578
2578 3208
2578 1882
2578 2283
2578 3455
2578 1808
2579 2579
2579 1131
2579 2176
2579 3119
2579 822
2579 365
2580 2580
2580 3307
2580 1503
2580 1174
2580 1157
2580 3542
2581 2581
2581 517
2581 1123
2581 1516
2581 1353
2581 1404
2582 2582
2582 580
2582 2483
2582 7
2582 8
2582 43
2583 2583
2583 2483
2583 7
2583 8
2583 294
2583 338
2584 2584
2584 1864
2584 1600
2584 1907
2584 1515
2584 179
2585 2585
2585 2600
2585 378
2585 2721
2585 3612
2585 527
2586 2586
2586 3493
2586 1777
2586 3113
2586 144
2586 733
2587 2587
2587 2779
2587 8
2587 294
2587 338
2587 387
2588 2588
2588 179
2588 2073
2588 3113
2588 1443
2588 2159
2589 2589
2589 1518
2589 618
2589 1514
2589 1831
2589 2386
2590 2590
2590 1982
2590 2927
2590 1456
2590 8
2590 294
2591 2591
2591 261
2591 1006
2591 1419
2591 1496
2591 1661
2592 2592
2592 1786
2592 111
2592 237
2592 296
2592 875
2593 2593
2593 276
2593 527
2593 618
2593 989
2593 1353
2594 2594
2594 130
2594 1211
2594 1889
2594 2180
2594 3069
2595 1594
2595 2595
2595 310
2595 707
2595 2883
2595 3077
2596 2596
2596 2731
2596 428
2596 1346
2596 1786
2596 2897
2597 2597
2597 462
2597 315
2597 2912
2597 609
2597 1303
2598 2598
2598 882
2598 1460
2598 468
2598 2483
2598 1179
2599 2599
2599 1656
2599 816
2599 1523
2599 3574
2599 552
2600 2600
2600 2585
2600 3588
2600 875
2600 1190
2600 1299
2601 2601
2601 1179
2601 8
2601 294
2601 338
2601 387
2602 2602
2602 892
2602 1826
2602 2659
2602 2152
2602 414
2603 2603
2603 1717
2603 248
2603 1479
2603 2497
2603 149
2604 2505
2604 2604
2604 3349
2604 2560
2604 3683
2604 8
2605 2605
2605 3698
2605 2489
2605 1786
2605 2627
2605 3626
2606 2606
2606 378
2606 904
2606 2475
2606 2721
2606 3085
2607 2607
2607 2757
2607 438
2607 1542
2607 1849
2607 41
2608 2608
2608 1692
2608 2271
2608 1134
2608 1786
2608 81
2609 2609
2609 1087
2609 575
2609 2601
2609 3626
2609 104
2610 2610
2610 357
2610 1675
2610 2746
2610 3364
2610 2142
2611 2611
2611 1211
2611 2180
2611 3134
2611 3568
2611 3946
2612 312
2612 2612
2612 8
2612 294
2612 338
2612 387
2613 2613
2613 3591
2613 1697
2613 743
2613 1211
2613 2180
2614 2614
2614 2527
2614 255
2614 533
2614 1922
2614 179
2615 2615
2615 8
2615 294
2615 338
2615 387
2615 557
2616 2616
2616 2960
2616 92
2616 650
2616 989
2616 991
2617 2617
2617 959
2617 1211
2617 1321
2617 2180
2617 2406
2618 2618
2618 946
2618 3231
2618 1692
2618 2271
2618 1909
2619 2619
2619 312
2619 536
2619 1688
2619 2406
2619 2483
2620 2620
2620 2474
2620 3422
2620 442
2620 2914
2620 2991
2621 2621
2621 1321
2621 3178
2621 2001
2621 2685
2621 8
2622 2622
2622 590
2622 179
2622 1443
2622 3193
2622 62
2623 2623
2623 1136
2623 1316
2623 1700
2623 2556
2623 3398
2624 2624
2624 977
2624 2451
2624 1910
2624 3056
2624 3103
2625 2625
2625 2113
2625 217
2625 2243
2625 2284
2625 2883
2626 2626
2626 1293
2626 320
2626 732
2626 3292
2626 130
2627 2627
2627 8
2627 294
2627 338
2627 387
2627 557
2628 2628
2628 1983
2628 358
2628 2908
2628 3439
2628 858
2629 2629
2629 378
2629 510
2629 2721
2629 3612
2629 8
2630 2630
2630 309
2630 179
2630 1742
2630 2317
2630 2923
2631 2631
2631 8
2631 294
2631 338
2631 387
2631 520
2632 2632
2632 8
2632 294
2632 338
2632 387
2632 557
2633 2633
2633 1881
2633 1786
2633 483
2633 732
2633 3292
2634 2634
2634 3278
2634 851
2634 3719
2634 2560
2634 3683
2635 2635
2635 58
2635 3531
2635 3813
2635 2240
2635 1233
2636 2636
2636 2396
2636 2799
2636 960
2636 95
2636 575
2637 2637
2637 2690
2637 3071
2637 291
2637 788
2637 989
2638 1317
2638 2638
2638 8
2638 294
2638 338
2638 387
2639 2639
2639 84
2639 1928
2639 1468
2639 8
2639 294
2640 2640
2640 788
2640 1332
2640 1353
2640 1404
2640 1661
2641 2641
2641 2251
2641 721
2641 1590
2641 404
2641 662
2642 2642
2642 3373
2642 2098
2642 511
2642 1982
2642 2485
2643 2643
2643 8
2643 294
2643 338
2643 387
2643 557
2644 2644
2644 2073
2644 2537
2644 111
2644 384
2644 624
2645 2645
2645 3711
2645 3520
2645 2333
2645 518
2645 988
2646 2646
2646 317
2646 3435
2646 1331
2646 464
2646 1136
2647 2647
2647 2727
2647 1038
2647 428
2647 801
2647 2188
2648 2648
2648 8
2648 294
2648 338
2648 387
2648 557
2649 2649
2649 1066
2649 102
2649 1030
2649 1292
2649 1777
2650 2650
2650 3772
2650 650
2650 991
2650 2893
2650 3763
2651 2651
2651 2152
2651 704
2651 2710
2651 3834
2651 4025
2652 2652
2652 1819
2652 459
2652 62
2652 179
2652 533
2653 2653
2653 8
2653 294
2653 338
2653 387
2653 557
2654 2654
2654 3676
2654 225
2654 3202
2654 3868
2654 1171
2655 2655
2655 2661
2655 875
2655 1299
2655 2154
2655 2190
2656 2656
2656 1945
2656 722
2656 1179
2656 8
2656 294
2657 2657
2657 283
2657 1163
2657 658
2657 2583
2657 2929
2658 2658
2658 169
2658 650
2658 991
2658 8
2658 294
2659 2659
2659 3093
2659 1770
2659 1453
2659 1753
2659 2602
2660 2660
2660 2537
2660 111
2660 875
2660 1299
2660 2190
2661 2661
2661 875
2661 1299
2661 2190
2661 8
2661 134
2662 2662
2662 2242
2662 8
2662 294
2662 338
2662 387
2663 2663
2663 8
2663 294
2663 338
2663 387
2663 557
2664 2664
2664 8
2664 294
2664 338
2664 387
2664 557
2665 2665
2665 3856
2665 527
2665 663
2665 1289
2665 1392
2666 2666
2666 1782
2666 2924
2666 3589
2666 65
2666 237
2667 2667
2667 341
2667 907
2667 1116
2667 3845
2667 325
2668 2668
2668 1027
2668 1496
2668 2454
2668 2887
2668 3320
2669 2669
2669 1929
2669 1314
2669 1456
2669 1982
2669 2845
2670 2670
2670 593
2670 1234
2670 575
2670 1353
2670 1404
2671 2671
2671 3766
2671 2123
2671 1877
2671 3226
2671 291
2672 2672
2672 1166
2672 4048
2672 1928
2672 2639
2672 1468
2673 2673
2673 278
2673 3456
2673 1136
2673 1316
2673 1700
2674 2674
2674 863
2674 3995
2674 28
2674 4013
2674 960
2675 2675
2675 3
2675 2960
2675 3768
2675 3250
2675 87
2676 2676
2676 8
2676 294
2676 338
2676 387
2676 557
2677 2677
2677 2210
2677 3040
2677 378
2677 1024
2677 1188
2678 2678
2678 1362
2678 1756
2678 3502
2678 1277
2678 1662
2679 2679
2679 3892
2679 3
2679 3768
2679 343
2679 2252
2680 1801
2680 2680
2680 8
2680 294
2680 338
2680 387
2681 2681
2681 1466
2681 2703
2681 3982
2681 241
2681 2436
2682 2682
2682 3598
2682 695
2682 2406
2682 2914
2682 2991
2683 2683
2683 8
2683 294
2683 338
2683 387
2683 557
2684 2684
2684 2783
2684 2386
2684 2790
2684 2825
2684 3445
2685 2001
2685 2685
2685 8
2685 294
2685 338
2685 387
2686 2686
2686 3543
2686 378
2686 2472
2686 2721
2686 3274
2687 2687
2687 2994
2687 3549
2687 1511
2687 704
2687 1022
2688 2688
2688 3992
2688 1222
2688 2446
2688 1402
2688 1113
2689 2689
2689 1327
2689 2534
2689 363
2689 586
2689 1215
2690 2690
2690 2637
2690 3071
2690 2675
2690 2960
2690 3131
2691 2691
2691 642
2691 2306
2691 2914
2691 2991
2691 1179
2692 2692
2692 3916
2692 954
2692 538
2692 1017
2692 2012
2693 2693
2693 593
2693 575
2693 854
2693 537
2693 828
2694 2694
2694 1159
2694 3625
2694 3140
2694 2233
2694 973
2695 2695
2695 3708
2695 3794
2695 4017
2695 248
2695 3933
2696 2696
2696 899
2696 3975
2696 700
2696 1909
2696 3674
2697 2697
2697 3493
2697 2601
2697 67
2697 312
2697 2391
2698 2698
2698 3606
2698 1608
2698 1837
2698 1557
2698 430
2699 2699
2699 1777
2699 2887
2699 3056
2699 3220
2699 3990
2700 2700
2700 724
2700 2406
2700 468
2700 642
2700 1289
2701 2701
2701 555
2701 2274
2701 3637
2701 1347
2701 1310
2702 2702
2702 2623
2702 1128
2702 1705
2702 1831
2702 3755
2703 2703
2703 2681
2703 3102
2703 3982
2703 3169
2703 1466
2704 2704
2704 947
2704 358
2704 2908
2704 858
2704 1983
2705 1454
2705 2705
2705 2159
2705 3512
2705 296
2705 875
2706 2706
2706 1199
2706 221
2706 2931
2706 1128
2706 1019
2707 2707
2707 8
2707 294
2707 338
2707 387
2707 557
2708 2708
2708 507
2708 3055
2708 1850
2708 2820
2708 3982
2709 2709
2709 1646
2709 2601
2709 1153
2709 1456
2709 1461
2710 2710
2710 4054
2710 310
2710 1022
2710 2252
2710 3834
2711 1595
2711 2711
2711 3090
2711 343
2711 2252
2711 3719
2712 2712
2712 875
2712 1299
2712 2190
2712 3479
2712 8
2713 2713
2713 2252
2713 527
2713 1211
2713 1325
2713 2180
2714 2714
2714 2912
2714 2073
2714 111
2714 384
2714 624
2715 2715
2715 3049
2715 50
2715 1215
2715 2230
2715 2332
2716 2716
2716 1582
2716 475
2716 2074
2716 3295
2716 2317
2717 2717
2717 378
2717 875
2717 1299
2717 2190
2717 2721
2718 1219
2718 2718
2718 1357
2718 3111
2718 32
2718 961
2719 2719
2719 826
2719 2448
2719 2200
2719 343
2719 851
2720 2720
2720 437
2720 451
2720 2970
2720 452
2720 2310
2721 378
2721 2721
2721 3612
2721 8
2721 294
2721 335
2722 2722
2722 358
2722 858
2722 1596
2722 1983
2722 657
2723 2723
2723 1133
2723 646
2723 910
2723 2889
2723 3161
2724 2724
2724 2238
2724 875
2724 1204
2724 1299
2724 2190
2725 2725
2725 1667
2725 170
2725 3139
2725 363
2725 378
2726 2726
2726 575
2726 593
2726 854
2726 875
2726 1299
2727 2727
2727 2647
2727 301
2727 2188
2727 1038
2727 801
2728 2728
2728 182
2728 428
2728 650
2728 991
2728 1353
2729 2729
2729 1582
2729 1733
2729 1835
2729 2715
2729 2966
2730 2730
2730 3263
2730 79
2730 1793
2730 756
2730 3489
2731 2731
2731 2252
2731 732
2731 3292
2731 1211
2731 1325
2732 1323
2732 2732
2732 87
2732 3250
2732 3
2732 3892
2733 2733
2733 1303
2733 111
2733 378
2733 629
2733 758
2734 2734
2734 3325
2734 8
2734 294
2734 332
2734 338
2735 2735
2735 8
2735 294
2735 338
2735 387
2735 557
2736 2736
2736 2210
2736 3119
2736 378
2736 510
2736 914
2737 2737
2737 1620
2737 1414
2737 152
2737 2252
2737 3719
2738 2738
2738 2447
2738 849
2738 3394
2738 1368
2738 3742
2739 1397
2739 2739
2739 312
2739 2612
2739 3354
2739 3455
2740 2740
2740 758
2740 800
2740 1982
2740 2485
2740 378
2741 2498
2741 2741
2741 3131
2741 2496
2741 2958
2741 402
2742 2742
2742 312
2742 875
2742 1299
2742 2190
2742 2612
2743 2743
2743 1195
2743 3198
2743 3303
2743 3937
2743 3126
2744 2744
2744 3630
2744 305
2744 1604
2744 3543
2744 3626
2745 2745
2745 1234
2745 2631
2745 8
2745 294
2745 338
2746 2746
2746 1889
2746 2142
2746 2386
2746 2790
2746 8
2747 2747
2747 3040
2747 378
2747 629
2747 1047
2747 2721
2748 2748
2748 3178
2748 8
2748 294
2748 338
2748 387
2749 2749
2749 803
2749 2064
2749 1713
2749 527
2749 2451
2750 2750
2750 81
2750 529
2750 3178
2750 3937
2750 1179
2751 2751
2751 650
2751 991
2751 2189
2751 3258
2751 8
2752 2752
2752 2852
2752 3274
2752 2050
2752 2485
2752 3543
2753 2753
2753 430
2753 2457
2753 3542
2753 1503
2753 1174
2754 2754
2754 3564
2754 3834
2754 3486
2754 2710
2754 1128
2755 2755
2755 3148
2755 2336
2755 145
2755 1931
2755 2292
2756 2218
2756 2756
2756 296
2756 179
2756 1443
2756 3193
2757 2757
2757 733
2757 840
2757 995
2757 1688
2757 2483
2758 2758
2758 2340
2758 1339
2758 859
2758 130
2758 1057
2759 2759
2759 2241
2759 650
2759 933
2759 991
2759 1775
2760 2760
2760 2374
2760 2769
2760 2789
2760 593
2760 1437
2761 2761
2761 2130
2761 3708
2761 852
2761 788
2761 3125
2762 2762
2762 2945
2762 1006
2762 1777
2762 3543
2762 67
2763 2763
2763 3902
2763 179
2763 1437
2763 1460
2763 1931
2764 2764
2764 1395
2764 63
2764 343
2764 2205
2764 3897
2765 2765
2765 1160
2765 1305
2765 1007
2765 296
2765 3294
2766 2766
2766 2282
2766 1174
2766 3460
2766 2173
2766 3923
2767 2767
2767 179
2767 62
2767 170
2767 296
2767 397
2768 2768
2768 1128
2768 2975
2768 3755
2768 1136
2768 1316
2769 2769
2769 1289
2769 1392
2769 1478
2769 1810
2769 8
2770 2770
2770 706
2770 2161
2770 3327
2770 3346
2770 1450
2771 2771
2771 2845
2771 1179
2771 1019
2771 2903
2771 8
2772 2772
2772 1190
2772 8
2772 294
2772 338
2772 387
2773 2773
2773 228
2773 1034
2773 2172
2773 2462
2773 2050
2774 2774
2774 3542
2774 2051
2774 1174
2774 1503
2774 430
2775 2775
2775 961
2775 384
2775 650
2775 801
2775 875
2776 2776
2776 788
2776 847
2776 1292
2776 1321
2776 3641
2777 2777
2777 1289
2777 1392
2777 1478
2777 8
2777 294
2778 2778
2778 1862
2778 851
2778 3719
2778 729
2778 1970
2779 2779
2779 8
2779 294
2779 338
2779 387
2779 557
2780 2780
2780 989
2780 2221
2780 3966
2780 2496
2780 2958
2781 2781
2781 8
2781 294
2781 338
2781 387
2781 557
2782 2782
2782 3390
2782 1137
2782 3651
2782 1330
2782 3347
2783 2783
2783 2684
2783 692
2783 1786
2783 111
2783 605
2784 2784
2784 575
2784 875
2784 1299
2784 2190
2784 537
2785 2785
2785 1019
2785 2903
2785 2252
2785 3719
2785 2235
2786 2786
2786 875
2786 1299
2786 2190
2786 8
2786 134
2787 1648
2787 2787
2787 85
2787 2496
2787 2958
2787 3664
2788 2788
2788 378
2788 1017
2788 1831
2788 2272
2788 2721
2789 2789
2789 3113
2789 1289
2789 1392
2789 1478
2789 8
2790 2386
2790 2790
2790 8
2790 294
2790 338
2790 387
2791 2791
2791 650
2791 991
2791 1452
2791 3056
2791 1179
2792 2792
2792 3138
2792 1353
2792 1372
2792 1404
2792 3354
2793 2793
2793 873
2793 3517
2793 296
2793 650
2793 875
2794 2794
2794 2483
2794 7
2794 8
2794 294
2794 338
2795 2795
2795 177
2795 3470
2795 3682
2795 634
2795 3638
2796 2796
2796 444
2796 3878
2796 91
2796 93
2796 361
2797 2797
2797 2655
2797 296
2797 875
2797 1204
2797 1299
2798 1934
2798 2798
2798 1136
2798 1316
2798 1700
2798 2556
2799 2799
2799 2636
2799 2396
2799 95
2799 1853
2799 3119
2800 2800
2800 8
2800 230
2800 294
2800 338
2800 387
2801 2801
2801 641
2801 2298
2801 111
2801 335
2801 987
2802 2802
2802 3583
2802 3327
2802 598
2802 3344
2802 2423
2803 2803
2803 1555
2803 1680
2803 2122
2803 2799
2803 3565
2804 2804
2804 926
2804 650
2804 991
2804 2241
2804 3056
2805 2805
2805 718
2805 801
2805 2352
2805 2912
2805 3747
2806 2806
2806 307
2806 1292
2806 1894
2806 2406
2806 2468
2807 2807
2807 2913
2807 111
2807 173
2807 527
2807 707
2808 2808
2808 8
2808 294
2808 338
2808 387
2808 557
2809 2809
2809 1613
2809 2874
2809 2736
2809 3556
2809 533
2810 733
2810 995
2810 2810
2810 8
2810 290
2810 294
2811 2811
2811 1187
2811 3652
2811 2881
2811 3411
2811 3362
2812 2812
2812 813
2812 179
2812 3872
2812 62
2812 296
2813 2813
2813 989
2813 1020
2813 2198
2813 2221
2813 2496
2814 2814
2814 2837
2814 419
2814 231
2814 2567
2814 3529
2815 2815
2815 1246
2815 697
2815 111
2815 707
2815 1215
2816 2816
2816 1653
2816 1670
2816 2863
2816 3699
2816 2103
2817 2817
2817 2588
2817 2384
2817 428
2817 1786
2817 3113
2818 2818
2818 3483
2818 3909
2818 3447
2818 3602
2818 1394
2819 2819
2819 1663
2819 3115
2819 3719
2819 1022
2819 1626
2820 2820
2820 1850
2820 3055
2820 3982
2820 507
2820 2708
2821 2821
2821 1211
2821 2180
2821 3134
2821 8
2821 294
2822 2822
2822 3478
2822 262
2822 2209
2822 1181
2822 1987
2823 2823
2823 866
2823 3005
2823 814
2823 646
2823 910
2824 2824
2824 1194
2824 3986
2824 2189
2824 1223
2824 223
2825 2825
2825 8
2825 294
2825 338
2825 387
2825 557
2826 2826
2826 2846
2826 8
2826 294
2826 338
2826 387
2827 2827
2827 921
2827 1815
2827 2210
2827 50
2827 60
2828 2828
2828 707
2828 1292
2828 1799
2828 2429
2828 2483
2829 2829
2829 3077
2829 650
2829 991
2829 1211
2829 2180
2830 2830
2830 144
2830 733
2830 995
2830 2810
2830 8
2831 2831
2831 2564
2831 852
2831 2130
2831 2761
2831 3708
2832 2832
2832 212
2832 1128
2832 2560
2832 3133
2832 3683
2833 2833
2833 2045
2833 2887
2833 3588
2833 8
2833 294
2834 2834
2834 1701
2834 52
2834 2888
2834 2302
2834 3185
2835 2835
2835 1674
2835 2217
2835 3367
2835 2475
2835 1667
2836 2836
2836 468
2836 1292
2836 1496
2836 1723
2836 2454
2837 2837
2837 2567
2837 419
2837 2528
2837 3529
2837 3858
2838 2838
2838 1689
2838 1776
2838 854
2838 575
2838 624
2839 2839
2839 1869
2839 2358
2839 414
2839 1019
2839 2903
2840 8
2840 294
2840 338
2840 387
2840 557
2840 773
2841 2841
2841 1058
2841 638
2841 2794
2841 10
2841 650
2842 2842
2842 4025
2842 414
2842 572
2842 130
2842 319
2843 2843
2843 2483
2843 3774
2843 7
2843 8
2843 294
2844 2844
2844 779
2844 870
2844 1975
2844 1211
2844 2180
2845 2845
2845 8
2845 294
2845 338
2845 387
2845 557
2846 2846
2846 8
2846 294
2846 338
2846 387
2846 557
2847 2847
2847 3377
2847 65
2847 1179
2847 1849
2847 2451
2848 2848
2848 1982
2848 1165
2848 1456
2848 2139
2848 3325
2849 2849
2849 8
2849 294
2849 338
2849 387
2849 557
2850 2850
2850 3163
2850 856
2850 2637
2850 3836
2850 3216
2851 2851
2851 527
2851 1713
2851 3965
2851 8
2851 294
2852 2852
2852 3659
2852 1260
2852 300
2852 2752
2852 776
2853 2853
2853 8
2853 294
2853 338
2853 387
2853 520
2854 2854
2854 2883
2854 501
2854 1211
2854 2180
2854 3134
2855 2855
2855 3413
2855 8
2855 294
2855 338
2855 387
2856 2856
2856 2938
2856 3149
2856 3548
2856 1136
2856 1316
2857 2857
2857 2274
2857 555
2857 1759
2857 3637
2857 636
2858 1017
2858 2272
2858 2858
2858 8
2858 294
2858 338
2859 2859
2859 149
2859 989
2859 1292
2859 2221
2859 3641
2860 2860
2860 2252
2860 1096
2860 1211
2860 1325
2860 2180
2861 2861
2861 3116
2861 3715
2861 3250
2861 1323
2861 2732
2862 2862
2862 3366
2862 176
2862 3175
2862 436
2862 2077
2863 2863
2863 1670
2863 445
2863 832
2863 2816
2863 3158
2864 2864
2864 3991
2864 1190
2864 2386
2864 2790
2864 2441
2865 2865
2865 3880
2865 319
2865 3147
2865 170
2865 2284
2866 2866
2866 4042
2866 509
2866 1766
2866 1395
2866 1852
2867 2867
2867 4049
2867 1197
2867 1289
2867 1392
2867 1478
2868 2868
2868 170
2868 296
2868 618
2868 731
2868 761
2869 2869
2869 540
2869 539
2869 575
2869 875
2869 1299
2870 2870
2870 3271
2870 2037
2870 3397
2870 1920
2870 1204
2871 2871
2871 104
2871 2210
2871 2601
2871 3040
2871 3626
2872 2872
2872 1513
2872 3022
2872 2936
2872 434
2872 1263
2873 2873
2873 1321
2873 8
2873 294
2873 338
2873 366
2874 2874
2874 1613
2874 2809
2874 201
2874 3539
2874 1023
2875 2875
2875 1595
2875 2711
2875 3090
2875 1139
2875 2388
2876 2876
2876 1289
2876 1392
2876 1478
2876 8
2876 294
2877 2877
2877 806
2877 3547
2877 3124
2877 2533
2877 3955
2878 2878
2878 924
2878 3675
2878 335
2878 2210
2878 134
2879 2879
2879 778
2879 4022
2879 3638
2879 65
2879 1390
2880 2880
2880 494
2880 1022
2880 2305
2880 704
2880 1980
2881 2881
2881 2811
2881 1187
2881 3652
2881 3411
2881 1999
2882 2882
2882 1321
2882 2552
2882 8
2882 294
2882 338
2883 2883
2883 1211
2883 2180
2883 3134
2883 8
2883 294
2884 2884
2884 2408
2884 1103
2884 3003
2884 1136
2884 1316
2885 2885
2885 3640
2885 1974
2885 2083
2885 2210
2885 3119
2886 2886
2886 584
2886 65
2886 583
2886 1786
2886 2110
2887 2887
2887 8
2887 294
2887 338
2887 387
2887 557
2888 2888
2888 2302
2888 3185
2888 2834
2888 2214
2888 707
2889 646
2889 910
2889 2889
2889 3161
2889 1022
2889 2252
2890 2890
2890 312
2890 1321
2890 2612
2890 8
2890 294
2891 2891
2891 1589
2891 1284
2891 159
2891 3354
2891 2496
2892 2892
2892 3915
2892 8
2892 294
2892 338
2892 378
2893 2893
2893 650
2893 801
2893 991
2893 1496
2893 2454
2894 2894
2894 659
2894 3557
2894 354
2894 640
2894 650
2895 2895
2895 2176
2895 807
2895 1988
2895 173
2895 422
2896 2896
2896 296
2896 378
2896 510
2896 875
2896 1299
2897 2897
2897 1353
2897 1404
2897 8
2897 294
2897 338
2898 2898
2898 1902
2898 3188
2898 1723
2898 893
2898 3322
2899 2899
2899 989
2899 2221
2899 2496
2899 2958
2899 8
2900 2900
2900 947
2900 358
2900 922
2900 858
2900 209
2901 2901
2901 2967
2901 1753
2901 3242
2901 3929
2901 3006
2902 2902
2902 1713
2902 8
2902 294
2902 338
2902 387
2903 1019
2903 2903
2903 2560
2903 2845
2903 3683
2903 8
2904 2904
2904 1506
2904 1796
2904 3786
2904 343
2904 2386
2905 2905
2905 3042
2905 2394
2905 1395
2905 2496
2905 2560
2906 2906
2906 1872
2906 3171
2906 1005
2906 1265
2906 716
2907 2907
2907 3758
2907 3556
2907 2210
2907 3058
2907 3543
2908 2908
2908 858
2908 947
2908 358
2908 1983
2908 657
2909 2909
2909 3806
2909 1936
2909 620
2909 161
2909 2537
2910 2910
2910 1289
2910 1392
2910 1478
2910 2386
2910 2790
2911 2911
2911 3852
2911 3381
2911 739
2911 1353
2911 1404
2912 2912
2912 2073
2912 2714
2912 111
2912 384
2912 624
2913 2913
2913 1688
2913 8
2913 294
2913 338
2913 387
2914 2914
2914 2991
2914 8
2914 294
2914 338
2914 387
2915 8
2915 294
2915 338
2915 387
2915 557
2915 773
2916 2916
2916 28
2916 4033
2916 3660
2916 3497
2916 1435
2917 2917
2917 1636
2917 2870
2917 3271
2917 2037
2917 3397
2918 2918
2918 875
2918 1204
2918 1299
2918 2190
2918 3098
2919 2919
2919 3744
2919 2281
2919 1165
2919 2139
2919 8
2920 2920
2920 3514
2920 3415
2920 737
2920 3831
2920 1622
2921 2921
2921 2287
2921 545
2921 1811
2921 270
2921 3019
2922 2922
2922 1918
2922 3107
2922 3775
2922 3963
2922 794
2923 2317
2923 2923
2923 3994
2923 609
2923 875
2923 1299
2924 2924
2924 2666
2924 956
2924 1134
2924 1158
2924 1787
2925 2925
2925 868
2925 3889
2925 2575
2925 88
2925 1567
2926 2926
2926 3639
2926 1889
2926 8
2926 294
2926 338
2927 2927
2927 1982
2927 1456
2927 1889
2927 8
2927 294
2928 2928
2928 3047
2928 3450
2928 2252
2928 2713
2928 732
2929 2929
2929 658
2929 1136
2929 1316
2929 1700
2929 2556
2930 2930
2930 1831
2930 3258
2930 8
2930 294
2930 338
2931 221
2931 2931
2931 2706
2931 989
2931 2221
2931 2496
2932 2932
2932 2496
2932 2958
2932 179
2932 989
2932 2104
2933 2933
2933 3550
2933 1069
2933 2011
2933 104
2933 2808
2934 2934
2934 580
2934 8
2934 294
2934 338
2934 387
2935 2935
2935 2066
2935 420
2935 2171
2935 2242
2935 2560
2936 2936
2936 2872
2936 434
2936 1263
2936 1513
2936 3948
2937 1898
2937 2937
2937 3778
2937 2406
2937 3937
2937 179
2938 2938
2938 2856
2938 3149
2938 2893
2938 4038
2938 1136
2939 2939
2939 1638
2939 3198
2939 3303
2939 3937
2939 8
2940 2940
2940 1230
2940 1632
2940 2777
2940 1289
2940 1392
2941 2941
2941 179
2941 230
2941 41
2941 62
2941 296
2942 2942
2942 1153
2942 3584
2942 422
2942 1522
2942 2210
2943 2943
2943 1769
2943 650
2943 991
2943 3325
2943 8
2944 2944
2944 3918
2944 3247
2944 81
2944 179
2944 529
2945 2945
2945 2762
2945 1006
2945 1777
2945 2496
2945 2958
2946 2946
2946 378
2946 1190
2946 2721
2946 3612
2946 8
2947 2947
2947 2152
2947 704
2947 2789
2947 3957
2947 4054
2948 2948
2948 296
2948 529
2948 179
2948 248
2948 822
2949 2949
2949 3085
2949 8
2949 186
2949 294
2949 338
2950 2950
2950 3366
2950 176
2950 3175
2950 436
2950 2862
2951 2951
2951 750
2951 2239
2951 976
2951 615
2951 28
2952 2952
2952 3975
2952 2887
2952 650
2952 991
2952 3674
2953 2953
2953 291
2953 319
2953 1128
2953 3258
2953 3303
2954 2954
2954 169
2954 650
2954 991
2954 1128
2954 1136
2955 2955
2955 721
2955 917
2955 404
2955 2641
2955 3745
2956 2956
2956 253
2956 3621
2956 2989
2956 1305
2956 1007
2957 2957
2957 3338
2957 761
2957 961
2957 2104
2957 3920
2958 2496
2958 2958
2958 989
2958 2221
2958 8
2958 294
2959 2959
2959 3303
2959 8
2959 294
2959 338
2959 387
2960 2960
2960 3131
2960 3226
2960 989
2960 2221
2960 3303
2961 2961
2961 1956
2961 343
2961 2560
2961 3683
2961 319
2962 2962
2962 194
2962 3516
2962 1781
2962 3626
2962 1112
2963 2963
2963 655
2963 914
2963 2845
2963 3258
2963 8
2964 2964
2964 775
2964 3021
2964 839
2964 3762
2964 1607
2965 2965
2965 2160
2965 3397
2965 303
2965 3635
2965 2870
2966 2966
2966 3403
2966 1303
2966 3433
2966 3543
2966 378
2967 2967
2967 2901
2967 3006
2967 3242
2967 1753
2967 3929
2968 2968
2968 1786
2968 2655
2968 875
2968 1299
2968 1353
2969 2969
2969 362
2969 1661
2969 2271
2969 2984
2969 3056
2970 2970
2970 1832
2970 1498
2970 2720
2970 437
2970 451
2971 2971
2971 8
2971 294
2971 338
2971 387
2971 557
2972 8
2972 294
2972 338
2972 387
2972 557
2972 773
2973 2973
2973 1514
2973 2308
2973 2413
2973 2552
2973 2914
2974 2974
2974 2355
2974 3325
2974 8
2974 294
2974 338
2975 2975
2975 8
2975 294
2975 338
2975 387
2975 557
2976 2976
2976 2406
2976 8
2976 294
2976 338
2976 387
2977 2977
2977 3847
2977 564
2977 109
2977 208
2977 1027
2978 2089
2978 2978
2978 650
2978 991
2978 3937
2978 8
2979 2979
2979 1598
2979 2036
2979 660
2979 2248
2979 179
2980 2980
2980 3623
2980 3751
2980 3792
2980 3298
2980 2678
2981 2981
2981 1769
2981 3626
2981 8
2981 126
2981 294
2982 2192
2982 2982
2982 3937
2982 8
2982 179
2982 294
2983 2983
2983 2049
2983 888
2983 3229
2983 3637
2983 1310
2984 2984
2984 362
2984 2969
2984 1163
2984 92
2984 650
2985 2985
2985 3285
2985 2143
2985 3885
2985 606
2985 1997
2986 2986
2986 2247
2986 1726
2986 1309
2986 1667
2986 1931
2987 2987
2987 1889
2987 8
2987 186
2987 294
2987 338
2988 2988
2988 2119
2988 468
2988 2629
2988 2631
2988 3178
2989 2989
2989 253
2989 3621
2989 2956
2989 1007
2989 1305
2990 2990
2990 3127
2990 1285
2990 733
2990 851
2990 995
2991 2914
2991 2991
2991 8
2991 294
2991 338
2991 387
2992 2992
2992 3619
2992 1704
2992 2845
2992 3258
2992 1179
2993 2993
2993 3937
2993 8
2993 179
2993 294
2993 338
2994 2687
2994 2994
2994 3549
2994 1511
2994 704
2994 1022
2995 2995
2995 1244
2995 593
2995 40
2995 1854
2995 537
2996 2996
2996 8
2996 294
2996 338
2996 387
2996 557
2997 2997
2997 3742
2997 821
2997 555
2997 2701
2997 1759
2998 2998
2998 1861
2998 1168
2998 1047
2998 1393
2998 2846
2999 2999
2999 1883
2999 144
2999 2825
2999 3444
2999 8
3000 505
3000 1224
3000 3000
3000 312
3000 2612
3000 3258
3001 3001
3001 1030
3001 1353
3001 1404
3001 2386
3001 2790
3002 3002
3002 2835
3002 2217
3002 3367
3002 2475
3002 2731
3003 1103
3003 3003
3003 2560
3003 3364
3003 3683
3003 3122
3004 3004
3004 2601
3004 157
3004 538
3004 1025
3004 1321
3005 866
3005 3005
3005 2823
3005 814
3005 646
3005 910
3006 3006
3006 134
3006 771
3006 8
3006 294
3006 338
3007 3007
3007 2202
3007 4055
3007 1611
3007 3480
3007 2152
3008 3008
3008 2016
3008 3626
3008 126
3008 875
3008 1299
3009 3009
3009 3084
3009 1017
3009 1688
3009 1952
3009 2272
3010 3010
3010 990
3010 1251
3010 1678
3010 91
3010 361
3011 3011
3011 2154
3011 902
3011 961
3011 1920
3011 2655
3012 3012
3012 3374
3012 3889
3012 3094
3012 48
3012 170
3013 3013
3013 41
3013 2005
3013 483
3013 1179
3013 8
3014 3014
3014 3477
3014 3764
3014 840
3014 1097
3014 1460
3015 3015
3015 1547
3015 1220
3015 519
3015 875
3015 1299
3016 406
3016 3016
3016 1611
3016 3202
3016 3480
3016 3868
3017 3017
3017 3085
3017 8
3017 294
3017 338
3017 387
3018 129
3018 3018
3018 3131
3018 2496
3018 2958
3018 618
3019 3019
3019 270
3019 2287
3019 2921
3019 461
3019 2592
3020 3020
3020 68
3020 3650
3020 3923
3020 2282
3020 2173
3021 3021
3021 775
3021 839
3021 3762
3021 2964
3021 296
3022 3022
3022 1513
3022 2872
3022 3602
3022 48
3022 2050
3023 3023
3023 578
3023 109
3023 157
3023 468
3023 769
3024 3024
3024 369
3024 820
3024 1746
3024 2491
3024 674
3025 3025
3025 3887
3025 1544
3025 3532
3025 2203
3025 3118
3026 3026
3026 933
3026 3937
3026 8
3026 179
3026 186
3027 3027
3027 3860
3027 8
3027 294
3027 338
3027 387
3028 3028
3028 881
3028 3733
3028 2701
3028 4003
3028 206
3029 155
3029 3029
3029 586
3029 2825
3029 3455
3029 8
3030 3030
3030 875
3030 1299
3030 2190
3030 3244
3030 8
3031 3031
3031 1262
3031 599
3031 408
3031 414
3031 1980
3032 3032
3032 1746
3032 2491
3032 1576
3032 3024
3032 3257
3033 3033
3033 3728
3033 2887
3033 1475
3033 1179
3033 2601
3034 3034
3034 3569
3034 3631
3034 344
3034 1022
3034 2550
3035 3035
3035 109
3035 208
3035 284
3035 593
3035 1185
3036 3036
3036 2437
3036 3056
3036 3814
3036 81
3036 586
3037 3037
3037 1531
3037 4051
3037 851
3037 2152
3037 3719
3038 3038
3038 650
3038 991
3038 3085
3038 3325
3038 8
3039 3039
3039 638
3039 10
3039 261
3039 438
3039 616
3040 3040
3040 378
3040 2721
3040 3612
3040 1179
3040 8
3041 3041
3041 3182
3041 2188
3041 255
3041 1079
3041 1353
3042 3042
3042 2905
3042 282
3042 2394
3042 3
3042 3892
3043 3043
3043 1822
3043 8
3043 294
3043 338
3043 387
3044 3044
3044 1549
3044 984
3044 3124
3044 334
3044 2175
3045 3045
3045 3419
3045 2226
3045 96
3045 3661
3045 1616
3046 3046
3046 1211
3046 2180
3046 3134
3046 8
3046 294
3047 3047
3047 3450
3047 2560
3047 3683
3047 3455
3047 8
3048 3048
3048 587
3048 874
3048 639
3048 2103
3048 1670
3049 3049
3049 3671
3049 8
3049 294
3049 338
3049 387
3050 869
3050 3050
3050 3495
3050 2483
3050 7
3050 8
3051 3051
3051 3900
3051 111
3051 650
3051 875
3051 991
3052 3052
3052 318
3052 2164
3052 1252
3052 378
3052 593
3053 3053
3053 699
3053 2496
3053 2958
3053 989
3053 1047
3054 3054
3054 1353
3054 1404
3054 2386
3054 2790
3054 3178
3055 3055
3055 2820
3055 2708
3055 507
3055 3982
3055 1850
3056 3056
3056 650
3056 991
3056 8
3056 294
3056 338
3057 3057
3057 8
3057 294
3057 338
3057 387
3057 557
3058 3058
3058 2914
3058 2991
3058 8
3058 294
3058 338
3059 3059
3059 3536
3059 402
3059 1158
3059 2406
3059 3178
3060 855
3060 3060
3060 1661
3060 8
3060 294
3060 338
3061 3061
3061 1909
3061 733
3061 875
3061 995
3061 1299
3062 3062
3062 3745
3062 917
3062 3901
3062 2203
3062 2701
3063 3063
3063 1619
3063 2204
3063 2927
3063 3274
3063 1982
3064 3064
3064 3392
3064 3815
3064 2959
3064 1321
3064 3303
3065 3065
3065 1389
3065 3040
3065 378
3065 1024
3065 1190
3066 3066
3066 548
3066 1006
3066 1211
3066 1496
3066 2180
3067 3067
3067 3415
3067 737
3067 1741
3067 3514
3067 3831
3068 3068
3068 2567
3068 2837
3068 419
3068 2528
3068 3858
3069 3069
3069 2016
3069 130
3069 1211
3069 2180
3069 3085
3070 3070
3070 230
3070 2800
3070 179
3070 1967
3070 3476
3071 3071
3071 2637
3071 2690
3071 291
3071 1474
3071 788
3072 3072
3072 3325
3072 8
3072 294
3072 338
3072 387
3073 3073
3073 358
3073 858
3073 657
3073 1983
3073 2722
3074 3074
3074 168
3074 1489
3074 3152
3074 3246
3074 4045
3075 3075
3075 264
3075 179
3075 2655
3075 519
3075 1541
3076 3076
3076 3082
3076 730
3076 2339
3076 3719
3076 343
3077 3077
3077 650
3077 991
3077 1211
3077 2180
3077 3134
3078 3078
3078 3364
3078 343
3078 414
3078 1626
3078 2252
3079 2065
3079 3079
3079 2211
3079 731
3079 1321
3079 3064
3080 3080
3080 3896
3080 1136
3080 1316
3080 1700
3080 2556
3081 3081
3081 3467
3081 2029
3081 3515
3081 323
3081 1394
3082 3082
3082 730
3082 3076
3082 440
3082 2339
3082 3719
3083 2079
3083 3083
3083 2530
3083 230
3083 248
3083 296
3084 3084
3084 3009
3084 1952
3084 1017
3084 1661
3084 1688
3085 3085
3085 8
3085 294
3085 338
3085 387
3085 557
3086 3086
3086 731
3086 1211
3086 2180
3086 3134
3086 3178
3087 3087
3087 1008
3087 414
3087 650
3087 704
3087 991
3088 3088
3088 3122
3088 370
3088 650
3088 991
3088 2560
3089 3089
3089 5
3089 652
3089 1255
3089 219
3089 2870
3090 1595
3090 2711
3090 3090
3090 343
3090 2252
3090 3719
3091 3091
3091 2250
3091 669
3091 2306
3091 472
3091 1710
3092 3092
3092 1211
3092 1289
3092 1392
3092 1478
3092 2180
3093 3093
3093 2659
3093 1770
3093 1753
3093 1453
3093 1456
3094 3094
3094 1115
3094 1604
3094 2537
3094 3433
3094 3543
3095 3095
3095 1979
3095 559
3095 405
3095 3008
3095 3069
3096 3096
3096 2808
3096 8
3096 294
3096 338
3096 387
3097 3097
3097 827
3097 104
3097 2317
3097 2923
3097 3994
3098 3098
3098 733
3098 875
3098 995
3098 1299
3098 2190
3099 3099
3099 2211
3099 731
3099 1017
3099 1393
3099 1889
3100 3100
3100 2
3100 1047
3100 1626
3100 618
3100 989
3101 3101
3101 3490
3101 1818
3101 3705
3101 1062
3101 1710
3102 3102
3102 3073
3102 3169
3102 2703
3102 2900
3102 2282
3103 3103
3103 1831
3103 8
3103 294
3103 338
3103 343
3104 3104
3104 3246
3104 1744
3104 3415
3104 168
3104 737
3105 3105
3105 3122
3105 370
3105 650
3105 989
3105 991
3106 3106
3106 121
3106 173
3106 709
3106 1604
3106 3543
3107 3107
3107 3775
3107 2308
3107 159
3107 3513
3107 1238
3108 3108
3108 1319
3108 3150
3108 140
3108 2191
3108 92
3109 3109
3109 170
3109 1211
3109 2180
3109 3069
3109 3134
3110 3110
3110 28
3110 2870
3110 3397
3110 750
3110 3442
3111 1357
3111 3111
3111 1353
3111 1404
3111 8
3111 294
3112 3112
3112 1387
3112 42
3112 2930
3112 3258
3112 1179
3113 3113
3113 1289
3113 1392
3113 1478
3113 2789
3113 8
3114 3114
3114 733
3114 840
3114 995
3114 1353
3114 1404
3115 3115
3115 2819
3115 767
3115 4050
3115 1663
3115 1626
3116 3116
3116 2861
3116 3715
3116 1323
3116 2732
3116 87
3117 3117
3117 1993
3117 2132
3117 3543
3117 3556
3117 2074
3118 3118
3118 1792
3118 3562
3118 329
3118 3887
3118 3532
3119 3119
3119 378
3119 2721
3119 3258
3119 3612
3119 8
3120 3120
3120 2090
3120 883
3120 4046
3120 1120
3120 2337
3121 3121
3121 1473
3121 2154
3121 2725
3121 170
3121 3689
3122 3122
3122 370
3122 650
3122 991
3122 2560
3122 3683
3123 3123
3123 3607
3123 1336
3123 2560
3123 3241
3123 3683
3124 3124
3124 806
3124 441
3124 2877
3124 3162
3124 596
3125 3125
3125 416
3125 2260
3125 1179
3125 4028
3125 7
3126 3126
3126 3306
3126 8
3126 294
3126 338
3126 387
3127 3127
3127 1285
3127 2990
3127 851
3127 343
3127 2601
3128 3128
3128 2124
3128 1393
3128 1889
3128 319
3128 729
3129 3129
3129 483
3129 296
3129 875
3129 1299
3129 1393
3130 3130
3130 768
3130 450
3130 1969
3130 646
3130 910
3131 3131
3131 989
3131 2221
3131 2496
3131 2958
3131 8
3132 3132
3132 2462
3132 1522
3132 1982
3132 1153
3132 1211
3133 3133
3133 3703
3133 3058
3133 2560
3133 3683
3133 2474
3134 1211
3134 2180
3134 3134
3134 8
3134 294
3134 338
3135 3135
3135 1179
3135 3040
3135 8
3135 294
3135 338
3136 1947
3136 3136
3136 875
3136 1299
3136 2190
3136 8
3137 3137
3137 959
3137 1353
3137 1404
3137 1030
3137 3220
3138 3138
3138 1331
3138 3077
3138 2437
3138 650
3138 991
3139 3139
3139 1667
3139 378
3139 1211
3139 1889
3139 2180
3140 3140
3140 3625
3140 2447
3140 2071
3140 3366
3140 850
3141 3141
3141 3843
3141 1179
3141 8
3141 294
3141 338
3142 3142
3142 3402
3142 2886
3142 2173
3142 466
3142 177
3143 3143
3143 1932
3143 345
3143 1479
3143 62
3143 230
3144 3144
3144 1418
3144 92
3144 740
3144 650
3144 918
3145 3145
3145 312
3145 1723
3145 2612
3145 3188
3145 3753
3146 3146
3146 2266
3146 875
3146 1299
3146 1705
3146 1831
3147 3147
3147 130
3147 1165
3147 1211
3147 2139
3147 2180
3148 3148
3148 2336
3148 145
3148 2116
3148 1268
3148 2292
3149 3149
3149 2938
3149 2856
3149 571
3149 2893
3149 1136
3150 3150
3150 3108
3150 1319
3150 92
3150 551
3150 686
3151 3151
3151 2309
3151 785
3151 1808
3151 3206
3151 8
3152 1489
3152 3152
3152 168
3152 3074
3152 3433
3152 1604
3153 8
3153 294
3153 338
3153 387
3153 557
3153 773
3154 3154
3154 45
3154 126
3154 586
3154 875
3154 1017
3155 3155
3155 2791
3155 1452
3155 3056
3155 41
3155 92
3156 3156
3156 2661
3156 527
3156 875
3156 1299
3156 2190
3157 3157
3157 2318
3157 312
3157 2355
3157 2612
3157 8
3158 3158
3158 1939
3158 875
3158 1299
3158 2190
3158 3178
3159 3159
3159 875
3159 1299
3159 2190
3159 2537
3159 3626
3160 3160
3160 2089
3160 2978
3160 2211
3160 3056
3160 92
3161 3161
3161 646
3161 910
3161 2889
3161 1022
3161 2252
3162 3162
3162 806
3162 441
3162 3124
3162 2877
3162 179
3163 3163
3163 856
3163 2850
3163 330
3163 2637
3163 3216
3164 3164
3164 2153
3164 822
3164 161
3164 875
3164 1299
3165 3165
3165 2000
3165 1797
3165 1692
3165 1634
3165 1786
3166 233
3166 1151
3166 3166
3166 319
3166 2707
3166 3198
3167 3167
3167 3808
3167 161
3167 875
3167 1299
3167 2190
3168 3168
3168 252
3168 3738
3168 3216
3168 788
3168 2292
3169 3169
3169 1882
3169 2578
3169 3208
3169 3102
3169 1336
3170 3170
3170 2347
3170 3431
3170 325
3170 1688
3170 1889
3171 3171
3171 1872
3171 2906
3171 1005
3171 1265
3171 716
3172 3172
3172 593
3172 3662
3172 378
3172 575
3172 2721
3173 3173
3173 3828
3173 301
3173 1391
3173 2791
3173 1060
3174 1288
3174 3174
3174 1211
3174 2180
3174 3134
3174 8
3175 3175
3175 3366
3175 176
3175 436
3175 2862
3175 2077
3176 3176
3176 1667
3176 2210
3176 3040
3176 157
3176 378
3177 3177
3177 1211
3177 2180
3177 2914
3177 2991
3177 3134
3178 3178
3178 8
3178 294
3178 338
3178 387
3178 557
3179 3179
3179 41
3179 527
3179 1889
3179 2005
3179 3541
3180 3180
3180 2481
3180 3205
3180 788
3180 1920
3180 104
3181 3181
3181 3363
3181 3464
3181 1232
3181 1781
3181 1786
3182 3182
3182 3041
3182 255
3182 1786
3182 1922
3182 875
3183 3183
3183 638
3183 731
3183 959
3183 1393
3183 1496
3184 3184
3184 1303
3184 1900
3184 2966
3184 3094
3184 3119
3185 3185
3185 2888
3185 1614
3185 1712
3185 729
3185 2252
3186 3186
3186 2187
3186 1215
3186 2332
3186 1197
3186 1604
3187 3187
3187 693
3187 255
3187 1134
3187 1922
3187 7
3188 3188
3188 1353
3188 1404
3188 1723
3188 8
3188 294
3189 3189
3189 2068
3189 2416
3189 1907
3189 1515
3189 3439
3190 3190
3190 3551
3190 3959
3190 3277
3190 3585
3190 1153
3191 3191
3191 1481
3191 1898
3191 2937
3191 3778
3191 179
3192 3192
3192 1353
3192 1404
3192 2386
3192 2437
3192 2790
3193 1443
3193 3193
3193 179
3193 62
3193 296
3193 397
3194 3194
3194 1432
3194 3126
3194 3306
3194 305
3194 875
3195 3195
3195 3845
3195 2953
3195 1128
3195 240
3195 319
3196 3196
3196 501
3196 1321
3196 2913
3196 3258
3196 1179
3197 3197
3197 3706
3197 2675
3197 753
3197 1824
3197 646
3198 3198
3198 2707
3198 3303
3198 3937
3198 8
3198 179
3199 3199
3199 877
3199 3775
3199 402
3199 8
3199 186
3200 3200
3200 1063
3200 2560
3200 3683
3200 154
3200 319
3201 3201
3201 3335
3201 1798
3201 2363
3201 1044
3201 1676
3202 3202
3202 3868
3202 2252
3202 732
3202 2560
3202 3292
3203 3203
3203 2010
3203 570
3203 92
3203 623
3203 659
3204 3204
3204 2561
3204 696
3204 3586
3204 593
3204 525
3205 3205
3205 3180
3205 2481
3205 551
3205 1113
3205 1165
3206 1808
3206 3206
3206 8
3206 294
3206 338
3206 387
3207 3207
3207 1587
3207 1023
3207 263
3207 2248
3207 2652
3208 3208
3208 2578
3208 1882
3208 2283
3208 650
3208 991
3209 3209
3209 1190
3209 3753
3209 8
3209 294
3209 338
3210 3210
3210 618
3210 989
3210 1889
3210 2021
3210 2221
3211 3211
3211 3737
3211 3626
3211 126
3211 296
3211 624
3212 3212
3212 1211
3212 2180
3212 3134
3212 3559
3212 3937
3213 3213
3213 733
3213 851
3213 989
3213 995
3213 1047
3214 3214
3214 3444
3214 1006
3214 144
3214 1496
3214 2454
3215 3215
3215 8
3215 294
3215 338
3215 387
3215 557
3216 3216
3216 2537
3216 111
3216 170
3216 761
3216 875
3217 3217
3217 1966
3217 8
3217 294
3217 338
3217 387
3218 3218
3218 56
3218 1625
3218 3679
3218 3399
3218 275
3219 3219
3219 8
3219 179
3219 294
3219 296
3219 312
3220 3220
3220 2914
3220 2991
3220 8
3220 294
3220 338
3221 3221
3221 343
3221 1917
3221 3057
3221 81
3221 370
3222 3222
3222 3077
3222 170
3222 490
3222 650
3222 875
3223 3223
3223 3030
3223 875
3223 1299
3223 2190
3223 2406
3224 3224
3224 16
3224 236
3224 414
3224 3719
3224 2252
3225 3225
3225 613
3225 1562
3225 1006
3225 2883
3225 2913
3226 3226
3226 2960
3226 3131
3226 989
3226 2221
3226 2914
3227 3227
3227 796
3227 3872
3227 650
3227 991
3227 2552
3228 3228
3228 2574
3228 2536
3228 130
3228 1693
3228 2821
3229 3229
3229 888
3229 2049
3229 2983
3229 3637
3229 636
3230 3230
3230 2846
3230 8
3230 188
3230 294
3230 338
3231 3231
3231 3837
3231 2271
3231 1692
3231 650
3231 991
3232 3232
3232 3976
3232 925
3232 3851
3232 75
3232 81
3233 3233
3233 986
3233 1519
3233 2440
3233 3850
3233 3893
3234 3234
3234 455
3234 704
3234 3077
3234 3113
3234 650
3235 3235
3235 3540
3235 3442
3235 20
3235 3660
3235 28
3236 3236
3236 1604
3236 3119
3236 3543
3236 378
3236 609
3237 3237
3237 81
3237 989
3237 1047
3237 2221
3237 2386
3238 3238
3238 1179
3238 8
3238 294
3238 338
3238 387
3239 3239
3239 981
3239 2530
3239 230
3239 2079
3239 3083
3240 3240
3240 1144
3240 3077
3240 650
3240 704
3240 991
3241 3241
3241 8
3241 294
3241 338
3241 387
3241 557
3242 3242
3242 952
3242 1753
3242 3929
3242 2901
3242 3006
3243 1992
3243 3243
3243 650
3243 991
3243 2975
3243 3548
3244 3244
3244 8
3244 294
3244 338
3244 387
3244 557
3245 3245
3245 572
3245 2252
3245 2713
3245 527
3245 1211
3246 3246
3246 1552
3246 1744
3246 168
3246 3074
3246 1489
3247 3247
3247 179
3247 62
3247 296
3247 397
3247 533
3248 3248
3248 1186
3248 2177
3248 2189
3248 3774
3248 8
3249 3249
3249 322
3249 947
3249 4011
3249 2908
3249 358
3250 3250
3250 87
3250 1323
3250 2732
3250 3
3250 3768
3251 3251
3251 593
3251 575
3251 1211
3251 2180
3251 3134
3252 3252
3252 1017
3252 2272
3252 2858
3252 8
3252 294
3253 3253
3253 394
3253 3816
3253 877
3253 739
3253 3199
3254 3254
3254 997
3254 784
3254 2085
3254 2456
3254 3087
3255 3255
3255 3309
3255 1136
3255 1316
3255 1700
3255 2556
3256 3256
3256 3167
3256 3808
3256 3379
3256 770
3256 1099
3257 3257
3257 3739
3257 1406
3257 3295
3257 2462
3257 2210
3258 3258
3258 8
3258 294
3258 338
3258 387
3258 557
3259 3259
3259 4035
3259 1634
3259 2189
3259 2433
3259 3294
3260 3260
3260 955
3260 3626
3260 126
3260 875
3260 1035
3261 3261
3261 2845
3261 2887
3261 8
3261 294
3261 338
3262 3262
3262 810
3262 2723
3262 646
3262 910
3262 2889
3263 3263
3263 2730
3263 79
3263 1793
3263 756
3263 1350
3264 3264
3264 1082
3264 3743
3264 533
3264 875
3264 1190
3265 3265
3265 260
3265 1265
3265 3920
3265 822
3265 609
3266 3266
3266 3826
3266 2658
3266 3462
3266 3802
3266 650
3267 3267
3267 961
3267 296
3267 875
3267 989
3267 1047
3268 3268
3268 8
3268 294
3268 338
3268 387
3268 557
3269 3269
3269 408
3269 414
3269 2252
3269 3202
3269 3868
3270 8
3270 294
3270 338
3270 387
3270 557
3270 773
3271 3271
3271 2870
3271 3397
3271 2541
3271 303
3271 750
3272 3272
3272 793
3272 1165
3272 1393
3272 1723
3272 2139
3273 3273
3273 179
3273 1786
3273 62
3273 296
3273 397
3274 3274
3274 1982
3274 2485
3274 3543
3274 378
3274 800
3275 3275
3275 3563
3275 2493
3275 2780
3275 3049
3275 378
3276 3276
3276 1035
3276 1211
3276 1215
3276 2180
3276 2332
3277 3277
3277 3551
3277 3190
3277 998
3277 2883
3277 3649
3278 3278
3278 2634
3278 319
3278 851
3278 2152
3278 3719
3279 3279
3279 8
3279 179
3279 230
3279 294
3279 338
3280 3280
3280 3755
3280 1136
3280 1316
3280 1700
3280 2556
3281 3281
3281 1197
3281 481
3281 1066
3281 1289
3281 1392
3282 3282
3282 3710
3282 94
3282 1831
3282 3413
3282 343
3283 3283
3283 1370
3283 1781
3283 111
3283 126
3283 170
3284 968
3284 1734
3284 3284
3284 2159
3284 2912
3284 3512
3285 3285
3285 3885
3285 1997
3285 2985
3285 2631
3285 1179
3286 3286
3286 593
3286 628
3286 1197
3286 2314
3286 3141
3287 3287
3287 3966
3287 8
3287 294
3287 335
3287 338
3288 386
3288 3288
3288 2887
3288 592
3288 3056
3288 8
3289 3289
3289 73
3289 156
3289 378
3289 510
3289 650
3290 3290
3290 2016
3290 130
3290 1190
3290 1723
3290 2825
3291 3291
3291 3886
3291 1716
3291 1738
3291 3094
3291 2152
3292 732
3292 3292
3292 2252
3292 2560
3292 3202
3292 3683
3293 3293
3293 3739
3293 3447
3293 3909
3293 1196
3293 3672
3294 3294
3294 875
3294 1299
3294 2190
3294 3178
3294 3555
3295 3295
3295 2462
3295 1522
3295 1982
3295 2210
3295 2485
3296 3296
3296 371
3296 3615
3296 3959
3296 3103
3296 740
3297 3297
3297 2009
3297 104
3297 2210
3297 2788
3297 3040
3298 3298
3298 3623
3298 2980
3298 3751
3298 3792
3298 1976
3299 3299
3299 3765
3299 2914
3299 2991
3299 3085
3299 1179
3300 3300
3300 3420
3300 58
3300 3531
3300 2240
3300 2402
3301 3301
3301 890
3301 618
3301 1163
3301 3916
3301 81
3302 3302
3302 3701
3302 136
3302 2847
3302 78
3302 662
3303 3303
3303 8
3303 294
3303 338
3303 387
3303 557
3304 3304
3304 57
3304 527
3304 1713
3304 2451
3304 2655
3305 3305
3305 2028
3305 364
3305 365
3305 2210
3305 2001
3306 3126
3306 3306
3306 8
3306 294
3306 338
3306 387
3307 2580
3307 3307
3307 1503
3307 1174
3307 1157
3307 3542
3308 3308
3308 343
3308 1767
3308 1980
3308 2252
3308 2295
3309 3309
3309 3255
3309 2662
3309 62
3309 1060
3309 3763
3310 3310
3310 2284
3310 217
3310 538
3310 3588
3310 3916
3311 3311
3311 1017
3311 2272
3311 2825
3311 2858
3311 8
3312 3312
3312 3846
3312 2204
3312 2927
3312 1982
3312 296
3313 3313
3313 3507
3313 2560
3313 3683
3313 310
3313 325
3314 3314
3314 1035
3314 2914
3314 2991
3314 8
3314 186
3315 3315
3315 3069
3315 1931
3315 2016
3315 2537
3315 2854
3316 3316
3316 731
3316 875
3316 1299
3316 2190
3316 8
3317 3317
3317 1312
3317 2560
3317 3683
3317 343
3317 370
3318 3318
3318 157
3318 1179
3318 8
3318 188
3318 294
3319 3319
3319 1847
3319 2252
3319 732
3319 2560
3319 3202
3320 1496
3320 2454
3320 3320
3320 8
3320 294
3320 338
3321 3321
3321 993
3321 2283
3321 1091
3321 3518
3321 179
3322 893
3322 3322
3322 1723
3322 698
3322 8
3322 294
3323 1606
3323 2338
3323 3323
3323 170
3323 731
3323 733
3324 3324
3324 3560
3324 875
3324 1299
3324 2190
3324 8
3325 3325
3325 8
3325 294
3325 338
3325 387
3325 557
3326 3326
3326 1472
3326 1781
3326 3626
3326 126
3326 875
3327 3327
3327 2770
3327 2161
3327 2802
3327 912
3327 3344
3328 3328
3328 880
3328 1128
3328 514
3328 2560
3328 3683
3329 3329
3329 164
3329 179
3329 3443
3329 3920
3329 1443
3330 3330
3330 3958
3330 527
3330 1661
3330 3965
3330 8
3331 3331
3331 3056
3331 468
3331 650
3331 991
3331 8
3332 3332
3332 3303
3332 8
3332 294
3332 335
3332 338
3333 3333
3333 8
3333 294
3333 338
3333 387
3333 557
3334 3334
3334 562
3334 815
3334 1723
3334 2021
3334 2953
3335 3335
3335 1798
3335 3201
3335 2363
3335 822
3335 3836
3336 3336
3336 2424
3336 214
3336 1106
3336 428
3336 3056
3337 3337
3337 4044
3337 255
3337 1922
3337 179
3337 1443
3338 3338
3338 2957
3338 1967
3338 3920
3338 179
3338 230
3339 3339
3339 619
3339 2004
3339 3122
3339 3513
3339 4014
3340 3340
3340 2428
3340 525
3340 2040
3340 696
3340 3281
3341 3341
3341 1570
3341 62
3341 179
3341 397
3341 875
3342 3342
3342 170
3342 788
3342 875
3342 1025
3342 1204
3343 3343
3343 1677
3343 2726
3343 575
3343 854
3343 2537
3344 3344
3344 3583
3344 2022
3344 3327
3344 2802
3344 2770
3345 8
3345 294
3345 338
3345 387
3345 557
3345 773
3346 3346
3346 2914
3346 2991
3346 3258
3346 8
3346 294
3347 3347
3347 1604
3347 1667
3347 1841
3347 2883
3347 3094
3348 3348
3348 2027
3348 3119
3348 3258
3348 8
3348 294
3349 2505
3349 2604
3349 3349
3349 2560
3349 3683
3349 8
3350 3350
3350 2105
3350 2702
3350 248
3350 2623
3350 2075
3351 3351
3351 2552
3351 2887
3351 2914
3351 2991
3351 3409
3352 3352
3352 2095
3352 128
3352 2916
3352 28
3352 1600
3353 3353
3353 1289
3353 1392
3353 1478
3353 8
3353 294
3354 3354
3354 3455
3354 8
3354 294
3354 338
3354 387
3355 3355
3355 304
3355 1149
3355 1471
3355 2519
3355 1657
3356 1765
3356 3356
3356 3372
3356 3981
3356 2601
3356 3057
3357 3357
3357 302
3357 1900
3357 3501
3357 3709
3357 370
3358 3358
3358 1314
3358 4034
3358 2669
3358 1929
3358 173
3359 3359
3359 3840
3359 740
3359 3835
3359 3975
3359 296
3360 3360
3360 1400
3360 2831
3360 1686
3360 2401
3360 1257
3361 3361
3361 609
3361 733
3361 995
3361 2810
3361 8
3362 3362
3362 2811
3362 1187
3362 3652
3362 2881
3362 3411
3363 3363
3363 3181
3363 992
3363 3464
3363 3987
3363 1786
3364 3364
3364 2252
3364 1211
3364 1325
3364 2180
3364 2305
3365 3365
3365 1177
3365 1662
3365 2997
3365 1904
3365 3699
3366 3366
3366 176
3366 3175
3366 436
3366 2862
3366 2077
3367 2217
3367 3367
3367 378
3367 2406
3367 2468
3367 2721
3368 3368
3368 2366
3368 718
3368 202
3368 2665
3368 3856
3369 3369
3369 1239
3369 1493
3369 1195
3369 837
3369 3077
3370 3370
3370 1439
3370 2070
3370 2257
3370 2252
3370 3620
3371 2478
3371 3371
3371 1688
3371 2825
3371 8
3371 294
3372 3372
3372 1528
3372 2601
3372 948
3372 1769
3372 2305
3373 3373
3373 2098
3373 2642
3373 511
3373 4043
3373 2456
3374 3374
3374 3012
3374 1689
3374 714
3374 1974
3374 2210
3375 3375
3375 242
3375 393
3375 788
3375 208
3375 1215
3376 3376
3376 481
3376 3991
3376 202
3376 718
3376 1604
3377 3377
3377 1179
3377 8
3377 294
3377 338
3377 387
3378 3378
3378 2825
3378 8
3378 294
3378 338
3378 387
3379 3379
3379 1327
3379 1394
3379 2689
3379 2534
3379 1364
3380 3380
3380 2427
3380 490
3380 822
3380 2845
3380 3178
3381 3381
3381 2911
3381 3852
3381 739
3381 877
3381 3253
3382 3382
3382 1301
3382 3670
3382 167
3382 497
3382 2836
3383 3383
3383 926
3383 2804
3383 1514
3383 2413
3383 638
3384 3384
3384 1667
3384 378
3384 510
3384 609
3384 1211
3385 3385
3385 1211
3385 1688
3385 2180
3385 3134
3385 1179
3386 3386
3386 477
3386 2490
3386 1108
3386 3878
3386 726
3387 3387
3387 3087
3387 1008
3387 2533
3387 2494
3387 414
3388 3388
3388 650
3388 918
3388 991
3388 1353
3388 1404
3389 3389
3389 41
3389 2005
3389 8
3389 294
3389 338
3390 3390
3390 1137
3390 2782
3390 2661
3390 8
3390 173
3391 3391
3391 1769
3391 468
3391 1289
3391 1392
3391 1478
3392 3064
3392 3392
3392 3815
3392 2959
3392 1321
3392 3303
3393 3393
3393 3756
3393 1353
3393 1404
3393 2406
3393 3178
3394 3394
3394 2447
3394 555
3394 849
3394 3716
3394 1039
3395 3395
3395 593
3395 760
3395 951
3395 1022
3395 2883
3396 3396
3396 1963
3396 596
3396 2748
3396 989
3396 2221
3397 3397
3397 303
3397 2160
3397 2965
3397 2870
3397 257
3398 1136
3398 1316
3398 1700
3398 2556
3398 3398
3398 8
3399 3399
3399 275
3399 464
3399 317
3399 1331
3399 569
3400 3400
3400 1211
3400 2180
3400 2189
3400 3134
3400 3325
3401 3401
3401 989
3401 1321
3401 2221
3401 2496
3401 2958
3402 3402
3402 177
3402 3470
3402 2795
3402 634
3402 3142
3403 2966
3403 3403
3403 1303
3403 3433
3403 3543
3403 378
3404 3404
3404 1281
3404 8
3404 188
3404 294
3404 338
3405 3405
3405 263
3405 8
3405 294
3405 338
3405 387
3406 3406
3406 871
3406 3524
3406 3670
3406 3631
3406 843
3407 3407
3407 296
3407 179
3407 2497
3407 62
3407 397
3408 3408
3408 8
3408 294
3408 338
3408 387
3408 557
3409 3409
3409 1070
3409 2887
3409 3085
3409 3351
3409 8
3410 3410
3410 4005
3410 588
3410 36
3410 1107
3410 1711
3411 3411
3411 2811
3411 3652
3411 1187
3411 2881
3411 3362
3412 3412
3412 2353
3412 575
3412 593
3412 2241
3412 2306
3413 3413
3413 8
3413 294
3413 338
3413 387
3413 557
3414 3414
3414 650
3414 761
3414 875
3414 991
3414 1299
3415 3415
3415 737
3415 3514
3415 2920
3415 1622
3415 3831
3416 3416
3416 2328
3416 123
3416 2271
3416 2350
3416 3492
3417 3417
3417 650
3417 991
3417 8
3417 294
3417 338
3418 3418
3418 1996
3418 1353
3418 1404
3418 2033
3418 2779
3419 3419
3419 1974
3419 2210
3419 3119
3419 365
3419 324
3420 3420
3420 691
3420 1136
3420 1316
3420 1700
3420 2556
3421 3421
3421 1072
3421 1919
3421 593
3421 575
3421 537
3422 3422
3422 2620
3422 8
3422 294
3422 338
3422 387
3423 3423
3423 593
3423 40
3423 1854
3423 291
3423 575
3424 2327
3424 3424
3424 1917
3424 514
3424 2560
3424 3133
3425 3425
3425 8
3425 294
3425 338
3425 387
3425 557
3426 3426
3426 1949
3426 1145
3426 276
3426 363
3426 586
3427 3427
3427 1237
3427 819
3427 291
3427 2953
3427 3785
3428 3428
3428 1272
3428 2099
3428 1526
3428 90
3428 731
3429 3429
3429 1289
3429 1392
3429 1478
3429 2495
3429 8
3430 3430
3430 813
3430 875
3430 1017
3430 1299
3430 2190
3431 3431
3431 2347
3431 325
3431 2386
3431 2623
3431 2790
3432 3432
3432 1017
3432 1496
3432 2272
3432 2454
3432 2858
3433 3433
3433 689
3433 1303
3433 1604
3433 2966
3433 3094
3434 3434
3434 2933
3434 355
3434 2568
3434 3069
3434 1096
3435 3435
3435 317
3435 2646
3435 464
3435 1331
3435 8
3436 3436
3436 614
3436 2518
3436 1535
3436 3056
3436 81
3437 3437
3437 8
3437 294
3437 312
3437 338
3437 387
3438 1442
3438 3438
3438 650
3438 991
3438 8
3438 294
3439 3439
3439 3189
3439 1515
3439 1983
3439 2701
3439 3887
3440 3440
3440 325
3440 1128
3440 2386
3440 2790
3440 3689
3441 3441
3441 979
3441 2194
3441 277
3441 917
3441 2942
3442 3442
3442 3110
3442 28
3442 20
3442 1990
3442 48
3443 3443
3443 624
3443 875
3443 1299
3443 2190
3443 8
3444 3444
3444 1006
3444 3214
3444 144
3444 1496
3444 2454
3445 3445
3445 1303
3445 378
3445 2721
3445 2825
3445 3612
3446 3446
3446 1563
3446 1710
3446 312
3446 822
3446 1424
3447 3447
3447 3909
3447 3258
3447 8
3447 294
3447 338
3448 3448
3448 1273
3448 3525
3448 2292
3448 3769
3448 319
3449 3449
3449 8
3449 294
3449 338
3449 387
3449 557
3450 3047
3450 3450
3450 2560
3450 3683
3450 3455
3450 8
3451 3451
3451 956
3451 92
3451 650
3451 991
3451 2434
3452 3452
3452 2535
3452 2655
3452 533
3452 296
3452 179
3453 3453
3453 400
3453 2110
3453 989
3453 1047
3453 2221
3454 3454
3454 3873
3454 3061
3454 2485
3454 2529
3454 122
3455 3455
3455 8
3455 294
3455 338
3455 387
3455 557
3456 3456
3456 2673
3456 278
3456 1010
3456 319
3456 1128
3457 3457
3457 2837
3457 2567
3457 3858
3457 3529
3457 231
3458 3458
3458 65
3458 1786
3458 1838
3458 2400
3458 170
3459 3459
3459 312
3459 586
3459 2355
3459 2612
3459 2914
3460 3460
3460 2282
3460 2173
3460 634
3460 2766
3460 1829
3461 3461
3461 953
3461 707
3461 2883
3461 3543
3461 8
3462 3462
3462 650
3462 991
3462 1353
3462 1404
3462 2406
3463 3463
3463 3693
3463 2562
3463 1136
3463 1316
3463 1700
3464 3464
3464 3363
3464 3181
3464 428
3464 515
3464 535
3465 723
3465 3465
3465 2772
3465 3569
3465 3568
3465 3946
3466 3466
3466 2478
3466 3371
3466 3126
3466 3306
3466 1169
3467 3467
3467 363
3467 2039
3467 586
3467 1545
3467 2746
3468 3468
3468 3973
3468 1720
3468 2036
3468 660
3468 296
3469 3469
3469 527
3469 1292
3469 3258
3469 3641
3469 3965
3470 177
3470 3470
3470 634
3470 2795
3470 1829
3470 2173
3471 3471
3471 1055
3471 2437
3471 3119
3471 378
3471 609
3472 3472
3472 2023
3472 2616
3472 2960
3472 1010
3472 2191
3473 3473
3473 1822
3473 2601
3473 3043
3473 70
3473 92
3474 3474
3474 459
3474 2652
3474 62
3474 533
3474 179
3475 3475
3475 447
3475 4026
3475 2194
3475 3745
3475 1040
3476 3476
3476 8
3476 230
3476 294
3476 338
3476 387
3477 3477
3477 3764
3477 1211
3477 2180
3477 3134
3477 1179
3478 3478
3478 2209
3478 262
3478 2822
3478 1181
3478 1987
3479 3479
3479 1786
3479 2712
3479 875
3479 1299
3479 1353
3480 1611
3480 3480
3480 2152
3480 729
3480 1022
3480 2252
3481 3481
3481 217
3481 1010
3481 2284
3481 319
3481 1393
3482 3482
3482 1706
3482 170
3482 3658
3482 1369
3482 130
3483 3483
3483 2818
3483 510
3483 2629
3483 378
3483 527
3484 3484
3484 405
3484 1921
3484 559
3484 1846
3484 3508
3485 3485
3485 793
3485 571
3485 638
3485 10
3485 538
3486 3486
3486 2710
3486 3834
3486 2687
3486 2994
3486 3549
3487 3487
3487 1575
3487 1351
3487 257
3487 104
3487 3017
3488 3488
3488 312
3488 1889
3488 2612
3488 8
3488 294
3489 3489
3489 1350
3489 595
3489 2246
3489 2730
3489 3263
3490 3490
3490 3101
3490 3705
3490 1818
3490 1062
3490 1710
3491 3491
3491 4043
3491 60
3491 1211
3491 2180
3491 2611
3492 3492
3492 3588
3492 533
3492 3916
3492 3416
3492 179
3493 3493
3493 2914
3493 2991
3493 1179
3493 1519
3493 2440
3494 3494
3494 1826
3494 2961
3494 851
3494 3719
3494 1956
3495 869
3495 3050
3495 3495
3495 2483
3495 7
3495 8
3496 3496
3496 1807
3496 2210
3496 378
3496 1667
3496 2475
3497 3497
3497 573
3497 375
3497 3877
3497 4033
3497 2537
3498 3498
3498 2813
3498 1141
3498 1647
3498 1193
3498 1417
3499 3499
3499 8
3499 294
3499 338
3499 387
3499 557
3500 3500
3500 650
3500 918
3500 991
3500 2276
3500 2845
3501 3501
3501 3709
3501 104
3501 1454
3501 2159
3501 2705
3502 3502
3502 1277
3502 3781
3502 788
3502 1362
3502 2914
3503 3503
3503 1290
3503 966
3503 3418
3503 1126
3503 65
3504 3504
3504 229
3504 1248
3504 2241
3504 2306
3504 438
3505 3505
3505 2319
3505 1085
3505 296
3505 2777
3505 3900
3506 3506
3506 1271
3506 3735
3506 944
3506 3885
3506 3285
3507 3507
3507 3313
3507 3486
3507 3834
3507 1980
3507 2152
3508 3508
3508 1740
3508 2771
3508 1846
3508 405
3508 559
3509 3509
3509 581
3509 1393
3509 497
3509 2473
3509 2913
3510 3510
3510 2558
3510 3823
3510 468
3510 1084
3510 1190
3511 3511
3511 813
3511 179
3511 692
3511 1954
3511 2497
3512 2159
3512 3512
3512 2073
3512 384
3512 624
3512 854
3513 3513
3513 8
3513 294
3513 338
3513 387
3513 557
3514 3514
3514 737
3514 2920
3514 3415
3514 1622
3514 3831
3515 3515
3515 2029
3515 126
3515 1769
3515 586
3515 2707
3516 194
3516 3516
3516 1303
3516 2966
3516 3403
3516 378
3517 3517
3517 650
3517 875
3517 991
3517 1299
3517 2190
3518 3518
3518 179
3518 62
3518 296
3518 397
3518 533
3519 3519
3519 1140
3519 3898
3519 1669
3519 3763
3519 179
3520 3520
3520 3711
3520 2333
3520 2645
3520 3031
3520 1262
3521 3521
3521 1982
3521 2485
3521 378
3521 800
3521 1456
3522 3522
3522 2306
3522 1017
3522 1353
3522 1404
3522 2272
3523 3523
3523 2547
3523 3874
3523 344
3523 1530
3523 3569
3524 3524
3524 871
3524 3406
3524 2127
3524 307
3524 2791
3525 3525
3525 1273
3525 3448
3525 2210
3525 3769
3525 378
3526 3526
3526 1112
3526 194
3526 3516
3526 377
3526 315
3527 3527
3527 2423
3527 912
3527 335
3527 3649
3527 378
3528 3528
3528 2306
3528 1909
3528 1970
3528 3188
3528 733
3529 3529
3529 2567
3529 2837
3529 3858
3529 231
3529 419
3530 3530
3530 118
3530 62
3530 384
3530 875
3530 1122
3531 3531
3531 3813
3531 58
3531 2240
3531 299
3531 1415
3532 3532
3532 3562
3532 329
3532 3887
3532 2203
3532 2080
3533 3533
3533 1039
3533 2279
3533 1736
3533 969
3533 3716
3534 3534
3534 1517
3534 1602
3534 1981
3534 515
3534 3802
3535 3535
3535 343
3535 1614
3535 2252
3535 732
3535 3292
3536 3536
3536 3059
3536 402
3536 1158
3536 2406
3536 3178
3537 3537
3537 218
3537 1540
3537 3817
3537 1786
3537 2780
3538 3538
3538 65
3538 1017
3538 1353
3538 1404
3538 1661
3539 3539
3539 201
3539 3601
3539 2579
3539 1764
3539 104
3540 3540
3540 3235
3540 3442
3540 3256
3540 20
3540 28
3541 3541
3541 41
3541 2005
3541 3931
3541 8
3541 294
3542 3542
3542 3547
3542 1503
3542 2457
3542 1174
3542 1157
3543 3543
3543 378
3543 2721
3543 3556
3543 3612
3543 8
3544 3544
3544 2152
3544 3077
3544 4040
3544 132
3544 704
3545 83
3545 3545
3545 1723
3545 2472
3545 893
3545 3322
3546 3546
3546 1823
3546 784
3546 398
3546 1135
3546 3321
3547 3547
3547 729
3547 319
3547 3786
3547 132
3547 572
3548 3548
3548 1992
3548 3243
3548 1136
3548 1316
3548 1700
3549 2687
3549 2994
3549 3549
3549 1511
3549 704
3549 1022
3550 3550
3550 2933
3550 2011
3550 959
3550 1017
3550 1889
3551 3551
3551 3190
3551 3585
3551 3277
3551 3920
3551 170
3552 3552
3552 580
3552 8
3552 294
3552 332
3552 338
3553 3553
3553 335
3553 527
3553 3178
3553 3965
3553 8
3554 3554
3554 1214
3554 310
3554 732
3554 3202
3554 3292
3555 3555
3555 305
3555 875
3555 1299
3555 2190
3555 3294
3556 3556
3556 3543
3556 378
3556 758
3556 2721
3556 3612
3557 3557
3557 8
3557 294
3557 338
3557 355
3557 387
3558 3558
3558 3588
3558 3916
3558 8
3558 294
3558 338
3559 3559
3559 1688
3559 8
3559 294
3559 338
3559 387
3560 3560
3560 875
3560 1299
3560 2190
3560 8
3560 134
3561 3561
3561 671
3561 172
3561 2601
3561 3626
3561 92
3562 3562
3562 329
3562 3532
3562 3887
3562 3118
3562 1792
3563 3563
3563 3275
3563 2493
3563 2663
3563 3103
3563 957
3564 3564
3564 2754
3564 111
3564 2537
3564 3626
3564 126
3565 3565
3565 2122
3565 3657
3565 1680
3565 2932
3565 2952
3566 3566
3566 565
3566 161
3566 2751
3566 50
3566 62
3567 3567
3567 1777
3567 527
3567 1289
3567 1392
3567 1478
3568 3568
3568 3946
3568 8
3568 294
3568 338
3568 387
3569 3569
3569 1190
3569 2914
3569 2991
3569 8
3569 294
3570 1550
3570 3570
3570 2825
3570 8
3570 294
3570 338
3571 3571
3571 325
3571 370
3571 1312
3571 2386
3571 2472
3572 3572
3572 2189
3572 3897
3572 92
3572 1179
3572 1519
3573 3573
3573 1289
3573 1392
3573 1478
3573 8
3573 294
3574 3574
3574 816
3574 1523
3574 1656
3574 1439
3574 2070
3575 3575
3575 852
3575 2130
3575 2564
3575 2761
3575 3708
3576 3576
3576 1829
3576 634
3576 2173
3576 2282
3576 3460
3577 3577
3577 632
3577 27
3577 1123
3577 1516
3577 179
3578 3578
3578 247
3578 1052
3578 989
3578 1831
3578 2221
3579 3579
3579 296
3579 179
3579 692
3579 2145
3579 3058
3580 3580
3580 593
3580 457
3580 575
3580 1504
3580 537
3581 3581
3581 1110
3581 489
3581 1357
3581 3111
3581 179
3582 3582
3582 1456
3582 1775
3582 2913
3582 8
3582 294
3583 3583
3583 3344
3583 2022
3583 2802
3583 3327
3583 2770
3584 3584
3584 2846
3584 8
3584 294
3584 338
3584 387
3585 3585
3585 624
3585 875
3585 1299
3585 2190
3585 2918
3586 3586
3586 760
3586 1289
3586 1392
3586 1478
3586 1810
3587 3587
3587 1780
3587 310
3587 1118
3587 1973
3587 2004
3588 3588
3588 3916
3588 8
3588 294
3588 338
3588 387
3589 3589
3589 8
3589 294
3589 338
3589 387
3589 557
3590 3590
3590 3215
3590 8
3590 294
3590 338
3590 387
3591 3591
3591 2613
3591 1030
3591 1289
3591 1353
3591 1392
3592 3592
3592 1289
3592 1392
3592 1478
3592 3085
3592 8
3593 3593
3593 1289
3593 1392
3593 1478
3593 8
3593 294
3594 3594
3594 947
3594 358
3594 1418
3594 268
3594 858
3595 3595
3595 8
3595 294
3595 338
3595 387
3595 557
3596 3596
3596 397
3596 1211
3596 2180
3596 2821
3596 2975
3597 3597
3597 1166
3597 4048
3597 2672
3597 710
3597 3077
3598 2682
3598 3598
3598 695
3598 2406
3598 2914
3598 2991
3599 3599
3599 2508
3599 3131
3599 618
3599 989
3599 2221
3600 3600
3600 916
3600 1667
3600 2210
3600 2537
3600 3675
3601 3601
3601 3040
3601 609
3601 1667
3601 365
3601 378
3602 3602
3602 1974
3602 2210
3602 3119
3602 365
3602 378
3603 3603
3603 1349
3603 2248
3603 179
3603 3872
3603 3925
3604 3604
3604 644
3604 61
3604 401
3604 1964
3604 374
3605 3605
3605 422
3605 788
3605 1079
3605 1889
3605 2846
3606 3606
3606 2698
3606 1608
3606 1837
3606 1557
3606 1503
3607 3123
3607 3607
3607 1336
3607 2560
3607 3241
3607 3683
3608 8
3608 294
3608 338
3608 387
3608 557
3608 773
3609 3609
3609 2914
3609 2991
3609 8
3609 109
3609 294
3610 3610
3610 1775
3610 8
3610 294
3610 338
3610 387
3611 3611
3611 1344
3611 505
3611 1224
3611 3000
3611 312
3612 378
3612 2721
3612 3612
3612 8
3612 294
3612 335
3613 3613
3613 1179
3613 8
3613 294
3613 338
3613 387
3614 3614
3614 1610
3614 37
3614 801
3614 3747
3614 2437
3615 3615
3615 371
3615 3296
3615 3959
3615 475
3615 3781
3616 3616
3616 3975
3616 650
3616 918
3616 991
3616 2845
3617 3617
3617 4029
3617 767
3617 4050
3617 2496
3617 2958
3618 3618
3618 314
3618 92
3618 1017
3618 2272
3618 2788
3619 3619
3619 2992
3619 3126
3619 3306
3619 1704
3619 1179
3620 3620
3620 2252
3620 1211
3620 1325
3620 2180
3620 2305
3621 3621
3621 253
3621 2956
3621 2989
3621 1007
3621 1305
3622 3622
3622 3557
3622 312
3622 1353
3622 1404
3622 2308
3623 3623
3623 2980
3623 3751
3623 3792
3623 3298
3623 2678
3624 3624
3624 1892
3624 989
3624 2221
3624 2496
3624 2958
3625 3625
3625 3140
3625 2233
3625 3688
3625 849
3625 2447
3626 3626
3626 126
3626 875
3626 1299
3626 1634
3626 2190
3627 3627
3627 2362
3627 1987
3627 1153
3627 1374
3627 3626
3628 3628
3628 2883
3628 1211
3628 2180
3628 2825
3628 3134
3629 3629
3629 3938
3629 3049
3629 2046
3629 3671
3629 8
3630 3630
3630 2744
3630 305
3630 1604
3630 3543
3630 2404
3631 3631
3631 2550
3631 650
3631 991
3631 1030
3631 1353
3632 3632
3632 2981
3632 42
3632 875
3632 1299
3632 2190
3633 3633
3633 8
3633 294
3633 338
3633 387
3633 557
3634 3634
3634 2447
3634 2279
3634 750
3634 3688
3634 555
3635 3635
3635 1974
3635 2210
3635 134
3635 378
3635 624
3636 3636
3636 3541
3636 3931
3636 8
3636 294
3636 338
3637 3637
3637 636
3637 888
3637 1310
3637 2049
3637 1759
3638 3638
3638 4022
3638 778
3638 2879
3638 2795
3638 3682
3639 3639
3639 2926
3639 561
3639 2284
3639 272
3639 733
3640 3640
3640 2885
3640 1974
3640 2083
3640 2210
3640 2159
3641 1292
3641 3641
3641 8
3641 294
3641 338
3641 387
3642 3642
3642 2914
3642 2991
3642 8
3642 294
3642 338
3643 3643
3643 1211
3643 2180
3643 3134
3643 1136
3643 1316
3644 3644
3644 1627
3644 426
3644 2286
3644 1829
3644 634
3645 3645
3645 804
3645 3898
3645 179
3645 345
3645 2767
3646 3646
3646 3943
3646 883
3646 602
3646 1393
3646 2191
3647 1249
3647 3647
3647 685
3647 170
3647 1211
3647 1289
3648 3648
3648 601
3648 1456
3648 1179
3648 8
3648 294
3649 3649
3649 875
3649 1299
3649 2190
3649 8
3649 134
3650 3650
3650 68
3650 2282
3650 3020
3650 2766
3650 2173
3651 3651
3651 1095
3651 1137
3651 2782
3651 3928
3651 1711
3652 3652
3652 2811
3652 1187
3652 3411
3652 2881
3652 3362
3653 3653
3653 2601
3653 959
3653 989
3653 1047
3653 2221
3654 3654
3654 4047
3654 1893
3654 3679
3654 2378
3654 1494
3655 3655
3655 2469
3655 368
3655 1721
3655 72
3655 588
3656 3656
3656 2276
3656 2845
3656 8
3656 186
3656 294
3657 3657
3657 2122
3657 3565
3657 2932
3657 2952
3657 1680
3658 3658
3658 875
3658 1299
3658 2190
3658 8
3658 134
3659 3659
3659 1260
3659 300
3659 776
3659 2529
3659 1841
3660 3660
3660 2916
3660 28
3660 3110
3660 3442
3660 4033
3661 3661
3661 1567
3661 2870
3661 3045
3661 3419
3661 2925
3662 3662
3662 378
3662 2721
3662 3612
3662 8
3662 294
3663 3663
3663 913
3663 378
3663 2406
3663 2468
3663 2721
3664 85
3664 3664
3664 2960
3664 3131
3664 3226
3664 2496
3665 3665
3665 976
3665 2548
3665 378
3665 885
3665 1190
3666 3666
3666 1986
3666 1708
3666 320
3666 192
3666 2228
3667 3667
3667 50
3667 2821
3667 3085
3667 8
3667 294
3668 3668
3668 3990
3668 370
3668 650
3668 991
3668 1889
3669 3669
3669 1179
3669 8
3669 294
3669 338
3669 387
3670 3670
3670 2127
3670 1301
3670 2241
3670 843
3670 468
3671 3671
3671 3049
3671 8
3671 294
3671 338
3671 387
3672 3672
3672 609
3672 2317
3672 2923
3672 3870
3672 3994
3673 2304
3673 3673
3673 1035
3673 8
3673 294
3673 338
3674 3674
3674 3975
3674 650
3674 991
3674 8
3674 294
3675 3675
3675 2210
3675 378
3675 629
3675 1153
3675 1215
3676 3676
3676 225
3676 2654
3676 1171
3676 2352
3676 3202
3677 3677
3677 3006
3677 2901
3677 134
3677 3178
3677 378
3678 333
3678 3678
3678 3543
3678 378
3678 2721
3678 3556
3679 3679
3679 1494
3679 1893
3679 2378
3679 3654
3679 2953
3680 3680
3680 499
3680 4001
3680 1097
3680 2394
3680 3970
3681 3681
3681 2857
3681 888
3681 2049
3681 973
3681 3229
3682 3682
3682 634
3682 2795
3682 177
3682 3470
3682 1829
3683 2560
3683 3683
3683 8
3683 294
3683 338
3683 343
3684 3684
3684 2196
3684 954
3684 335
3684 378
3684 1017
3685 3685
3685 1274
3685 1212
3685 882
3685 1393
3685 1815
3686 3686
3686 8
3686 294
3686 338
3686 387
3686 557
3687 3687
3687 1463
3687 335
3687 1192
3687 3040
3687 3119
3688 3688
3688 849
3688 2071
3688 2447
3688 1039
3688 3716
3689 3689
3689 1353
3689 1404
3689 2386
3689 2790
3689 8
3690 3690
3690 442
3690 731
3690 875
3690 1299
3690 1634
3691 3691
3691 2132
3691 3117
3691 391
3691 1556
3691 98
3692 3692
3692 3694
3692 3948
3692 80
3692 1179
3692 8
3693 3463
3693 3693
3693 2562
3693 1136
3693 1316
3693 1700
3694 3694
3694 3692
3694 3948
3694 179
3694 3040
3694 3920
3695 3695
3695 378
3695 733
3695 995
3695 2707
3695 2721
3696 3696
3696 533
3696 179
3696 583
3696 3920
3696 62
3697 3697
3697 3252
3697 402
3697 635
3697 959
3697 1017
3698 3698
3698 2605
3698 2489
3698 1786
3698 650
3698 875
3699 3699
3699 2816
3699 2701
3699 1745
3699 1306
3699 2580
3700 3700
3700 1136
3700 1316
3700 1700
3700 2556
3700 3398
3701 3701
3701 136
3701 2847
3701 3302
3701 2104
3701 3299
3702 3702
3702 3807
3702 1178
3702 589
3702 343
3702 1980
3703 3133
3703 3703
3703 3058
3703 2560
3703 3683
3703 2474
3704 3704
3704 650
3704 991
3704 1091
3704 2386
3704 2790
3705 3705
3705 3101
3705 3490
3705 1818
3705 3556
3705 3543
3706 3706
3706 3197
3706 767
3706 4050
3706 618
3706 753
3707 3707
3707 2271
3707 2463
3707 1128
3707 1353
3707 1404
3708 3708
3708 2695
3708 248
3708 2483
3708 2601
3708 2479
3709 3501
3709 3709
3709 104
3709 1454
3709 2159
3709 2705
3710 3282
3710 3710
3710 94
3710 1831
3710 3413
3710 343
3711 3711
3711 3520
3711 3031
3711 2402
3711 2645
3711 1262
3712 3712
3712 230
3712 345
3712 956
3712 2530
3712 62
3713 3713
3713 2464
3713 1013
3713 2342
3713 1754
3713 370
3714 3714
3714 104
3714 2357
3714 169
3714 2152
3714 3237
3715 3715
3715 2861
3715 3116
3715 3250
3715 87
3715 1323
3716 3716
3716 1039
3716 3533
3716 2447
3716 1759
3716 1046
3717 3717
3717 8
3717 294
3717 338
3717 387
3717 557
3718 3718
3718 1519
3718 2440
3718 3850
3718 3897
3718 130
3719 3719
3719 2252
3719 733
3719 851
3719 995
3719 1211
3720 3720
3720 354
3720 2808
3720 8
3720 294
3720 338
3721 1430
3721 3721
3721 1035
3721 1190
3721 8
3721 294
3722 3722
3722 273
3722 637
3722 893
3722 3322
3722 1115
3723 3723
3723 127
3723 533
3723 2152
3723 2687
3723 2994
3724 3724
3724 3779
3724 1279
3724 1342
3724 1849
3724 1786
3725 3725
3725 2121
3725 389
3725 2412
3725 1908
3725 150
3726 3726
3726 875
3726 1299
3726 1321
3726 2190
3726 8
3727 3727
3727 1321
3727 1661
3727 2189
3727 8
3727 294
3728 3728
3728 3033
3728 2887
3728 1475
3728 1211
3728 2180
3729 3729
3729 2707
3729 8
3729 134
3729 294
3729 338
3730 3730
3730 2514
3730 1377
3730 2504
3730 3245
3730 3643
3731 3731
3731 1843
3731 2767
3731 179
3731 62
3731 170
3732 3732
3732 2560
3732 3683
3732 1136
3732 1316
3732 1700
3733 3733
3733 881
3733 3028
3733 965
3733 248
3733 704
3734 3734
3734 2918
3734 41
3734 875
3734 1204
3734 1299
3735 3735
3735 944
3735 1271
3735 2380
3735 3285
3735 3885
3736 3736
3736 81
3736 875
3736 1299
3736 1474
3736 2190
3737 3737
3737 3626
3737 126
3737 875
3737 1299
3737 1634
3738 3738
3738 3168
3738 252
3738 1060
3738 161
3738 286
3739 3739
3739 1889
3739 2845
3739 1196
3739 48
3739 520
3740 3740
3740 1294
3740 2658
3740 248
3740 296
3740 882
3741 3741
3741 1465
3741 348
3741 1496
3741 2306
3741 2454
3742 3742
3742 2447
3742 2997
3742 849
3742 3394
3742 1039
3743 3743
3743 3264
3743 130
3743 1232
3743 3332
3743 1082
3744 3744
3744 2919
3744 2281
3744 1165
3744 2139
3744 8
3745 3745
3745 2194
3745 447
3745 3475
3745 4026
3745 1040
3746 3746
3746 1353
3746 1404
3746 1831
3746 1880
3746 2001
3747 801
3747 3747
3747 650
3747 991
3747 1289
3747 1392
3748 3748
3748 3848
3748 138
3748 1276
3748 2232
3748 1031
3749 3749
3749 1012
3749 1556
3749 288
3749 44
3749 248
3750 3750
3750 8
3750 294
3750 338
3750 387
3750 557
3751 3751
3751 3623
3751 2980
3751 3792
3751 3298
3751 1662
3752 3752
3752 8
3752 294
3752 338
3752 387
3752 557
3753 3753
3753 8
3753 294
3753 338
3753 387
3753 557
3754 3754
3754 731
3754 1153
3754 1215
3754 1688
3754 1889
3755 3755
3755 1831
3755 1136
3755 1316
3755 1700
3755 2556
3756 3756
3756 3393
3756 1353
3756 1404
3756 8
3756 294
3757 3757
3757 3802
3757 156
3757 1332
3757 1353
3757 1404
3758 3758
3758 2907
3758 3058
3758 3569
3758 3133
3758 3703
3759 3759
3759 312
3759 1496
3759 2454
3759 2612
3759 2914
3760 3760
3760 956
3760 1725
3760 2968
3760 1474
3760 134
3761 3761
3761 1496
3761 2308
3761 2454
3761 3320
3761 8
3762 839
3762 3762
3762 775
3762 179
3762 3021
3762 296
3763 3763
3763 179
3763 62
3763 296
3763 397
3763 533
3764 3764
3764 3477
3764 3014
3764 280
3764 2601
3764 2627
3765 3765
3765 3299
3765 92
3765 2914
3765 2991
3765 3085
3766 3766
3766 2671
3766 2123
3766 2104
3766 2623
3766 230
3767 3767
3767 3908
3767 169
3767 1443
3767 2385
3767 3193
3768 3768
3768 3
3768 3892
3768 2679
3768 343
3768 2252
3769 3769
3769 2210
3769 378
3769 2721
3769 2914
3769 2991
3770 3770
3770 2601
3770 1787
3770 1179
3770 7
3770 8
3771 3771
3771 1871
3771 3732
3771 1136
3771 1316
3771 1700
3772 3772
3772 2650
3772 296
3772 1889
3772 2887
3772 3763
3773 3773
3773 358
3773 858
3773 657
3773 1983
3773 2900
3774 3774
3774 8
3774 294
3774 338
3774 387
3774 557
3775 3775
3775 3199
3775 877
3775 3107
3775 402
3775 1097
3776 3776
3776 3178
3776 8
3776 294
3776 338
3776 387
3777 3777
3777 2152
3777 729
3777 1022
3777 2252
3777 319
3778 1898
3778 2937
3778 3778
3778 2406
3778 3937
3778 179
3779 3779
3779 3724
3779 65
3779 92
3779 186
3779 650
3780 3780
3780 1422
3780 3951
3780 2772
3780 3053
3780 699
3781 3781
3781 3502
3781 1277
3781 742
3781 788
3781 3769
3782 3782
3782 1970
3782 733
3782 851
3782 995
3782 1128
3783 3783
3783 829
3783 3980
3783 2953
3783 414
3783 1128
3784 3784
3784 8
3784 294
3784 338
3784 387
3784 557
3785 3785
3785 819
3785 1654
3785 906
3785 3396
3785 1237
3786 3786
3786 2305
3786 132
3786 572
3786 729
3786 2252
3787 3787
3787 2537
3787 111
3787 875
3787 1299
3787 1321
3788 3788
3788 1128
3788 2171
3788 2601
3788 286
3788 319
3789 3789
3789 2238
3789 497
3789 702
3789 468
3789 1393
3790 3790
3790 181
3790 1152
3790 1499
3790 243
3790 213
3791 3791
3791 1615
3791 1889
3791 2914
3791 2991
3791 8
3792 3792
3792 3623
3792 2980
3792 3751
3792 3298
3792 2678
3793 3793
3793 92
3793 157
3793 964
3793 3049
3793 3318
3794 3794
3794 2695
3794 428
3794 1353
3794 1357
3794 1404
3795 3795
3795 2661
3795 62
3795 92
3795 642
3795 650
3796 3796
3796 468
3796 1889
3796 8
3796 294
3796 338
3797 3797
3797 312
3797 1688
3797 2612
3797 8
3797 294
3798 3798
3798 1334
3798 8
3798 294
3798 338
3798 387
3799 3799
3799 239
3799 164
3799 3279
3799 230
3799 618
3800 116
3800 3800
3800 3934
3800 3056
3800 650
3800 991
3801 3801
3801 414
3801 729
3801 2252
3801 2713
3801 4051
3802 3802
3802 1353
3802 1404
3802 8
3802 294
3802 338
3803 3803
3803 3784
3803 2444
3803 2347
3803 2075
3803 1136
3804 3804
3804 1289
3804 1392
3804 1478
3804 3863
3804 1179
3805 3805
3805 2655
3805 875
3805 1299
3805 2154
3805 2190
3806 3806
3806 2909
3806 1936
3806 620
3806 161
3806 2537
3807 3807
3807 1178
3807 3702
3807 589
3807 1209
3807 1980
3808 3808
3808 3167
3808 2845
3808 875
3808 1299
3808 2190
3809 3809
3809 813
3809 104
3809 179
3809 248
3809 62
3810 1455
3810 3810
3810 420
3810 2075
3810 3422
3810 8
3811 3811
3811 1335
3811 157
3811 104
3811 208
3811 284
3812 3812
3812 1581
3812 1393
3812 1661
3812 1723
3812 1889
3813 3813
3813 3531
3813 58
3813 299
3813 2240
3813 3906
3814 3814
3814 3258
3814 8
3814 294
3814 338
3814 387
3815 3815
3815 3064
3815 3392
3815 2959
3815 1321
3815 3303
3816 3816
3816 394
3816 3253
3816 877
3816 3199
3816 739
3817 3817
3817 3537
3817 218
3817 1540
3817 281
3817 801
3818 3818
3818 3212
3818 230
3818 248
3818 561
3818 2800
3819 3819
3819 1667
3819 378
3819 569
3819 1211
3819 2180
3820 3820
3820 325
3820 2347
3820 691
3820 2832
3820 1136
3821 3821
3821 1202
3821 1516
3821 2188
3821 381
3821 517
3822 3822
3822 1586
3822 2112
3822 3574
3822 583
3822 1784
3823 3823
3823 1496
3823 2454
3823 2893
3823 3320
3823 8
3824 514
3824 3824
3824 2560
3824 3683
3824 1128
3824 8
3825 3825
3825 580
3825 650
3825 991
3825 8
3825 294
3826 3826
3826 3266
3826 2658
3826 92
3826 568
3826 650
3827 3827
3827 2234
3827 92
3827 402
3827 568
3827 650
3828 3828
3828 3173
3828 301
3828 3857
3828 1016
3828 2578
3829 8
3829 294
3829 338
3829 387
3829 557
3829 773
3830 3830
3830 171
3830 8
3830 294
3830 338
3830 387
3831 3831
3831 3415
3831 737
3831 3514
3831 2920
3831 1622
3832 3832
3832 381
3832 989
3832 1030
3832 1831
3832 2221
3833 1607
3833 3833
3833 179
3833 1443
3833 3193
3833 62
3834 3834
3834 2710
3834 3308
3834 4054
3834 310
3834 1022
3835 3835
3835 740
3835 875
3835 1299
3835 1831
3835 2190
3836 3836
3836 1017
3836 2272
3836 2845
3836 2858
3836 3178
3837 3837
3837 2483
3837 3231
3837 7
3837 8
3837 294
3838 3838
3838 1477
3838 1587
3838 1382
3838 2453
3838 3354
3839 3839
3839 8
3839 294
3839 338
3839 387
3839 557
3840 3840
3840 3359
3840 740
3840 3835
3840 3975
3840 363
3841 3841
3841 1698
3841 2585
3841 3971
3841 1303
3841 3543
3842 3842
3842 3716
3842 2447
3842 2279
3842 1039
3842 3533
3843 3843
3843 8
3843 294
3843 338
3843 387
3843 557
3844 3844
3844 875
3844 1299
3844 1634
3844 1786
3844 2190
3845 3845
3845 3195
3845 2667
3845 341
3845 325
3845 1128
3846 3846
3846 2927
3846 3312
3846 1456
3846 1982
3846 2204
3847 3847
3847 2977
3847 564
3847 2719
3847 1030
3847 208
3848 3848
3848 3748
3848 1276
3848 138
3848 2232
3848 1031
3849 3849
3849 593
3849 3113
3849 40
3849 1854
3849 575
3850 1519
3850 2440
3850 3850
3850 2914
3850 2991
3850 1179
3851 925
3851 3851
3851 81
3851 8
3851 294
3851 338
3852 3852
3852 2911
3852 3381
3852 739
3852 707
3852 1006
3853 3853
3853 65
3853 204
3853 2248
3853 3273
3853 179
3854 3854
3854 1466
3854 443
3854 1382
3854 1587
3854 4003
3855 3855
3855 2408
3855 2884
3855 1103
3855 3003
3855 414
3856 2665
3856 3856
3856 527
3856 663
3856 1289
3856 1392
3857 3857
3857 301
3857 550
3857 65
3857 1782
3857 1786
3858 3858
3858 2567
3858 231
3858 2837
3858 3529
3858 419
3859 3859
3859 1495
3859 2572
3859 2150
3859 2089
3859 2978
3860 3027
3860 3860
3860 8
3860 294
3860 338
3860 387
3861 3861
3861 325
3861 1128
3861 2104
3861 2171
3861 2914
3862 3862
3862 8
3862 294
3862 338
3862 343
3862 387
3863 3863
3863 319
3863 851
3863 1128
3863 3804
3863 1179
3864 8
3864 294
3864 338
3864 387
3864 557
3864 773
3865 3865
3865 1126
3865 1353
3865 1404
3865 2631
3865 3178
3866 3866
3866 422
3866 563
3866 3220
3866 3675
3866 173
3867 3867
3867 500
3867 3620
3867 2560
3867 3683
3867 1614
3868 3202
3868 3868
3868 2252
3868 732
3868 2560
3868 3292
3869 3869
3869 100
3869 1256
3869 109
3869 339
3869 1460
3870 3870
3870 3672
3870 161
3870 126
3870 363
3870 586
3871 3871
3871 402
3871 650
3871 731
3871 991
3871 8
3872 3872
3872 3925
3872 3966
3872 8
3872 294
3872 338
3873 3873
3873 3061
3873 3454
3873 1522
3873 2485
3873 3132
3874 3874
3874 2547
3874 3523
3874 344
3874 1530
3874 3188
3875 3875
3875 1496
3875 2454
3875 3320
3875 8
3875 294
3876 3876
3876 2587
3876 170
3876 761
3876 875
3876 1232
3877 3877
3877 375
3877 573
3877 3497
3877 4033
3877 363
3878 3878
3878 726
3878 2796
3878 91
3878 444
3878 93
3879 3879
3879 947
3879 358
3879 2704
3879 858
3879 1718
3880 3880
3880 989
3880 2221
3880 3303
3880 2496
3880 2958
3881 3881
3881 160
3881 3208
3881 2578
3881 1882
3881 1800
3882 3882
3882 3968
3882 2452
3882 624
3882 1989
3882 957
3883 3883
3883 3927
3883 2961
3883 1956
3883 1019
3883 2903
3884 3884
3884 2270
3884 2483
3884 7
3884 8
3884 294
3885 3885
3885 3285
3885 2133
3885 2985
3885 3978
3885 2631
3886 3886
3886 1716
3886 2152
3886 1519
3886 2440
3886 3850
3887 3887
3887 3562
3887 329
3887 3532
3887 2203
3887 3118
3888 3888
3888 1685
3888 546
3888 447
3888 3475
3888 4026
3889 3889
3889 48
3889 1567
3889 1153
3889 2210
3889 2537
3890 3890
3890 1411
3890 2284
3890 157
3890 1179
3890 8
3891 3891
3891 179
3891 62
3891 296
3891 397
3891 533
3892 3892
3892 2679
3892 3
3892 3768
3892 343
3892 2252
3893 3893
3893 2914
3893 2991
3893 3085
3893 3258
3893 8
3894 3894
3894 335
3894 1970
3894 378
3894 510
3894 586
3895 3895
3895 1935
3895 844
3895 1064
3895 884
3895 1467
3896 3080
3896 3896
3896 1136
3896 1316
3896 1700
3896 2556
3897 3897
3897 1179
3897 8
3897 294
3897 338
3897 387
3898 3898
3898 324
3898 650
3898 801
3898 991
3898 1289
3899 3899
3899 3119
3899 378
3899 1024
3899 2046
3899 2721
3900 3900
3900 1085
3900 1931
3900 3051
3900 650
3900 801
3901 3901
3901 1223
3901 1136
3901 1316
3901 1700
3901 2556
3902 3902
3902 2763
3902 551
3902 1165
3902 1211
3902 1460
3903 3903
3903 827
3903 163
3903 3893
3903 2152
3903 2713
3904 3904
3904 379
3904 3040
3904 3500
3904 335
3904 445
3905 3905
3905 1634
3905 286
3905 961
3905 1786
3905 3499
3906 3906
3906 58
3906 2240
3906 3531
3906 299
3906 1415
3907 3907
3907 114
3907 3763
3907 179
3907 1097
3907 3920
3908 3908
3908 3767
3908 169
3908 767
3908 4050
3908 1443
3909 3909
3909 3447
3909 3672
3909 3346
3909 2992
3909 1906
3910 963
3910 3910
3910 81
3910 875
3910 1299
3910 2190
3911 3911
3911 3382
3911 1064
3911 2836
3911 1301
3911 1628
3912 3912
3912 1250
3912 328
3912 833
3912 169
3912 186
3913 3913
3913 1353
3913 1404
3913 8
3913 294
3913 338
3914 3914
3914 378
3914 402
3914 2721
3914 3612
3914 8
3915 3915
3915 2892
3915 3103
3915 1831
3915 8
3915 294
3916 3916
3916 3588
3916 8
3916 294
3916 338
3916 387
3917 3917
3917 3668
3917 520
3917 3990
3917 370
3917 650
3918 3918
3918 3247
3918 2944
3918 179
3918 529
3918 3920
3919 3919
3919 50
3919 266
3919 989
3919 2221
3919 2496
3920 3920
3920 179
3920 62
3920 170
3920 296
3920 397
3921 3921
3921 1289
3921 1392
3921 1478
3921 1889
3921 3085
3922 3922
3922 2252
3922 1211
3922 1325
3922 2180
3922 2305
3923 3923
3923 220
3923 2282
3923 2457
3923 2175
3923 1503
3924 3924
3924 1226
3924 2086
3924 3803
3924 2329
3924 2601
3925 3925
3925 3872
3925 1353
3925 1404
3925 3966
3925 8
3926 3926
3926 92
3926 538
3926 650
3926 875
3926 918
3927 3927
3927 3883
3927 2755
3927 319
3927 104
3927 583
3928 3928
3928 3651
3928 1095
3928 588
3928 4005
3928 3637
3929 3929
3929 1061
3929 3242
3929 3178
3929 3662
3929 586
3930 3930
3930 412
3930 727
3930 1630
3930 3266
3930 3826
3931 3931
3931 3541
3931 8
3931 294
3931 338
3931 387
3932 3932
3932 1210
3932 1767
3932 2004
3932 2295
3932 3308
3933 3933
3933 2188
3933 989
3933 1353
3933 1404
3933 1889
3934 116
3934 3800
3934 3934
3934 3056
3934 650
3934 991
3935 3935
3935 2360
3935 2215
3935 3675
3935 188
3935 876
3936 3936
3936 8
3936 294
3936 338
3936 387
3936 557
3937 3937
3937 8
3937 179
3937 294
3937 338
3937 387
3938 3938
3938 2046
3938 3049
3938 3671
3938 8
3938 294
3939 3939
3939 1003
3939 119
3939 345
3939 1479
3939 230
3940 3940
3940 2001
3940 2685
3940 8
3940 294
3940 338
3941 3941
3941 1972
3941 2601
3941 3872
3941 157
3941 1393
3942 3942
3942 1393
3942 1889
3942 1179
3942 8
3942 175
3943 3943
3943 602
3943 3646
3943 414
3943 1393
3943 2191
3944 3944
3944 875
3944 1299
3944 2190
3944 2914
3944 2991
3945 3945
3945 428
3945 9
3945 568
3945 650
3945 991
3946 3568
3946 3946
3946 8
3946 294
3946 338
3946 387
3947 3947
3947 8
3947 294
3947 338
3947 387
3947 557
3948 3948
3948 3692
3948 3694
3948 3920
3948 3040
3948 179
3949 3949
3949 2601
3949 312
3949 468
3949 989
3949 1047
3950 3950
3950 205
3950 2013
3950 3126
3950 3306
3950 638
3951 3951
3951 3780
3951 1422
3951 109
3951 111
3951 1047
3952 3952
3952 442
3952 1030
3952 1353
3952 1404
3952 1634
3953 3953
3953 8
3953 294
3953 338
3953 387
3953 557
3954 2229
3954 3954
3954 733
3954 995
3954 2810
3954 3215
3955 3955
3955 1601
3955 1227
3955 3069
3955 2844
3955 3962
3956 3956
3956 106
3956 3385
3956 490
3956 538
3956 788
3957 3957
3957 704
3957 1197
3957 2252
3957 325
3957 1211
3958 3958
3958 1661
3958 8
3958 294
3958 338
3958 387
3959 3959
3959 475
3959 1153
3959 1456
3959 2927
3959 2772
3960 3960
3960 1313
3960 260
3960 2292
3960 3294
3960 161
3961 3961
3961 2097
3961 3188
3961 438
3961 847
3961 1292
3962 3962
3962 2252
3962 1211
3962 1325
3962 2180
3962 2305
3963 3963
3963 2316
3963 744
3963 3137
3963 3775
3963 1918
3964 3964
3964 593
3964 575
3964 959
3964 1393
3964 1889
3965 527
3965 3965
3965 8
3965 294
3965 338
3965 387
3966 3966
3966 8
3966 294
3966 338
3966 387
3966 557
3967 3967
3967 3056
3967 3113
3967 402
3967 650
3967 801
3968 3968
3968 3348
3968 2027
3968 3119
3968 3258
3968 3543
3969 3969
3969 974
3969 625
3969 374
3969 1988
3969 1682
3970 3970
3970 8
3970 294
3970 338
3970 343
3970 387
3971 3971
3971 2442
3971 1698
3971 1303
3971 882
3971 378
3972 3972
3972 3637
3972 888
3972 3229
3972 636
3972 2049
3973 3973
3973 3468
3973 1720
3973 296
3973 2248
3973 1843
3974 3974
3974 497
3974 125
3974 468
3974 527
3974 1785
3975 3975
3975 650
3975 991
3975 3674
3975 8
3975 294
3976 3976
3976 3232
3976 925
3976 3851
3976 81
3976 822
3977 3977
3977 731
3977 8
3977 294
3977 338
3977 387
3978 3978
3978 8
3978 294
3978 338
3978 387
3978 520
3979 3979
3979 1006
3979 1952
3979 769
3979 1456
3979 1496
3980 3980
3980 3783
3980 414
3980 2953
3980 576
3980 1752
3981 3981
3981 2601
3981 2627
3981 3057
3981 319
3981 851
3982 3982
3982 507
3982 3055
3982 2820
3982 2708
3982 1850
3983 3983
3983 244
3983 267
3983 65
3983 179
3983 875
3984 3984
3984 8
3984 134
3984 294
3984 338
3984 387
3985 3985
3985 2186
3985 1772
3985 2499
3985 3898
3985 2135
3986 3986
3986 2824
3986 1223
3986 961
3986 281
3986 1122
3987 3987
3987 992
3987 3363
3987 92
3987 1460
3987 1786
3988 3988
3988 2305
3988 1980
3988 2252
3988 2883
3988 370
3989 3989
3989 2142
3989 248
3989 428
3989 954
3989 2414
3990 3990
3990 370
3990 650
3990 991
3990 8
3990 294
3991 3991
3991 2864
3991 1970
3991 202
3991 733
3991 995
3992 3992
3992 2688
3992 2446
3992 1222
3992 157
3992 3462
3993 3993
3993 2544
3993 3763
3993 3937
3993 8
3993 179
3994 2317
3994 2923
3994 3994
3994 609
3994 875
3994 1299
3995 3995
3995 931
3995 2674
3995 493
3995 1040
3995 28
3996 3996
3996 2897
3996 1353
3996 1404
3996 3178
3996 3674
3997 3997
3997 170
3997 1211
3997 1289
3997 1392
3997 1478
3998 3998
3998 81
3998 1571
3998 3763
3998 179
3998 230
3999 3999
3999 1421
3999 132
3999 2252
3999 1211
3999 1325
4000 4000
4000 175
4000 3049
4000 248
4000 689
4000 924
4001 4001
4001 3680
4001 71
4001 3162
4001 2115
4001 92
4002 4002
4002 356
4002 1466
4002 736
4002 392
4002 2820
4003 4003
4003 2494
4003 179
4003 1635
4003 3645
4003 62
4004 4004
4004 1289
4004 1392
4004 1478
4004 2777
4004 8
4005 4005
4005 3410
4005 588
4005 36
4005 1107
4005 1711
4006 4006
4006 130
4006 4033
4006 1667
4006 1435
4006 2292
4007 4007
4007 1380
4007 1871
4007 2067
4007 230
4007 248
4008 4008
4008 3135
4008 1303
4008 1472
4008 1733
4008 3040
4009 4009
4009 3247
4009 179
4009 296
4009 692
4009 397
4010 4010
4010 875
4010 1299
4010 2190
4010 3455
4010 8
4011 4011
4011 322
4011 687
4011 2330
4011 565
4011 3521
4012 4012
4012 2369
4012 1153
4012 3295
4012 1522
4012 2210
4013 4013
4013 405
4013 3346
4013 3602
4013 2210
4013 3119
4014 2004
4014 4014
4014 704
4014 2252
4014 3077
4014 3122
4015 4015
4015 332
4015 261
4015 378
4015 580
4015 758
4016 4016
4016 1625
4016 3217
4016 1966
4016 3925
4016 1289
4017 4017
4017 2361
4017 2601
4017 92
4017 650
4017 991
4018 4018
4018 3113
4018 3825
4018 580
4018 650
4018 801
4019 4019
4019 2496
4019 2958
4019 989
4019 2221
4019 3131
4020 4020
4020 1289
4020 1392
4020 1478
4020 2876
4020 8
4021 4021
4021 3517
4021 281
4021 568
4021 650
4021 801
4022 4022
4022 778
4022 2879
4022 3638
4022 62
4022 179
4023 4023
4023 527
4023 2544
4023 2779
4023 3965
4023 8
4024 4024
4024 1583
4024 1501
4024 223
4024 2189
4024 658
4025 4025
4025 851
4025 2152
4025 3719
4025 704
4025 729
4026 4026
4026 447
4026 3475
4026 2194
4026 3745
4026 1040
4027 4027
4027 953
4027 3461
4027 1337
4027 689
4027 3156
4028 4028
4028 1238
4028 551
4028 1165
4028 2139
4028 1179
4029 4029
4029 3617
4029 767
4029 4050
4029 2496
4029 2958
4030 4030
4030 2129
4030 715
4030 1584
4030 422
4030 1215
4031 4031
4031 3731
4031 1843
4031 179
4031 230
4031 954
4032 4032
4032 3056
4032 650
4032 991
4032 2846
4032 8
4033 4033
4033 3497
4033 1435
4033 573
4033 375
4033 3877
4034 4034
4034 1314
4034 3358
4034 2669
4034 1929
4034 2575
4035 4035
4035 3259
4035 1304
4035 1372
4035 1786
4035 3268
4036 4036
4036 1289
4036 1392
4036 1478
4036 2631
4036 8
4037 4037
4037 1496
4037 2454
4037 3320
4037 3753
4037 8
4038 4038
4038 8
4038 294
4038 338
4038 387
4038 557
4039 4039
4039 208
4039 987
4039 157
4039 1496
4039 2352
4040 4040
4040 1917
4040 3122
4040 370
4040 650
4040 991
4041 4041
4041 642
4041 1496
4041 2454
4041 3320
4041 8
4042 4042
4042 2866
4042 748
4042 509
4042 1395
4042 1766
4043 4043
4043 3491
4043 1839
4043 3893
4043 60
4043 569
4044 3337
4044 4044
4044 255
4044 1922
4044 179
4044 1443
4045 4045
4045 3159
4045 2389
4045 168
4045 3074
4045 875
4046 4046
4046 2090
4046 883
4046 468
4046 1179
4046 2355
4047 4047
4047 1893
4047 2378
4047 3654
4047 3679
4047 414
4048 4048
4048 1166
4048 1786
4048 3925
4048 65
4048 624
4049 2867
4049 4049
4049 1197
4049 1289
4049 1392
4049 1478
4050 767
4050 4050
4050 2496
4050 2958
4050 989
4050 2221
4051 4051
4051 2252
4051 1211
4051 1325
4051 2180
4051 2305
4052 4052
4052 801
4052 3747
4052 650
4052 991
4052 1289
4053 4053
4053 276
4053 402
4053 1353
4053 1404
4053 2406
4054 4054
4054 310
4054 1022
4054 2252
4054 2710
4054 1211
4055 4055
4055 2202
4055 245
4055 1286
4055 3007
4055 2152
4056 4056
4056 2914
4056 2991
4056 8
4056 294
4056 338
